-- --------------------------------------------------------
-- Host:                         localhost
-- Server version:               10.4.28-MariaDB - mariadb.org binary distribution
-- Server OS:                    Win64
-- HeidiSQL Version:             12.20.0.7320
-- --------------------------------------------------------

/*!40101 SET @OLD_CHARACTER_SET_CLIENT=@@CHARACTER_SET_CLIENT */;
/*!40101 SET NAMES utf8 */;
/*!50503 SET NAMES utf8mb4 */;
/*!40103 SET @OLD_TIME_ZONE=@@TIME_ZONE */;
/*!40103 SET TIME_ZONE='+00:00' */;
/*!40014 SET @OLD_FOREIGN_KEY_CHECKS=@@FOREIGN_KEY_CHECKS, FOREIGN_KEY_CHECKS=0 */;
/*!40101 SET @OLD_SQL_MODE=@@SQL_MODE, SQL_MODE='NO_AUTO_VALUE_ON_ZERO' */;
/*!40111 SET @OLD_SQL_NOTES=@@SQL_NOTES, SQL_NOTES=0 */;

-- Dumping structure for table crm.co.id.account
CREATE TABLE IF NOT EXISTS `account` (
  `id` int(9) NOT NULL AUTO_INCREMENT,
  `id_user` int(9) NOT NULL DEFAULT 0,
  `company` varchar(250) NOT NULL DEFAULT '',
  `address` text NOT NULL,
  `key` varchar(50) NOT NULL DEFAULT '',
  `uniqueMachineID` text NOT NULL,
  `start_date` date NOT NULL DEFAULT '2020-01-01',
  `expired_date` date NOT NULL DEFAULT '2030-01-01',
  `input_date` datetime NOT NULL DEFAULT '2020-01-01 00:00:00',
  `update_date` datetime NOT NULL DEFAULT '2020-01-01 00:00:00',
  PRIMARY KEY (`id`)
) ENGINE=InnoDB AUTO_INCREMENT=2 DEFAULT CHARSET=latin1 COLLATE=latin1_swedish_ci;

-- Dumping data for table crm.co.id.account: ~0 rows (approximately)
INSERT INTO `account` (`id`, `id_user`, `company`, `address`, `key`, `uniqueMachineID`, `start_date`, `expired_date`, `input_date`, `update_date`) VALUES
	(1, 1, 'Akumatik', 'Address2', 'Key CRM', 'Machine ID', '2020-01-24', '2030-03-15', '2020-01-01 00:00:00', '2020-01-01 00:00:00');

-- Dumping structure for table crm.co.id.crm3_activity
CREATE TABLE IF NOT EXISTS `crm3_activity` (
  `id` int(11) NOT NULL AUTO_INCREMENT,
  `id_person` int(11) NOT NULL DEFAULT 0,
  `id_module` int(11) NOT NULL DEFAULT 0,
  `id_company` int(11) NOT NULL DEFAULT 0,
  `id_opportunity` int(11) NOT NULL DEFAULT 0,
  `id_activity_type` int(11) NOT NULL DEFAULT 1,
  `id_user` int(6) NOT NULL DEFAULT 0,
  `event` int(1) NOT NULL DEFAULT 0,
  `due_date` datetime NOT NULL DEFAULT '2020-01-01 00:00:00',
  `closed_date` datetime NOT NULL DEFAULT '2020-01-01 00:00:00',
  `closed` int(2) NOT NULL DEFAULT 0,
  `subject` varchar(250) NOT NULL DEFAULT '',
  `start_date` date NOT NULL DEFAULT '2020-01-01',
  `start_time` time NOT NULL DEFAULT '00:00:00',
  `end_date` date NOT NULL DEFAULT '2020-01-01',
  `end_time` time NOT NULL DEFAULT '00:00:00',
  `id_priority` int(3) NOT NULL DEFAULT 0,
  `description` text NOT NULL,
  `comment` text NOT NULL,
  `amount` float(10,0) NOT NULL DEFAULT 0,
  `checkIn_datetime` datetime NOT NULL DEFAULT '2020-01-01 00:00:00',
  `checkIn_lat` varchar(50) NOT NULL DEFAULT '0',
  `checkIn_long` varchar(50) NOT NULL DEFAULT '0',
  `checkIn_note` varchar(250) NOT NULL DEFAULT '',
  `checkIn_by` int(9) NOT NULL DEFAULT 0,
  `checkOut_datetime` datetime NOT NULL DEFAULT '2020-01-01 00:00:00',
  `checkOut_lat` varchar(50) NOT NULL DEFAULT '0',
  `checkOut_long` varchar(50) NOT NULL DEFAULT '0',
  `checkOut_note` varchar(250) NOT NULL DEFAULT '',
  `checkOut_by` int(9) NOT NULL DEFAULT 0,
  `log` text NOT NULL,
  `status` int(1) NOT NULL DEFAULT 1,
  `presence` int(1) NOT NULL DEFAULT 1,
  `input_date` datetime NOT NULL DEFAULT '2020-01-01 00:00:00',
  `input_by` int(11) NOT NULL DEFAULT 0,
  `update_date` datetime NOT NULL DEFAULT '2020-01-01 00:00:00',
  `update_by` int(11) NOT NULL DEFAULT 0,
  PRIMARY KEY (`id`)
) ENGINE=InnoDB AUTO_INCREMENT=286 DEFAULT CHARSET=latin1 COLLATE=latin1_swedish_ci;

-- Dumping data for table crm.co.id.crm3_activity: ~284 rows (approximately)
INSERT INTO `crm3_activity` (`id`, `id_person`, `id_module`, `id_company`, `id_opportunity`, `id_activity_type`, `id_user`, `event`, `due_date`, `closed_date`, `closed`, `subject`, `start_date`, `start_time`, `end_date`, `end_time`, `id_priority`, `description`, `comment`, `amount`, `checkIn_datetime`, `checkIn_lat`, `checkIn_long`, `checkIn_note`, `checkIn_by`, `checkOut_datetime`, `checkOut_lat`, `checkOut_long`, `checkOut_note`, `checkOut_by`, `log`, `status`, `presence`, `input_date`, `input_by`, `update_date`, `update_by`) VALUES
	(1, 1038, 200, 0, 0, 100, 1, 0, '2020-01-01 00:00:00', '2020-01-01 00:00:00', 1, 'Call Leads', '2020-03-05', '00:00:00', '2020-03-05', '00:00:00', 0, 'Perkenalan terhadap Leads dan cari tahu apakah prospect atau tidak', '', 0, '2020-01-01 00:00:00', '0', '0', '', 0, '2020-01-01 00:00:00', '0', '0', '', 0, 'Created by Edo Suhendra', 1, 1, '2020-03-05 17:57:12', 1, '2020-03-05 17:57:12', 0),
	(2, 1038, 200, 0, 0, 1, 103, 0, '2020-01-01 00:00:00', '2020-01-01 00:00:00', 1, 'Tolong Kerjakan Presentasi nya', '2020-03-07', '00:00:00', '2020-03-07', '00:00:00', 0, 'Tlong kerjakan presentasi nya buat Senen meeting.', '', 0, '2020-01-01 00:00:00', '0', '0', '', 0, '2020-01-01 00:00:00', '0', '0', '', 0, 'Created by Edo Suhendra', 1, 1, '2020-03-07 13:14:31', 1, '2020-03-07 13:21:06', 1),
	(3, 1038, 200, 0, 0, 200, 103, 0, '2020-01-01 00:00:00', '2020-01-01 00:00:00', 1, 'Perlu datang ke kantor customer', '2020-03-12', '11:00:00', '2020-03-13', '14:00:00', 0, 'Tadi customer WA saya minta datnang ke kantor mereka karena perlu ketemu dengna Direktur mereka', '', 100000, '2020-01-01 00:00:00', '0', '0', '', 0, '2020-01-01 00:00:00', '0', '0', '', 0, 'Created by Edo Suhendra', 1, 1, '2020-03-07 13:24:28', 1, '2020-03-07 13:33:25', 103),
	(4, 1038, 200, 0, 0, 300, 103, 0, '2020-01-01 00:00:00', '2020-01-01 00:00:00', 1, 'Seminar Marketing', '2020-03-24', '11:00:00', '2020-03-24', '14:00:00', 0, 'Perlu datang ke senimar customer', '', 500000, '2020-01-01 00:00:00', '0', '0', '', 0, '2020-01-01 00:00:00', '0', '0', '', 0, 'Created by Edo Suhendra', 1, 1, '2020-03-07 13:26:21', 1, '2020-03-07 13:34:22', 103),
	(5, 1038, 200, 0, 0, 400, 103, 0, '2020-01-01 00:00:00', '2020-01-01 00:00:00', 1, 'Tadi customer ada WA temen', '2020-03-24', '11:00:00', '2020-03-24', '14:00:00', 0, 'Temen yang kebetulan kenal pak David Beckam bilang perusahaan nya lagi cari software tapi harga sangant penting. Tolong di perhatiakan akan hal ini', '', 0, '2020-01-01 00:00:00', '0', '0', '', 0, '2020-01-01 00:00:00', '0', '0', '', 0, 'Created by Edo Suhendra', 1, 1, '2020-03-07 13:27:38', 1, '2020-03-07 13:27:38', 0),
	(6, 1038, 200, 0, 0, 100, 1, 0, '2020-01-01 00:00:00', '2020-01-01 00:00:00', 1, 'Telpon customer meetring conference', '2020-03-07', '00:00:00', '2020-03-07', '00:00:00', 0, 'Tadi telpon customer dan dinyatakan mereka butuh product nya sudah jelas maka saya kana tambahakn di produk leads ini Thanks.', '', 0, '2020-01-01 00:00:00', '0', '0', '', 0, '2020-01-01 00:00:00', '0', '0', '', 0, 'Created by Edo Suhendra', 1, 1, '2020-03-07 13:36:45', 1, '2020-03-07 13:36:45', 0),
	(7, 87, 500, 145, 170, 100, 1, 0, '2020-01-01 00:00:00', '2020-01-01 00:00:00', 1, 'Telpon customer meetring conference', '2020-03-07', '00:00:00', '2020-03-07', '00:00:00', 0, 'Tadi telpon customer dan dinyatakan mereka butuh product nya sudah jelas maka saya kana tambahakn di produk leads ini Thanks.', '', 0, '2020-01-01 00:00:00', '0', '0', '', 0, '2020-01-01 00:00:00', '0', '0', '', 0, '', 1, 1, '2020-01-01 00:00:00', 0, '2020-03-07 13:36:45', 0),
	(8, 87, 500, 145, 170, 400, 103, 0, '2020-01-01 00:00:00', '2020-01-01 00:00:00', 1, 'Tadi customer ada WA temen', '2020-03-24', '00:00:00', '2020-03-24', '14:00:00', 0, 'Temen yang kebetulan kenal pak David Beckam bilang perusahaan nya lagi cari software tapi harga sangant penting. Tolong di perhatiakan akan hal ini', '', 0, '2020-01-01 00:00:00', '0', '0', '', 0, '2020-01-01 00:00:00', '0', '0', '', 0, '', 1, 1, '2020-01-01 00:00:00', 0, '2020-03-07 13:27:38', 0),
	(9, 87, 500, 145, 170, 300, 103, 0, '2020-01-01 00:00:00', '2020-01-01 00:00:00', 1, 'Seminar Marketing', '2020-03-24', '00:00:00', '2020-03-24', '14:00:00', 0, 'Perlu datang ke senimar customer', '', 500000, '2020-01-01 00:00:00', '0', '0', '', 0, '2020-01-01 00:00:00', '0', '0', '', 0, '', 1, 1, '2020-01-01 00:00:00', 0, '2020-03-07 13:34:22', 0),
	(10, 87, 500, 145, 170, 200, 103, 0, '2020-01-01 00:00:00', '2020-01-01 00:00:00', 1, 'Perlu datang ke kantor customer', '2020-03-12', '00:00:00', '2020-03-13', '14:00:00', 0, 'Tadi customer WA saya minta datnang ke kantor mereka karena perlu ketemu dengna Direktur mereka', '', 100000, '2020-01-01 00:00:00', '0', '0', '', 0, '2020-01-01 00:00:00', '0', '0', '', 0, '', 1, 1, '2020-01-01 00:00:00', 0, '2020-03-07 13:33:25', 0),
	(11, 87, 500, 145, 170, 1, 103, 0, '2020-01-01 00:00:00', '2020-01-01 00:00:00', 1, 'Tolong Kerjakan Presentasi nya', '2020-03-07', '00:00:00', '2020-03-07', '00:00:00', 0, 'Tlong kerjakan presentasi nya buat Senen meeting.', '', 0, '2020-01-01 00:00:00', '0', '0', '', 0, '2020-01-01 00:00:00', '0', '0', '', 0, '', 1, 1, '2020-01-01 00:00:00', 0, '2020-03-07 13:21:06', 0),
	(12, 87, 500, 145, 170, 100, 1, 0, '2020-01-01 00:00:00', '2020-01-01 00:00:00', 1, 'Call Leads', '2020-03-05', '00:00:00', '2020-03-05', '00:00:00', 0, 'Perkenalan terhadap Leads dan cari tahu apakah prospect atau tidak', '', 0, '2020-01-01 00:00:00', '0', '0', '', 0, '2020-01-01 00:00:00', '0', '0', '', 0, '', 1, 1, '2020-01-01 00:00:00', 0, '2020-03-05 17:57:12', 0),
	(13, 89, 500, 145, 170, 100, 1, 0, '2020-01-01 00:00:00', '2020-01-01 00:00:00', 1, 'Tadi ada call ke customer', '2020-03-07', '00:00:00', '2020-03-07', '00:00:00', 0, 'Bialng in di harga jelas nya bagaimana', '', 0, '2020-01-01 00:00:00', '0', '0', '', 0, '2020-01-01 00:00:00', '0', '0', '', 0, 'Created by Edo Suhendra', 1, 1, '2020-03-07 14:28:04', 1, '2020-03-07 14:28:04', 0),
	(14, 1039, 200, 0, 0, 100, 103, 0, '2020-01-01 00:00:00', '2020-01-01 00:00:00', 1, 'Call Out 09 Mar 2020', '2020-03-09', '00:00:00', '2020-03-09', '00:00:00', 0, 'Bapaknya sudah pakai accurate dan kedepannya kemungkinan ada plan untuk pakai ERP tapi belum tahu timeframenya kapan.', '', 0, '2020-01-01 00:00:00', '0', '0', '', 0, '2020-01-01 00:00:00', '0', '0', '', 0, 'Created by Anggie Thinktank', 1, 1, '2020-03-09 09:22:38', 103, '2020-03-09 09:22:38', 0),
	(15, 1039, 200, 0, 0, 1, 103, 0, '2020-01-01 00:00:00', '2020-01-01 00:00:00', 1, 'Coba call lagi untuk set meeting', '2020-03-09', '00:00:00', '2020-03-09', '00:00:00', 0, 'Call lagi bapaknya barangkali bisa diset meeting', '', 0, '2020-01-01 00:00:00', '0', '0', '', 0, '2020-01-01 00:00:00', '0', '0', '', 0, 'Created by Anggie Thinktank', 1, 1, '2020-03-09 09:23:20', 103, '2020-03-09 09:26:51', 103),
	(16, 1039, 200, 0, 0, 200, 103, 0, '2020-01-01 00:00:00', '2020-01-01 00:00:00', 1, 'Set meeting', '2020-03-09', '09:00:00', '2020-03-09', '09:20:00', 0, 'Set meeting presentasi dan demo general', '', 500000000, '2020-01-01 00:00:00', '0', '0', '', 0, '2020-01-01 00:00:00', '0', '0', '', 0, 'Created by Anggie Thinktank', 1, 1, '2020-03-09 09:26:44', 103, '2020-03-09 09:27:01', 103),
	(17, 90, 500, 146, 171, 200, 103, 0, '2020-01-01 00:00:00', '2020-01-01 00:00:00', 1, 'Set meeting', '2020-03-09', '00:00:00', '2020-03-09', '09:20:00', 0, 'Set meeting presentasi dan demo general', '', 500000000, '2020-01-01 00:00:00', '0', '0', '', 0, '2020-01-01 00:00:00', '0', '0', '', 0, '', 1, 1, '2020-01-01 00:00:00', 0, '2020-03-09 09:27:01', 0),
	(18, 90, 500, 146, 171, 1, 103, 0, '2020-01-01 00:00:00', '2020-01-01 00:00:00', 1, 'Coba call lagi untuk set meeting', '2020-03-09', '00:00:00', '2020-03-09', '00:00:00', 0, 'Call lagi bapaknya barangkali bisa diset meeting', '', 0, '2020-01-01 00:00:00', '0', '0', '', 0, '2020-01-01 00:00:00', '0', '0', '', 0, '', 1, 1, '2020-01-01 00:00:00', 0, '2020-03-09 09:26:51', 0),
	(19, 90, 500, 146, 171, 100, 103, 0, '2020-01-01 00:00:00', '2020-01-01 00:00:00', 1, 'Call Out 09 Mar 2020', '2020-03-09', '00:00:00', '2020-03-09', '00:00:00', 0, 'Bapaknya sudah pakai accurate dan kedepannya kemungkinan ada plan untuk pakai ERP tapi belum tahu timeframenya kapan.', '', 0, '2020-01-01 00:00:00', '0', '0', '', 0, '2020-01-01 00:00:00', '0', '0', '', 0, '', 1, 1, '2020-01-01 00:00:00', 0, '2020-03-09 09:22:38', 0),
	(20, 1040, 200, 0, 0, 100, 103, 0, '2020-01-01 00:00:00', '2020-01-01 00:00:00', 1, 'First call', '2020-03-09', '00:00:00', '2020-03-09', '00:00:00', 0, 'Sedang ada kebutuhan untuk CRM coba kirim informasinya dulu', '', 0, '2020-01-01 00:00:00', '0', '0', '', 0, '2020-01-01 00:00:00', '0', '0', '', 0, 'Created by Anggie Thinktank', 1, 1, '2020-03-09 09:47:59', 103, '2020-03-09 09:47:59', 0),
	(21, 1040, 200, 0, 0, 1, 103, 0, '2020-01-01 00:00:00', '2020-01-01 00:00:00', 1, 'Set meeting', '2020-03-09', '00:00:00', '2020-03-09', '00:00:00', 0, 'Coba set meeting untuk presentasi dan demo general CRM', '', 0, '2020-01-01 00:00:00', '0', '0', '', 0, '2020-01-01 00:00:00', '0', '0', '', 0, 'Created by Anggie Thinktank', 1, 1, '2020-03-09 09:48:50', 103, '2020-03-09 09:49:26', 103),
	(22, 1040, 200, 0, 0, 200, 103, 0, '2020-01-01 00:00:00', '2020-01-01 00:00:00', 0, 'Set meeting untuk CRM', '2020-03-09', '00:00:00', '2020-03-09', '00:00:00', 0, 'Set meeting untuk CRM', '', 50000000, '2020-01-01 00:00:00', '0', '0', '', 0, '2020-01-01 00:00:00', '0', '0', '', 0, 'Created by Anggie Thinktank', 1, 1, '2020-03-09 09:49:18', 103, '2020-03-09 09:49:18', 0),
	(23, 91, 500, 147, 172, 200, 103, 0, '2020-01-01 00:00:00', '2020-01-01 00:00:00', 1, 'Set meeting untuk CRM', '2020-03-09', '00:00:00', '2020-03-09', '00:00:00', 0, 'Set meeting untuk CRM', '', 50000000, '2020-01-01 00:00:00', '0', '0', '', 0, '2020-01-01 00:00:00', '0', '0', '', 0, '', 1, 1, '2020-01-01 00:00:00', 0, '2020-03-09 09:50:41', 103),
	(24, 91, 500, 147, 172, 1, 103, 0, '2020-01-01 00:00:00', '2020-01-01 00:00:00', 1, 'Set meeting', '2020-03-09', '00:00:00', '2020-03-09', '00:00:00', 0, 'Coba set meeting untuk presentasi dan demo general CRM', '', 0, '2020-01-01 00:00:00', '0', '0', '', 0, '2020-01-01 00:00:00', '0', '0', '', 0, '', 1, 1, '2020-01-01 00:00:00', 0, '2020-03-09 09:49:26', 0),
	(25, 91, 500, 147, 172, 100, 103, 0, '2020-01-01 00:00:00', '2020-01-01 00:00:00', 1, 'First call', '2020-03-09', '00:00:00', '2020-03-09', '00:00:00', 0, 'Sedang ada kebutuhan untuk CRM coba kirim informasinya dulu', '', 0, '2020-01-01 00:00:00', '0', '0', '', 0, '2020-01-01 00:00:00', '0', '0', '', 0, '', 1, 1, '2020-01-01 00:00:00', 0, '2020-03-09 09:47:59', 0),
	(26, 1041, 200, 0, 0, 100, 1, 0, '2020-01-01 00:00:00', '2020-01-01 00:00:00', 1, 'Call Introduction', '2020-03-11', '00:00:00', '2020-03-11', '00:00:00', 0, 'Call to Introduction', '', 0, '2020-01-01 00:00:00', '0', '0', '', 0, '2020-01-01 00:00:00', '0', '0', '', 0, 'Created by Edo Suhendra', 1, 1, '2020-03-11 13:51:15', 1, '2020-03-11 13:51:15', 0),
	(27, 92, 400, 148, 0, 100, 1, 0, '2020-01-01 00:00:00', '2020-01-01 00:00:00', 1, 'Call Introduction', '2020-03-11', '00:00:00', '2020-03-11', '00:00:00', 0, 'Call to Introduction', '', 0, '2020-01-01 00:00:00', '0', '0', '', 0, '2020-01-01 00:00:00', '0', '0', '', 0, '', 1, 1, '2020-01-01 00:00:00', 0, '2020-03-11 13:51:15', 0),
	(28, 1042, 200, 0, 0, 100, 1, 0, '2020-01-01 00:00:00', '2020-01-01 00:00:00', 1, 'Sudah Call Introduction', '2020-03-11', '00:00:00', '2020-03-11', '00:00:00', 0, 'Sudah di call Introduction', '', 0, '2020-01-01 00:00:00', '0', '0', '', 0, '2020-01-01 00:00:00', '0', '0', '', 0, 'Created by Edo Suhendra', 1, 1, '2020-03-11 14:05:56', 1, '2020-03-11 14:05:56', 0),
	(29, 1042, 200, 0, 0, 1, 1, 0, '2020-01-01 00:00:00', '2020-01-01 00:00:00', 0, 'Tolong di test', '2020-03-11', '00:00:00', '2020-03-11', '00:00:00', 0, 'Tolrong di test', '', 0, '2020-01-01 00:00:00', '0', '0', '', 0, '2020-01-01 00:00:00', '0', '0', '', 0, 'Created by Edo Suhendra', 1, 1, '2020-03-11 14:06:11', 1, '2020-03-11 14:06:11', 0),
	(30, 1042, 200, 0, 0, 200, 1, 0, '2020-01-01 00:00:00', '2020-01-01 00:00:00', 1, 'Harus Datang', '2020-03-14', '00:00:00', '2020-03-14', '14:00:00', 0, '', 'Batal datang', 0, '2020-01-01 00:00:00', '0', '0', '', 0, '2020-01-01 00:00:00', '0', '0', '', 0, 'Created by Edo Suhendra', 1, 1, '2020-03-11 14:06:34', 1, '2020-05-28 18:39:06', 1),
	(31, 1042, 200, 0, 0, 300, 1, 0, '2020-01-01 00:00:00', '2020-01-01 00:00:00', 0, 'Seminar', '2020-03-17', '00:00:00', '2020-03-17', '14:00:00', 0, '', '', 200000, '2020-01-01 00:00:00', '0', '0', '', 0, '2020-01-01 00:00:00', '0', '0', '', 0, 'Created by Edo Suhendra', 1, 1, '2020-03-11 14:07:34', 1, '2020-03-11 14:07:34', 0),
	(32, 1043, 200, 0, 0, 100, 104, 0, '2020-01-01 00:00:00', '2020-01-01 00:00:00', 1, 'Telp call introduction', '2020-03-11', '00:00:00', '2020-03-11', '00:00:00', 0, 'Telp call introduction dari jam berapa sampai jam berapa. Kira kira nya di update hasil nya buat meeting.', '', 0, '2020-01-01 00:00:00', '0', '0', '', 0, '2020-01-01 00:00:00', '0', '0', '', 0, 'Created by Hengki Lucas', 1, 1, '2020-03-11 17:50:33', 104, '2020-03-11 17:50:33', 0),
	(33, 1043, 200, 0, 0, 300, 104, 0, '2020-01-01 00:00:00', '2020-01-01 00:00:00', 1, 'Seminar Marketing', '2020-03-17', '00:00:00', '2020-03-17', '14:30:00', 0, 'Diundah bisa menjadi prospect untuk hal ini', '', 100000, '2020-01-01 00:00:00', '0', '0', '', 0, '2020-01-01 00:00:00', '0', '0', '', 0, 'Created by Hengki Lucas', 1, 1, '2020-03-12 10:38:47', 104, '2020-03-12 10:58:27', 104),
	(34, 1043, 200, 0, 0, 100, 104, 0, '2020-01-01 00:00:00', '2020-01-01 00:00:00', 1, 'Call Terry Lewin lihat revewi proposal ', '2020-03-12', '00:00:00', '2020-03-12', '00:00:00', 0, 'Tadi sudah di bahas seiktar kurang lebih 30 menit perihal penerangna produk kita dan ternyata mereka tertarik dan minta demo hari ini', '', 0, '2020-01-01 00:00:00', '0', '0', '', 0, '2020-01-01 00:00:00', '0', '0', '', 0, 'Created by Hengki Lucas', 1, 1, '2020-03-12 10:59:14', 104, '2020-03-12 10:59:14', 0),
	(35, 1043, 200, 0, 0, 1, 104, 0, '2020-01-01 00:00:00', '2020-01-01 00:00:00', 1, 'Prepare Demo', '2020-03-12', '00:00:00', '2020-03-12', '00:00:00', 0, 'Prepare Demo presentasi', '', 0, '2020-01-01 00:00:00', '0', '0', '', 0, '2020-01-01 00:00:00', '0', '0', '', 0, 'Created by Hengki Lucas', 1, 1, '2020-03-12 10:59:41', 104, '2020-03-12 11:25:28', 104),
	(36, 94, 400, 149, 0, 1, 104, 0, '2020-01-01 00:00:00', '2020-01-01 00:00:00', 1, 'Prepare Demo', '2020-03-12', '00:00:00', '2020-03-12', '00:00:00', 0, 'Prepare Demo presentasi', '', 0, '2020-01-01 00:00:00', '0', '0', '', 0, '2020-01-01 00:00:00', '0', '0', '', 0, '', 1, 1, '2020-01-01 00:00:00', 0, '2020-03-12 11:25:28', 0),
	(37, 94, 400, 149, 0, 100, 104, 0, '2020-01-01 00:00:00', '2020-01-01 00:00:00', 1, 'Call Terry Lewin lihat revewi proposal ', '2020-03-12', '00:00:00', '2020-03-12', '00:00:00', 0, 'Tadi sudah di bahas seiktar kurang lebih 30 menit perihal penerangna produk kita dan ternyata mereka tertarik dan minta demo hari ini', '', 0, '2020-01-01 00:00:00', '0', '0', '', 0, '2020-01-01 00:00:00', '0', '0', '', 0, '', 1, 1, '2020-01-01 00:00:00', 0, '2020-03-12 10:59:14', 0),
	(38, 94, 400, 149, 0, 300, 104, 0, '2020-01-01 00:00:00', '2020-01-01 00:00:00', 1, 'Seminar Marketing', '2020-03-17', '00:00:00', '2020-03-17', '14:30:00', 0, 'Diundah bisa menjadi prospect untuk hal ini', '', 100000, '2020-01-01 00:00:00', '0', '0', '', 0, '2020-01-01 00:00:00', '0', '0', '', 0, '', 1, 1, '2020-01-01 00:00:00', 0, '2020-03-12 10:58:27', 0),
	(39, 94, 400, 149, 0, 100, 104, 0, '2020-01-01 00:00:00', '2020-01-01 00:00:00', 1, 'Telp call introduction', '2020-03-11', '00:00:00', '2020-03-11', '00:00:00', 0, 'Telp call introduction dari jam berapa sampai jam berapa. Kira kira nya di update hasil nya buat meeting.', '', 0, '2020-01-01 00:00:00', '0', '0', '', 0, '2020-01-01 00:00:00', '0', '0', '', 0, '', 1, 1, '2020-01-01 00:00:00', 0, '2020-03-11 17:50:33', 0),
	(40, 137, 400, 183, 0, 100, 103, 0, '2020-01-01 00:00:00', '2020-01-01 00:00:00', 1, 'First Call', '2020-03-12', '00:00:00', '2020-03-12', '00:00:00', 0, 'Ada kebutuhan untuk ERP, saat ini menggunakan tailormade buatan sendiri. User ada sekitar 100 orang. Kirim emailnya dulu baru FU untuk presentasi kesana', '', 0, '2020-01-01 00:00:00', '0', '0', '', 0, '2020-01-01 00:00:00', '0', '0', '', 0, 'Created by Anggie Thinktank', 1, 1, '2020-03-12 11:51:12', 103, '2020-03-12 11:51:12', 0),
	(41, 137, 400, 183, 0, 200, 103, 0, '2020-01-01 00:00:00', '2020-01-01 00:00:00', 0, 'Set meeting ERP', '2020-03-12', '16:00:00', '2020-03-12', '17:00:00', 0, 'Coba set meeting di tanggal 12 maret jam 16.00 -17.00', '', 0, '2021-06-16 15:03:32', '-6.2020016', '106.7987248', '', 103, '2020-01-01 00:00:00', '0', '0', '', 0, 'Created by Anggie Thinktank', 1, 1, '2020-03-12 13:16:36', 103, '2020-03-12 13:16:36', 0),
	(42, 1044, 200, 0, 0, 1, 104, 0, '2020-01-01 00:00:00', '2020-01-01 00:00:00', 1, 'Tolgon di test', '2020-03-12', '00:00:00', '2020-03-12', '00:00:00', 0, 'Tolong yanh di test dulu', '', 0, '2020-01-01 00:00:00', '0', '0', '', 0, '2020-01-01 00:00:00', '0', '0', '', 0, 'Created by Edo Suhendra', 1, 1, '2020-03-12 14:02:05', 1, '2020-03-12 14:12:59', 104),
	(43, 1044, 200, 0, 0, 1, 104, 0, '2020-01-01 00:00:00', '2020-01-01 00:00:00', 1, 'Testing', '2020-03-12', '00:00:00', '2020-03-12', '00:00:00', 0, 'Fowlow up dong.', '', 0, '2020-01-01 00:00:00', '0', '0', '', 0, '2020-01-01 00:00:00', '0', '0', '', 0, 'Created by Hengki Lucas', 1, 1, '2020-03-12 14:15:10', 104, '2020-03-12 14:22:48', 1),
	(44, 1046, 200, 0, 0, 100, 1, 0, '2020-01-01 00:00:00', '2020-01-01 00:00:00', 1, 'Introduction', '2020-03-12', '00:00:00', '2020-03-12', '00:00:00', 0, 'Tolong di call dulu', '', 0, '2020-01-01 00:00:00', '0', '0', '', 0, '2020-01-01 00:00:00', '0', '0', '', 0, 'Created by Edo Suhendra', 1, 1, '2020-03-12 14:21:30', 1, '2020-03-12 14:21:30', 0),
	(45, 95, 400, 150, 0, 100, 1, 0, '2020-01-01 00:00:00', '2020-01-01 00:00:00', 1, 'Introduction', '2020-03-12', '00:00:00', '2020-03-12', '00:00:00', 0, 'Tolong di call dulu', '', 0, '2020-01-01 00:00:00', '0', '0', '', 0, '2020-01-01 00:00:00', '0', '0', '', 0, '', 1, 1, '2020-01-01 00:00:00', 0, '2020-03-12 14:21:30', 0),
	(46, 1044, 200, 0, 0, 100, 104, 0, '2020-01-01 00:00:00', '2020-01-01 00:00:00', 1, 'Testing', '2020-03-12', '00:00:00', '2020-03-12', '00:00:00', 0, 'Teswting data', '', 0, '2020-01-01 00:00:00', '0', '0', '', 0, '2020-01-01 00:00:00', '0', '0', '', 0, 'Created by Hengki Lucas', 1, 1, '2020-03-12 15:24:37', 104, '2020-03-12 15:24:37', 0),
	(47, 1044, 200, 0, 0, 200, 104, 0, '2020-01-01 00:00:00', '2020-01-01 00:00:00', 0, 'efada', '2020-03-26', '00:00:00', '2020-03-28', '14:00:00', 0, 'fdsafdsaf', '', 2000000, '2020-01-01 00:00:00', '0', '0', '', 0, '2020-01-01 00:00:00', '0', '0', '', 0, 'Created by Hengki Lucas', 1, 1, '2020-03-12 15:25:07', 104, '2020-03-12 15:25:07', 0),
	(48, 96, 500, 151, 174, 200, 104, 0, '2020-01-01 00:00:00', '2020-01-01 00:00:00', 0, 'efada', '2020-03-26', '00:00:00', '2020-03-28', '14:00:00', 0, 'fdsafdsaf', '', 2000000, '2020-01-01 00:00:00', '0', '0', '', 0, '2020-01-01 00:00:00', '0', '0', '', 0, '', 1, 1, '2020-01-01 00:00:00', 0, '2020-03-12 15:25:07', 0),
	(49, 96, 500, 151, 174, 100, 104, 0, '2020-01-01 00:00:00', '2020-01-01 00:00:00', 1, 'Testing', '2020-03-12', '00:00:00', '2020-03-12', '00:00:00', 0, 'Teswting data', '', 0, '2020-01-01 00:00:00', '0', '0', '', 0, '2020-01-01 00:00:00', '0', '0', '', 0, '', 1, 1, '2020-01-01 00:00:00', 0, '2020-03-12 15:24:37', 0),
	(50, 96, 500, 151, 174, 1, 104, 0, '2020-01-01 00:00:00', '2020-01-01 00:00:00', 1, 'Testing', '2020-03-12', '00:00:00', '2020-03-12', '00:00:00', 0, 'Fowlow up dong.', '', 0, '2020-01-01 00:00:00', '0', '0', '', 0, '2020-01-01 00:00:00', '0', '0', '', 0, '', 1, 1, '2020-01-01 00:00:00', 0, '2020-03-12 14:22:48', 0),
	(51, 96, 500, 151, 174, 1, 104, 0, '2020-01-01 00:00:00', '2020-01-01 00:00:00', 1, 'Tolgon di test', '2020-03-12', '00:00:00', '2020-03-12', '00:00:00', 0, 'Tolong yanh di test dulu', '', 0, '2020-01-01 00:00:00', '0', '0', '', 0, '2020-01-01 00:00:00', '0', '0', '', 0, '', 1, 1, '2020-01-01 00:00:00', 0, '2020-03-12 14:12:59', 0),
	(52, 1049, 200, 0, 0, 1, 104, 0, '2020-01-01 00:00:00', '2020-01-01 00:00:00', 1, 'Testing', '2020-03-14', '00:00:00', '2020-03-14', '00:00:00', 0, 'Testing Hengki', '', 0, '2020-01-01 00:00:00', '0', '0', '', 0, '2020-01-01 00:00:00', '0', '0', '', 0, 'Created by Edo Suhendra', 1, 1, '2020-03-14 16:27:25', 1, '2020-03-14 16:27:45', 104),
	(53, 1049, 200, 0, 0, 1, 104, 0, '2020-01-01 00:00:00', '2020-01-01 00:00:00', 1, 'Tolong kerjakan', '2020-03-14', '00:00:00', '2020-03-14', '00:00:00', 0, 'Buating', '', 0, '2020-01-01 00:00:00', '0', '0', '', 0, '2020-01-01 00:00:00', '0', '0', '', 0, 'Created by Edo Suhendra', 1, 1, '2020-03-14 16:29:05', 1, '2020-03-14 16:29:26', 104),
	(54, 98, 500, 152, 175, 1, 104, 0, '2020-01-01 00:00:00', '2020-01-01 00:00:00', 1, 'Tolong kerjakan', '2020-03-14', '00:00:00', '2020-03-14', '00:00:00', 0, 'Buating', '', 0, '2020-01-01 00:00:00', '0', '0', '', 0, '2020-01-01 00:00:00', '0', '0', '', 0, '', 1, 1, '2020-01-01 00:00:00', 0, '2020-03-14 16:29:26', 0),
	(55, 98, 500, 152, 175, 1, 104, 0, '2020-01-01 00:00:00', '2020-01-01 00:00:00', 1, 'Testing', '2020-03-14', '00:00:00', '2020-03-14', '00:00:00', 0, 'Testing Hengki', '', 0, '2020-01-01 00:00:00', '0', '0', '', 0, '2020-01-01 00:00:00', '0', '0', '', 0, '', 1, 1, '2020-01-01 00:00:00', 0, '2020-03-14 16:27:45', 0),
	(56, 1050, 200, 0, 0, 1, 103, 0, '2020-03-26 00:00:00', '2020-01-01 00:00:00', 1, 'Meeting', '2020-03-23', '00:00:00', '2020-03-23', '00:00:00', 0, 'Set meeting untuk ERP', 'Sistemnya sudah memenuhi dari requirement bapaknya. Next buatkan quotation.', 0, '2020-01-01 00:00:00', '0', '0', '', 0, '2020-01-01 00:00:00', '0', '0', '', 0, 'Created by Anggie Thinktank', 1, 1, '2020-03-23 14:33:49', 103, '2020-03-23 14:36:55', 103),
	(57, 1050, 200, 0, 0, 1, 103, 0, '2020-03-27 00:00:00', '2020-01-01 00:00:00', 0, 'Buat quotation', '2020-03-23', '00:00:00', '2020-03-23', '00:00:00', 0, 'Bapaknya minta buat quotation dengan harga standar', '', 0, '2020-01-01 00:00:00', '0', '0', '', 0, '2020-01-01 00:00:00', '0', '0', '', 0, 'Created by Anggie Thinktank', 1, 1, '2020-03-23 14:37:54', 103, '2020-03-23 14:37:54', 0),
	(58, 100, 500, 153, 177, 1, 103, 0, '2020-03-27 00:00:00', '2020-01-01 00:00:00', 0, 'Buat quotation', '2020-03-23', '00:00:00', '2020-03-23', '00:00:00', 0, 'Bapaknya minta buat quotation dengan harga standar', '', 0, '2020-01-01 00:00:00', '0', '0', '', 0, '2020-01-01 00:00:00', '0', '0', '', 0, '', 1, 1, '2020-01-01 00:00:00', 0, '2020-03-23 14:37:54', 0),
	(59, 100, 500, 153, 177, 1, 103, 0, '2020-03-26 00:00:00', '2020-01-01 00:00:00', 1, 'Meeting', '2020-03-23', '00:00:00', '2020-03-23', '00:00:00', 0, 'Set meeting untuk ERP', '', 0, '2020-01-01 00:00:00', '0', '0', '', 0, '2020-01-01 00:00:00', '0', '0', '', 0, '', 1, 1, '2020-01-01 00:00:00', 0, '2020-03-23 14:36:55', 0),
	(60, 101, 400, 155, 0, 100, 103, 0, '2020-03-23 00:00:00', '2020-01-01 00:00:00', 1, 'First call', '2020-03-23', '00:00:00', '2020-03-23', '00:00:00', 0, 'Ada kebutuhan untuk CRM', '', 0, '2020-01-01 00:00:00', '0', '0', '', 0, '2020-01-01 00:00:00', '0', '0', '', 0, 'Created by Anggie Thinktank', 1, 1, '2020-03-23 16:52:30', 103, '2020-03-23 16:52:30', 0),
	(61, 101, 400, 155, 0, 100, 103, 0, '2020-03-24 14:00:00', '2020-01-01 00:00:00', 1, 'Set meeting untuk presentasi CRM', '2020-03-23', '14:00:00', '2020-03-23', '00:00:00', 0, 'set meeting untuk presentasi CRM', '', 0, '2020-01-01 00:00:00', '0', '0', '', 0, '2020-01-01 00:00:00', '0', '0', '', 0, 'Created by Anggie Thinktank', 1, 1, '2020-03-23 17:08:53', 103, '2020-03-23 17:08:53', 0),
	(62, 1051, 200, 0, 0, 100, 103, 0, '2020-03-23 00:00:00', '2020-01-01 00:00:00', 1, 'First call', '2020-03-23', '00:00:00', '2020-03-23', '00:00:00', 0, 'Ada kebutuhan untuk CRM', '', 0, '2020-01-01 00:00:00', '0', '0', '', 0, '2020-01-01 00:00:00', '0', '0', '', 0, 'Created by Anggie Thinktank', 1, 1, '2020-03-23 17:14:21', 103, '2020-03-23 17:14:21', 0),
	(63, 1051, 200, 0, 0, 200, 103, 0, '2020-03-23 00:00:00', '2020-01-01 00:00:00', 0, 'Set meeting untuk presentasi CRM', '2020-03-23', '00:00:00', '2020-03-23', '00:00:00', 0, 'Presentasi CRM', '', 0, '2021-04-06 10:47:22', '-6.1592884', '106.8179207', '', 103, '2020-01-01 00:00:00', '0', '0', '', 0, 'Created by Anggie Thinktank', 1, 1, '2020-03-23 17:20:04', 103, '2020-03-23 17:20:04', 0),
	(64, 102, 500, 161, 178, 200, 103, 0, '2020-03-23 00:00:00', '2020-01-01 00:00:00', 0, 'Set meeting untuk presentasi CRM', '2020-03-23', '00:00:00', '2020-03-23', '00:00:00', 0, 'Presentasi CRM', '', 0, '2020-01-01 00:00:00', '0', '0', '', 0, '2020-01-01 00:00:00', '0', '0', '', 0, '', 1, 1, '2020-01-01 00:00:00', 0, '2020-03-23 17:20:04', 0),
	(65, 102, 500, 161, 178, 100, 103, 0, '2020-03-23 00:00:00', '2020-01-01 00:00:00', 1, 'First call', '2020-03-23', '00:00:00', '2020-03-23', '00:00:00', 0, 'Ada kebutuhan untuk CRM', '', 0, '2020-01-01 00:00:00', '0', '0', '', 0, '2020-01-01 00:00:00', '0', '0', '', 0, '', 1, 1, '2020-01-01 00:00:00', 0, '2020-03-23 17:14:21', 0),
	(66, 1052, 200, 0, 0, 100, 103, 0, '2020-03-24 00:00:00', '2020-01-01 00:00:00', 1, 'Perlu custom untuk ERPnya', '2020-03-24', '00:00:00', '2020-03-24', '00:00:00', 0, 'Bapaknya info ada CR untuk ERPnya ', '', 0, '2020-01-01 00:00:00', '0', '0', '', 0, '2020-01-01 00:00:00', '0', '0', '', 0, 'Created by Anggie Thinktank', 1, 1, '2020-03-24 09:30:50', 103, '2020-03-24 09:30:50', 0),
	(67, 1052, 200, 0, 0, 200, 103, 0, '2020-03-24 00:00:00', '2020-01-01 00:00:00', 0, 'Visit CR', '2020-03-24', '00:00:00', '2020-03-24', '00:00:00', 0, 'Atur meeting untuk cari tahu lebih detail mengenai CRnya', '', 0, '2020-12-11 11:05:46', '-6.2839201', '106.9884989', '', 103, '2020-01-01 00:00:00', '0', '0', '', 0, 'Created by Anggie Thinktank', 1, 1, '2020-03-24 09:31:55', 103, '2020-03-24 09:31:55', 0),
	(68, 103, 500, 162, 179, 200, 103, 0, '2020-03-24 00:00:00', '2020-01-01 00:00:00', 0, 'Visit CR', '2020-03-24', '00:00:00', '2020-03-24', '00:00:00', 0, 'Atur meeting untuk cari tahu lebih detail mengenai CRnya', '', 0, '2020-01-01 00:00:00', '0', '0', '', 0, '2020-01-01 00:00:00', '0', '0', '', 0, '', 1, 1, '2020-01-01 00:00:00', 0, '2020-03-24 09:31:55', 0),
	(69, 103, 500, 162, 179, 100, 103, 0, '2020-03-24 00:00:00', '2020-01-01 00:00:00', 1, 'Perlu custom untuk ERPnya', '2020-03-24', '00:00:00', '2020-03-24', '00:00:00', 0, 'Bapaknya info ada CR untuk ERPnya ', '', 0, '2020-01-01 00:00:00', '0', '0', '', 0, '2020-01-01 00:00:00', '0', '0', '', 0, '', 1, 1, '2020-01-01 00:00:00', 0, '2020-03-24 09:30:50', 0),
	(70, 1053, 200, 0, 0, 1, 103, 0, '2020-03-24 00:00:00', '2020-01-01 00:00:00', 1, 'Testing hari ini!!!!!', '2020-03-24', '00:00:00', '2020-03-24', '00:00:00', 0, 'Testing hari ini!!!!!', '', 0, '2020-01-01 00:00:00', '0', '0', '', 0, '2020-01-01 00:00:00', '0', '0', '', 0, 'Created by Edo Suhendra', 1, 1, '2020-03-24 12:28:29', 1, '2020-03-24 12:29:20', 103),
	(71, 1047, 200, 0, 0, 1, 103, 0, '2020-03-24 00:00:00', '2020-01-01 00:00:00', 1, 'Testing virus ini!!!!!', '2020-03-24', '00:00:00', '2020-03-24', '00:00:00', 0, 'Testing virus ini!!!!!', '', 0, '2020-01-01 00:00:00', '0', '0', '', 0, '2020-01-01 00:00:00', '0', '0', '', 0, 'Created by Edo Suhendra', 1, 1, '2020-03-24 12:31:40', 1, '2020-03-24 12:32:09', 103),
	(72, 104, 400, 163, 0, 100, 1, 0, '2020-03-24 00:00:00', '2020-01-01 00:00:00', 1, 'Call customer', '2020-03-24', '00:00:00', '2020-03-24', '00:00:00', 0, 'Cari tau prospek pendekatan', '', 0, '2020-01-01 00:00:00', '0', '0', '', 0, '2020-01-01 00:00:00', '0', '0', '', 0, 'Created by Edo Suhendra', 1, 1, '2020-03-24 15:26:11', 1, '2020-03-24 15:26:11', 0),
	(73, 105, 400, 164, 0, 100, 103, 0, '2020-03-27 10:33:00', '2020-01-01 00:00:00', 1, 'First call', '2020-03-27', '10:33:00', '2020-03-27', '00:00:00', 0, 'Ada kebutuhan untuk CRM', '', 0, '2020-01-01 00:00:00', '0', '0', '', 0, '2020-01-01 00:00:00', '0', '0', '', 0, 'Created by Anggie Thinktank', 1, 1, '2020-03-27 10:33:41', 103, '2020-03-27 10:33:41', 0),
	(74, 105, 400, 164, 0, 1, 103, 0, '2020-03-27 00:00:00', '2020-01-01 00:00:00', 1, 'Set meeting', '2020-03-27', '00:00:00', '2020-03-27', '00:00:00', 0, 'Call ibunya lagi untuk set meeting. Ibunya available hari ini jam 12.00', 'sudah diset meeting', 0, '2020-01-01 00:00:00', '0', '0', '', 0, '2020-01-01 00:00:00', '0', '0', '', 0, 'Created by Anggie Thinktank', 1, 1, '2020-03-27 10:40:24', 103, '2020-03-27 10:44:33', 103),
	(75, 105, 400, 164, 0, 200, 103, 0, '2020-03-27 12:00:00', '2020-01-01 00:00:00', 1, 'Set meeting untuk presentasi CRM', '2020-03-27', '12:00:00', '2020-03-27', '14:00:00', 0, 'Set meeting ke kantor ibunya untuk presentasi CRM', 'sudah dilakukan visit', 200000, '2020-01-01 00:00:00', '0', '0', '', 0, '2020-01-01 00:00:00', '0', '0', '', 0, 'Created by Anggie Thinktank', 1, 1, '2020-03-27 10:41:20', 103, '2020-03-27 10:44:14', 103),
	(76, 1054, 200, 0, 0, 1, 103, 0, '2020-03-27 00:00:00', '2020-01-01 00:00:00', 0, 'Buat quotation', '2020-03-27', '00:00:00', '2020-03-27', '00:00:00', 0, 'buat quotation berdasarkan presentasi kemarin', '', 0, '2020-01-01 00:00:00', '0', '0', '', 0, '2020-01-01 00:00:00', '0', '0', '', 0, 'Created by Anggie Thinktank', 1, 1, '2020-03-27 11:02:24', 103, '2020-03-27 11:02:24', 0),
	(77, 106, 500, 164, 180, 1, 103, 0, '2020-03-27 00:00:00', '2020-01-01 00:00:00', 0, 'Buat quotation', '2020-03-27', '00:00:00', '2020-03-27', '00:00:00', 0, 'buat quotation berdasarkan presentasi kemarin', '', 0, '2020-01-01 00:00:00', '0', '0', '', 0, '2020-01-01 00:00:00', '0', '0', '', 0, '', 1, 1, '2020-01-01 00:00:00', 0, '2020-03-27 11:02:24', 0),
	(78, 98, 400, 152, 0, 1, 104, 0, '2020-03-27 00:00:00', '2020-01-01 00:00:00', 0, 'test dari Felix', '2020-03-27', '00:00:00', '2020-03-27', '00:00:00', 0, '', '', 0, '2020-01-01 00:00:00', '0', '0', '', 0, '2020-01-01 00:00:00', '0', '0', '', 0, 'Created by Hengki Lucas', 1, 1, '2020-03-27 14:40:16', 104, '2020-03-27 14:40:16', 0),
	(79, 1058, 200, 0, 0, 100, 103, 0, '2020-04-01 00:00:00', '2020-01-01 00:00:00', 1, 'Ada kebutuhan untuk CRM', '2020-04-01', '00:00:00', '2020-04-01', '00:00:00', 0, 'Coba kirim brosurnya dulu kemudian FU untuk meeting', '', 0, '2020-01-01 00:00:00', '0', '0', '', 0, '2020-01-01 00:00:00', '0', '0', '', 0, 'Created by Anggie Thinktank', 1, 1, '2020-04-01 15:18:16', 103, '2020-04-01 15:18:16', 0),
	(80, 1058, 200, 0, 0, 1, 103, 0, '2020-04-01 00:00:00', '2020-01-01 00:00:00', 1, 'FU untuk set presentasi', '2020-04-01', '00:00:00', '2020-04-01', '00:00:00', 0, 'FU bapaknya untuk set presentasi CRM', 'Sudah call untuk FU bapaknya mengenai set presentasi CRM', 0, '2020-01-01 00:00:00', '0', '0', '', 0, '2020-01-01 00:00:00', '0', '0', '', 0, 'Created by Anggie Thinktank', 1, 1, '2020-04-01 15:19:28', 103, '2020-04-01 15:20:33', 103),
	(81, 1058, 200, 0, 0, 100, 103, 0, '2020-04-01 00:00:00', '2020-01-01 00:00:00', 1, 'Set meeting untuk presentasi CRM', '2020-04-01', '00:00:00', '2020-04-01', '00:00:00', 0, 'Sudah call bapaknya untuk set presentasi CRM ', '', 0, '2020-01-01 00:00:00', '0', '0', '', 0, '2020-01-01 00:00:00', '0', '0', '', 0, 'Created by Anggie Thinktank', 1, 1, '2020-04-01 15:20:11', 103, '2020-04-01 15:20:11', 0),
	(82, 1058, 200, 0, 0, 200, 103, 0, '2020-04-01 14:00:00', '2020-01-01 00:00:00', 1, 'Presentasi untuk CRM', '2020-04-01', '14:00:00', '2020-04-01', '16:00:00', 0, 'Plan visit untuk presentasi CRM', 'Ok closef', 40000, '2020-01-01 00:00:00', '0', '0', '', 0, '2020-01-01 00:00:00', '0', '0', '', 0, 'Created by Anggie Thinktank', 1, 1, '2020-04-01 15:21:27', 103, '2020-05-19 22:34:12', 1),
	(83, 107, 400, 169, 0, 200, 103, 0, '2020-04-01 14:00:00', '2020-01-01 00:00:00', 0, 'Presentasi untuk CRM', '2020-04-01', '00:00:00', '2020-04-01', '16:00:00', 0, 'Plan visit untuk presentasi CRM', '', 40000, '2020-01-01 00:00:00', '0', '0', '', 0, '2020-01-01 00:00:00', '0', '0', '', 0, '', 1, 1, '2020-01-01 00:00:00', 0, '2020-04-01 15:21:27', 0),
	(84, 107, 400, 169, 0, 100, 103, 0, '2020-04-01 00:00:00', '2020-01-01 00:00:00', 1, 'Set meeting untuk presentasi CRM', '2020-04-01', '00:00:00', '2020-04-01', '00:00:00', 0, 'Sudah call bapaknya untuk set presentasi CRM ', '', 0, '2020-01-01 00:00:00', '0', '0', '', 0, '2020-01-01 00:00:00', '0', '0', '', 0, '', 1, 1, '2020-01-01 00:00:00', 0, '2020-04-01 15:20:11', 0),
	(85, 107, 400, 169, 0, 1, 103, 0, '2020-04-01 00:00:00', '2020-01-01 00:00:00', 1, 'FU untuk set presentasi', '2020-04-01', '00:00:00', '2020-04-01', '00:00:00', 0, 'FU bapaknya untuk set presentasi CRM', '', 0, '2020-01-01 00:00:00', '0', '0', '', 0, '2020-01-01 00:00:00', '0', '0', '', 0, '', 1, 1, '2020-01-01 00:00:00', 0, '2020-04-01 15:20:33', 0),
	(86, 107, 400, 169, 0, 100, 103, 0, '2020-04-01 00:00:00', '2020-01-01 00:00:00', 1, 'Ada kebutuhan untuk CRM', '2020-04-01', '00:00:00', '2020-04-01', '00:00:00', 0, 'Coba kirim brosurnya dulu kemudian FU untuk meeting', '', 0, '2020-01-01 00:00:00', '0', '0', '', 0, '2020-01-01 00:00:00', '0', '0', '', 0, '', 1, 1, '2020-01-01 00:00:00', 0, '2020-04-01 15:18:16', 0),
	(87, 1059, 200, 0, 0, 100, 103, 0, '2020-04-01 00:00:00', '2020-01-01 00:00:00', 1, 'Ada kebutuhan untuk ERP', '2020-04-01', '00:00:00', '2020-04-01', '00:00:00', 0, 'Bapaknya call katanya direfer oleh pak arifin karena ada kebutuhan ERP. Coba kirim brosurnya dulu kemudian diFU', '', 0, '2020-01-01 00:00:00', '0', '0', '', 0, '2020-01-01 00:00:00', '0', '0', '', 0, 'Created by Anggie Thinktank', 1, 1, '2020-04-01 16:07:44', 103, '2020-04-01 16:07:44', 0),
	(88, 1059, 200, 0, 0, 1, 103, 0, '2020-04-01 00:00:00', '2020-01-01 00:00:00', 0, 'FU untuk set presentasi ERP', '2020-04-01', '00:00:00', '2020-04-01', '00:00:00', 0, 'Set presentasi ERP dengan bapaknya', '', 0, '2020-01-01 00:00:00', '0', '0', '', 0, '2020-01-01 00:00:00', '0', '0', '', 0, 'Created by Anggie Thinktank', 1, 1, '2020-04-01 16:08:18', 103, '2020-04-01 16:08:18', 0),
	(89, 1059, 200, 0, 0, 200, 103, 0, '2020-04-01 15:00:00', '2020-01-01 00:00:00', 0, 'Presentasi ERP', '2020-04-01', '15:00:00', '2020-04-01', '16:00:00', 0, 'Presentasi ERP dengan bapaknya', '', 80000, '2020-12-10 17:25:17', '-6.2015568', '106.7208527', '', 103, '2020-01-01 00:00:00', '0', '0', '', 0, 'Created by Anggie Thinktank', 1, 1, '2020-04-01 16:09:09', 103, '2020-04-01 16:09:09', 0),
	(90, 108, 500, 169, 182, 200, 103, 0, '2020-04-01 15:00:00', '2020-01-01 00:00:00', 0, 'Presentasi ERP', '2020-04-01', '00:00:00', '2020-04-01', '16:00:00', 0, 'Presentasi ERP dengan bapaknya', '', 80000, '2020-01-01 00:00:00', '0', '0', '', 0, '2020-01-01 00:00:00', '0', '0', '', 0, '', 1, 1, '2020-01-01 00:00:00', 0, '2020-04-01 16:09:09', 0),
	(91, 108, 500, 169, 182, 1, 103, 0, '2020-04-01 00:00:00', '2020-01-01 00:00:00', 0, 'FU untuk set presentasi ERP', '2020-04-01', '00:00:00', '2020-04-01', '00:00:00', 0, 'Set presentasi ERP dengan bapaknya', '', 0, '2020-01-01 00:00:00', '0', '0', '', 0, '2020-01-01 00:00:00', '0', '0', '', 0, '', 1, 1, '2020-01-01 00:00:00', 0, '2020-04-01 16:08:18', 0),
	(92, 108, 500, 169, 182, 100, 103, 0, '2020-04-01 00:00:00', '2020-01-01 00:00:00', 1, 'Ada kebutuhan untuk ERP', '2020-04-01', '00:00:00', '2020-04-01', '00:00:00', 0, 'Bapaknya call katanya direfer oleh pak arifin karena ada kebutuhan ERP. Coba kirim brosurnya dulu kemudian diFU', '', 0, '2020-01-01 00:00:00', '0', '0', '', 0, '2020-01-01 00:00:00', '0', '0', '', 0, '', 1, 1, '2020-01-01 00:00:00', 0, '2020-04-01 16:07:44', 0),
	(93, 109, 400, 170, 0, 100, 107, 0, '2020-04-01 00:00:00', '2020-01-01 00:00:00', 1, 'First call', '2020-04-01', '00:00:00', '2020-04-01', '00:00:00', 0, 'Bicara dengan Bu Barbie ada kebutuhan untuk sistem ERPnya. Coba kirim email brosurnya dulu', '', 0, '2020-01-01 00:00:00', '0', '0', '', 0, '2020-01-01 00:00:00', '0', '0', '', 0, 'Created by Ang ThinkTank', 1, 1, '2020-04-01 17:02:12', 107, '2020-04-01 17:02:12', 0),
	(94, 109, 400, 170, 0, 1, 107, 0, '2020-04-01 00:00:00', '2020-01-01 00:00:00', 0, 'FU untuk set presentasi ERP', '2020-04-01', '00:00:00', '2020-04-01', '00:00:00', 0, 'Sudah diFU dan mau diset presentasi untuk ERPnya', '', 0, '2020-01-01 00:00:00', '0', '0', '', 0, '2020-01-01 00:00:00', '0', '0', '', 0, 'Created by Ang ThinkTank', 1, 1, '2020-04-01 17:03:15', 107, '2020-04-01 17:03:15', 0),
	(95, 109, 400, 170, 0, 200, 107, 0, '2020-04-01 16:00:00', '2020-01-01 00:00:00', 0, 'Set meeting ERP', '2020-04-01', '16:00:00', '2020-04-01', '17:00:00', 0, 'Set meeting untuk presentasi ERP', '', 50000, '2020-01-01 00:00:00', '0', '0', '', 0, '2020-01-01 00:00:00', '0', '0', '', 0, 'Created by Ang ThinkTank', 1, 1, '2020-04-01 17:04:45', 107, '2020-04-01 17:04:45', 0),
	(96, 1060, 200, 0, 0, 400, 107, 0, '2020-04-01 00:00:00', '2020-01-01 00:00:00', 1, 'Buat quotation', '2020-04-01', '00:00:00', '2020-04-01', '00:00:00', 0, 'Sudah set meeting dan minta submit quotation', '', 0, '2020-01-01 00:00:00', '0', '0', '', 0, '2020-01-01 00:00:00', '0', '0', '', 0, 'Created by Ang ThinkTank', 1, 1, '2020-04-01 17:12:32', 107, '2020-04-01 17:12:32', 0),
	(97, 110, 500, 170, 183, 400, 107, 0, '2020-04-01 00:00:00', '2020-01-01 00:00:00', 1, 'Buat quotation', '2020-04-01', '00:00:00', '2020-04-01', '00:00:00', 0, 'Sudah set meeting dan minta submit quotation', '', 0, '2020-01-01 00:00:00', '0', '0', '', 0, '2020-01-01 00:00:00', '0', '0', '', 0, '', 1, 1, '2020-01-01 00:00:00', 0, '2020-04-01 17:12:32', 0),
	(98, 104, 400, 163, 0, 100, 103, 0, '2020-04-02 00:00:00', '2020-01-01 00:00:00', 1, 'Call in', '2020-04-02', '00:00:00', '2020-04-02', '00:00:00', 0, 'Bapaknya call ternyata ada kebutuhan untuk CRM. Kirim brosurnya dulu untuk direview', '', 0, '2020-01-01 00:00:00', '0', '0', '', 0, '2020-01-01 00:00:00', '0', '0', '', 0, 'Created by Anggie Thinktank', 1, 1, '2020-04-02 14:03:11', 103, '2020-04-02 14:03:11', 0),
	(99, 1061, 200, 0, 0, 100, 103, 0, '2020-04-02 00:00:00', '2020-01-01 00:00:00', 1, 'FU untuk set presentasi CRM', '2020-04-02', '00:00:00', '2020-04-02', '00:00:00', 0, 'Bapaknya sudah terima email brosurnya dan sudah ok untuk diset presentasi', '', 0, '2020-01-01 00:00:00', '0', '0', '', 0, '2020-01-01 00:00:00', '0', '0', '', 0, 'Created by Anggie Thinktank', 1, 1, '2020-04-02 14:26:55', 103, '2020-04-02 14:26:55', 0),
	(100, 1061, 200, 0, 0, 200, 103, 0, '2020-04-02 13:00:00', '2020-01-01 00:00:00', 1, 'Presentasi untuk CRM', '2020-04-02', '13:00:00', '2020-04-02', '14:00:00', 0, 'Set presentasi CRM dengan bapaknya dan BDMnya yaitu Bapak Chris.\nMinta kirim quotation ke Pak Chris. Untuk budget sekitar 40 juta', 'Sudaok saya tutup ya.', 100000, '2020-01-01 00:00:00', '0', '0', '', 0, '2020-01-01 00:00:00', '0', '0', '', 0, 'Created by Anggie Thinktank', 1, 1, '2020-04-02 14:28:39', 103, '2020-05-19 22:32:02', 1),
	(101, 112, 500, 163, 184, 200, 103, 0, '2020-04-02 13:00:00', '2020-01-01 00:00:00', 0, 'Presentasi untuk CRM', '2020-04-02', '00:00:00', '2020-04-02', '14:00:00', 0, 'Set presentasi CRM dengan bapaknya dan BDMnya yaitu Bapak Chris.\nMinta kirim quotation ke Pak Chris. Untuk budget sekitar 40 juta', '', 100000, '2020-06-02 16:50:58', '-6.2069039', '106.8296488', 'OK done', 1, '2020-01-01 00:00:00', '0', '0', '', 0, '', 1, 0, '2020-01-01 00:00:00', 0, '2022-01-17 15:38:35', 1),
	(102, 112, 500, 163, 184, 100, 103, 0, '2020-04-02 00:00:00', '2020-01-01 00:00:00', 1, 'FU untuk set presentasi CRM', '2020-04-02', '00:00:00', '2020-04-02', '00:00:00', 0, 'Bapaknya sudah terima email brosurnya dan sudah ok untuk diset presentasi', '', 0, '2020-01-01 00:00:00', '0', '0', '', 0, '2020-01-01 00:00:00', '0', '0', '', 0, '', 1, 1, '2020-01-01 00:00:00', 0, '2020-04-02 14:26:55', 0),
	(103, 110, 400, 170, 0, 1, 108, 0, '2020-04-02 00:00:00', '2020-01-01 00:00:00', 0, 'ada penambahan mandays untuk custom erpnya', '2020-04-02', '00:00:00', '2020-04-02', '00:00:00', 0, 'Ini diassign ke sales baru', '', 0, '2020-01-01 00:00:00', '0', '0', '', 0, '2020-01-01 00:00:00', '0', '0', '', 0, 'Created by Ang ThinkTank', 1, 0, '2020-04-02 15:34:10', 107, '2020-06-25 14:46:33', 107),
	(104, 1062, 200, 0, 0, 100, 108, 0, '2020-04-02 00:00:00', '2020-01-01 00:00:00', 1, 'FU untuk penambahan mandays custom', '2020-04-02', '00:00:00', '2020-04-02', '00:00:00', 0, 'Ternyata butuh custom untuk ERPnya jadi ada tambahan scope dan mau diset meeting untuk hal ini.', '', 0, '2020-01-01 00:00:00', '0', '0', '', 0, '2020-01-01 00:00:00', '0', '0', '', 0, 'Created by Agriyani R', 1, 1, '2020-04-02 16:20:37', 108, '2020-04-02 16:20:37', 0),
	(105, 1062, 200, 0, 0, 200, 108, 0, '2020-04-02 15:00:00', '2020-01-01 00:00:00', 0, 'Set meeting untuk diskusi penambahan scope ', '2020-04-02', '15:00:00', '2020-04-02', '16:00:00', 0, 'Set meeting untuk diskusi penambahan scope yang dihadiri oleh user FA dan konsultan', '', 100000, '2020-01-01 00:00:00', '0', '0', '', 0, '2020-01-01 00:00:00', '0', '0', '', 0, 'Created by Agriyani R', 1, 1, '2020-04-02 16:22:36', 108, '2020-04-02 16:22:36', 0),
	(106, 113, 500, 170, 185, 200, 108, 0, '2020-04-02 15:00:00', '2020-01-01 00:00:00', 0, 'Set meeting untuk diskusi penambahan scope ', '2020-04-02', '00:00:00', '2020-04-02', '16:00:00', 0, 'Set meeting untuk diskusi penambahan scope yang dihadiri oleh user FA dan konsultan', '', 100000, '2020-01-01 00:00:00', '0', '0', '', 0, '2020-01-01 00:00:00', '0', '0', '', 0, '', 1, 1, '2020-01-01 00:00:00', 0, '2020-04-02 16:22:36', 0),
	(107, 113, 500, 170, 185, 100, 108, 0, '2020-04-02 00:00:00', '2020-01-01 00:00:00', 1, 'FU untuk penambahan mandays custom', '2020-04-02', '00:00:00', '2020-04-02', '00:00:00', 0, 'Ternyata butuh custom untuk ERPnya jadi ada tambahan scope dan mau diset meeting untuk hal ini.', '', 0, '2020-01-01 00:00:00', '0', '0', '', 0, '2020-01-01 00:00:00', '0', '0', '', 0, '', 1, 1, '2020-01-01 00:00:00', 0, '2020-04-02 16:20:37', 0),
	(108, 114, 300, 171, 0, 100, 108, 0, '2020-04-03 00:00:00', '2020-01-01 00:00:00', 1, 'First call', '2020-04-03', '00:00:00', '2020-04-03', '00:00:00', 0, 'Sudah menggunakan Acumatica. Butuh jasa support karena partnernya sudah tidak support lagi. Coba kirim dulu quotationnya.', '', 0, '2020-01-01 00:00:00', '0', '0', '', 0, '2020-01-01 00:00:00', '0', '0', '', 0, 'Created by Agriyani R', 1, 1, '2020-04-03 10:31:25', 108, '2020-04-03 10:31:25', 0),
	(109, 1063, 200, 0, 0, 100, 108, 0, '2020-04-03 00:00:00', '2020-01-01 00:00:00', 1, 'FU untuk set meeting', '2020-04-03', '00:00:00', '2020-04-03', '00:00:00', 0, 'Set meeting untuk diskusi mengenai jasa supportnya.', '', 0, '2020-01-01 00:00:00', '0', '0', '', 0, '2020-01-01 00:00:00', '0', '0', '', 0, 'Created by Agriyani R', 1, 1, '2020-04-03 10:36:42', 108, '2020-04-03 10:36:42', 0),
	(110, 1063, 200, 0, 0, 200, 108, 0, '2020-04-03 09:00:00', '2020-01-01 00:00:00', 0, 'Meeting ', '2020-04-03', '09:00:00', '2020-04-03', '10:00:00', 0, 'Meeting mengenai jasa supportnya. Ada beberapa issue juga yang terjadi di Acumaticanya.', '', 100000, '2020-01-01 00:00:00', '0', '0', '', 0, '2020-01-01 00:00:00', '0', '0', '', 0, 'Created by Agriyani R', 1, 1, '2020-04-03 10:40:27', 108, '2020-04-03 10:40:27', 0),
	(111, 115, 500, 171, 186, 200, 108, 0, '2020-04-03 09:00:00', '2020-01-01 00:00:00', 0, 'Meeting ', '2020-04-03', '00:00:00', '2020-04-03', '10:00:00', 0, 'Meeting mengenai jasa supportnya. Ada beberapa issue juga yang terjadi di Acumaticanya.', '', 100000, '2020-01-01 00:00:00', '0', '0', '', 0, '2020-01-01 00:00:00', '0', '0', '', 0, '', 1, 1, '2020-01-01 00:00:00', 0, '2020-04-03 10:40:27', 0),
	(112, 115, 500, 171, 186, 100, 108, 0, '2020-04-03 00:00:00', '2020-01-01 00:00:00', 1, 'FU untuk set meeting', '2020-04-03', '00:00:00', '2020-04-03', '00:00:00', 0, 'Set meeting untuk diskusi mengenai jasa supportnya.', '', 0, '2020-01-01 00:00:00', '0', '0', '', 0, '2020-01-01 00:00:00', '0', '0', '', 0, '', 1, 1, '2020-01-01 00:00:00', 0, '2020-04-03 10:36:42', 0),
	(113, 1064, 200, 0, 0, 100, 107, 0, '2020-04-03 00:00:00', '2020-01-01 00:00:00', 1, 'FU untuk set presentasi ERP', '2020-04-03', '00:00:00', '2020-04-03', '00:00:00', 0, 'FU untuk set presentasi ERP', '', 0, '2020-01-01 00:00:00', '0', '0', '', 0, '2020-01-01 00:00:00', '0', '0', '', 0, 'Created by Ang ThinkTank', 1, 1, '2020-04-03 13:56:44', 107, '2020-04-03 13:56:44', 0),
	(114, 1064, 200, 0, 0, 100, 108, 0, '2020-04-03 00:00:00', '2020-01-01 00:00:00', 1, 'FU untuk set presentasi ERP', '2020-04-03', '00:00:00', '2020-04-03', '00:00:00', 0, 'FU untuk set presentasi ERP dengan bapaknya', '', 0, '2020-01-01 00:00:00', '0', '0', '', 0, '2020-01-01 00:00:00', '0', '0', '', 0, 'Created by Agriyani R', 1, 1, '2020-04-03 14:03:40', 108, '2020-04-03 14:03:40', 0),
	(115, 1064, 200, 0, 0, 200, 108, 0, '2020-04-03 13:00:00', '2020-01-01 00:00:00', 0, 'Presentasi ERP', '2020-04-03', '13:00:00', '2020-04-03', '14:00:00', 0, 'Bapaknya ada kebutuhan ERP sampai manufaktur. So far ok dengan Acumatica. Minta kirim quotation dulu.', '', 200000, '2020-01-01 00:00:00', '0', '0', '', 0, '2020-01-01 00:00:00', '0', '0', '', 0, 'Created by Agriyani R', 1, 1, '2020-04-03 14:04:42', 108, '2020-04-03 14:04:42', 0),
	(116, 117, 500, 172, 187, 200, 108, 0, '2020-04-03 13:00:00', '2020-01-01 00:00:00', 0, 'Presentasi ERP', '2020-04-03', '00:00:00', '2020-04-03', '14:00:00', 0, 'Bapaknya ada kebutuhan ERP sampai manufaktur. So far ok dengan Acumatica. Minta kirim quotation dulu.', '', 200000, '2020-01-01 00:00:00', '0', '0', '', 0, '2020-01-01 00:00:00', '0', '0', '', 0, '', 1, 1, '2020-01-01 00:00:00', 0, '2020-04-03 14:04:42', 0),
	(117, 117, 500, 172, 187, 100, 108, 0, '2020-04-03 00:00:00', '2020-01-01 00:00:00', 1, 'FU untuk set presentasi ERP', '2020-04-03', '00:00:00', '2020-04-03', '00:00:00', 0, 'FU untuk set presentasi ERP dengan bapaknya', '', 0, '2020-01-01 00:00:00', '0', '0', '', 0, '2020-01-01 00:00:00', '0', '0', '', 0, '', 1, 1, '2020-01-01 00:00:00', 0, '2020-04-03 14:03:40', 0),
	(118, 117, 500, 172, 187, 100, 107, 0, '2020-04-03 00:00:00', '2020-01-01 00:00:00', 1, 'FU untuk set presentasi ERP', '2020-04-03', '00:00:00', '2020-04-03', '00:00:00', 0, 'FU untuk set presentasi ERP', '', 0, '2020-01-01 00:00:00', '0', '0', '', 0, '2020-01-01 00:00:00', '0', '0', '', 0, '', 1, 1, '2020-01-01 00:00:00', 0, '2020-04-03 13:56:44', 0),
	(119, 1066, 200, 0, 0, 1, 113, 0, '2020-04-04 00:00:00', '2020-01-01 00:00:00', 1, 'Buat prepare presentasi', '2020-04-04', '00:00:00', '2020-04-04', '00:00:00', 0, 'Presentasi untuk perusahaan ini dan cari tau kebutuhan mereka', 'Sudah buka tugas gua lagi.', 0, '2020-01-01 00:00:00', '0', '0', '', 0, '2020-01-01 00:00:00', '0', '0', '', 0, 'Created by Adi Tenggara', 1, 1, '2020-04-04 13:14:53', 113, '2020-04-04 13:34:07', 113),
	(120, 1066, 200, 0, 0, 200, 113, 0, '2020-04-04 00:00:00', '2020-01-01 00:00:00', 1, 'Visit Meeting', '2020-04-04', '00:00:00', '2020-04-04', '00:00:00', 0, 'Say Hi', 'Bukan bagina tuags gua lagi.', 1000000, '2020-01-01 00:00:00', '0', '0', '', 0, '2020-01-01 00:00:00', '0', '0', '', 0, 'Created by Adi Tenggara', 1, 1, '2020-04-04 13:15:11', 113, '2020-04-04 13:34:16', 113),
	(121, 1066, 200, 0, 0, 300, 113, 0, '2020-04-07 10:00:00', '2020-01-01 00:00:00', 1, 'Seminar Customer', '2020-04-07', '10:00:00', '2020-04-07', '13:00:00', 0, 'Seminar Customer', 'Sudah di pindah in ke Merry Lim.', 500000, '2020-01-01 00:00:00', '0', '0', '', 0, '2020-01-01 00:00:00', '0', '0', '', 0, 'Created by Adi Tenggara', 1, 1, '2020-04-04 13:15:51', 113, '2020-04-04 13:33:57', 113),
	(122, 1065, 200, 0, 0, 200, 112, 0, '2020-04-08 00:00:00', '2020-01-01 00:00:00', 1, 'Visit Presentasi', '2020-04-08', '00:00:00', '2020-04-04', '00:00:00', 0, 'Presentasi ke prospek', 'Lead di close sementara di batalkan.', 0, '2020-01-01 00:00:00', '0', '0', '', 0, '2020-01-01 00:00:00', '0', '0', '', 0, 'Created by Hellen Keller', 1, 1, '2020-04-04 13:18:29', 112, '2020-04-04 13:45:09', 112),
	(123, 1065, 200, 0, 0, 300, 112, 0, '2020-04-21 11:00:00', '2020-01-01 00:00:00', 1, 'Seminar Customer', '2020-04-21', '11:00:00', '2020-04-22', '11:00:00', 0, 'Seminar Customer', 'Lead di close sementara di batalkan.', 0, '2020-01-01 00:00:00', '0', '0', '', 0, '2020-01-01 00:00:00', '0', '0', '', 0, 'Created by Hellen Keller', 1, 1, '2020-04-04 13:18:56', 112, '2020-04-04 13:45:00', 112),
	(124, 118, 400, 173, 0, 300, 112, 0, '2020-04-21 11:00:00', '2020-01-01 00:00:00', 1, 'Seminar Customer', '2020-04-21', '00:00:00', '2020-04-22', '11:00:00', 0, 'Seminar Customer', '', 0, '2020-01-01 00:00:00', '0', '0', '', 0, '2020-01-01 00:00:00', '0', '0', '', 0, '', 1, 1, '2020-01-01 00:00:00', 0, '2020-04-04 13:45:00', 0),
	(125, 118, 400, 173, 0, 200, 112, 0, '2020-04-08 00:00:00', '2020-01-01 00:00:00', 1, 'Visit Presentasi', '2020-04-08', '00:00:00', '2020-04-04', '00:00:00', 0, 'Presentasi ke prospek', '', 0, '2020-01-01 00:00:00', '0', '0', '', 0, '2020-01-01 00:00:00', '0', '0', '', 0, '', 1, 1, '2020-01-01 00:00:00', 0, '2020-04-04 13:45:09', 0),
	(126, 120, 300, 174, 0, 100, 108, 0, '2020-04-06 00:00:00', '2020-01-01 00:00:00', 1, 'First call', '2020-04-06', '00:00:00', '2020-04-06', '00:00:00', 0, 'Call ke bapaknya dan ada kebutuhan untuk ERPnya. Coba kirim brosur dan FU kembali.', '', 0, '2020-01-01 00:00:00', '0', '0', '', 0, '2020-01-01 00:00:00', '0', '0', '', 0, 'Created by Agriyani R', 1, 1, '2020-04-06 10:05:50', 108, '2020-04-06 10:05:50', 0),
	(127, 1068, 200, 0, 0, 100, 108, 0, '2020-04-06 00:00:00', '2020-01-01 00:00:00', 1, 'FU untuk set presentasi ERP', '2020-04-06', '00:00:00', '2020-04-06', '00:00:00', 0, 'FU Bapaknya sudah terima informasi brosur tentang Acumatica dan mau diset meeting untuk Acumaticanya', '', 0, '2020-01-01 00:00:00', '0', '0', '', 0, '2020-01-01 00:00:00', '0', '0', '', 0, 'Created by Agriyani R', 1, 1, '2020-04-06 10:36:07', 108, '2020-04-06 10:36:07', 0),
	(128, 1068, 200, 0, 0, 200, 108, 0, '2020-04-06 09:00:00', '2020-01-01 00:00:00', 0, 'Presentasi ERP', '2020-04-06', '09:00:00', '2020-04-06', '10:00:00', 0, 'Set presentasi untuk ERP dengan bapaknya dulu.', '', 100000, '2020-01-01 00:00:00', '0', '0', '', 0, '2020-01-01 00:00:00', '0', '0', '', 0, 'Created by Agriyani R', 1, 1, '2020-04-06 10:36:58', 108, '2020-04-06 10:36:58', 0),
	(129, 121, 500, 174, 188, 200, 108, 0, '2020-04-06 09:00:00', '2020-01-01 00:00:00', 0, 'Presentasi ERP', '2020-04-06', '00:00:00', '2020-04-06', '10:00:00', 0, 'Set presentasi untuk ERP dengan bapaknya dulu.', '', 100000, '2020-01-01 00:00:00', '0', '0', '', 0, '2020-01-01 00:00:00', '0', '0', '', 0, '', 1, 1, '2020-01-01 00:00:00', 0, '2020-04-06 10:36:58', 0),
	(130, 121, 500, 174, 188, 100, 108, 0, '2020-04-06 00:00:00', '2020-01-01 00:00:00', 1, 'FU untuk set presentasi ERP', '2020-04-06', '00:00:00', '2020-04-06', '00:00:00', 0, 'FU Bapaknya sudah terima informasi brosur tentang Acumatica dan mau diset meeting untuk Acumaticanya', '', 0, '2020-01-01 00:00:00', '0', '0', '', 0, '2020-01-01 00:00:00', '0', '0', '', 0, '', 1, 1, '2020-01-01 00:00:00', 0, '2020-04-06 10:36:07', 0),
	(131, 122, 300, 174, 0, 100, 108, 0, '2020-04-06 00:00:00', '2020-01-01 00:00:00', 1, 'Call in', '2020-04-06', '00:00:00', '2020-04-06', '00:00:00', 0, 'Ibunya call in katanya tau kita dari Pak Michael. Ada kebutuhan untuk CRMnya. Coba kirim brosur ke ibunya kemudian FU lagi untuk presentasi.', '', 0, '2020-01-01 00:00:00', '0', '0', '', 0, '2020-01-01 00:00:00', '0', '0', '', 0, 'Created by Agriyani R', 1, 1, '2020-04-06 14:21:24', 108, '2020-04-06 14:21:24', 0),
	(132, 1069, 200, 0, 0, 100, 108, 0, '2020-04-06 00:00:00', '2020-01-01 00:00:00', 1, 'FU untuk set presentasi CRM', '2020-04-06', '00:00:00', '2020-04-06', '00:00:00', 0, 'Ibunya sudah terima emailnya dan mau diset untuk presentasi CRM', '', 0, '2020-01-01 00:00:00', '0', '0', '', 0, '2020-01-01 00:00:00', '0', '0', '', 0, 'Created by Agriyani R', 1, 1, '2020-04-06 14:27:15', 108, '2020-04-06 14:27:15', 0),
	(133, 1069, 200, 0, 0, 200, 108, 0, '2020-04-06 13:00:00', '2020-01-01 00:00:00', 0, 'Presentasi untuk CRM', '2020-04-06', '13:00:00', '2020-04-06', '14:00:00', 0, 'Set presentasi CRM. Belum ada yang masuk untuk sistem lain', '', 100000, '2020-01-01 00:00:00', '0', '0', '', 0, '2020-01-01 00:00:00', '0', '0', '', 0, 'Created by Agriyani R', 1, 1, '2020-04-06 14:28:15', 108, '2020-04-06 14:28:15', 0),
	(134, 123, 500, 174, 189, 200, 108, 0, '2020-04-06 13:00:00', '2020-01-01 00:00:00', 0, 'Presentasi untuk CRM', '2020-04-06', '00:00:00', '2020-04-06', '14:00:00', 0, 'Set presentasi CRM. Belum ada yang masuk untuk sistem lain', '', 100000, '2020-01-01 00:00:00', '0', '0', '', 0, '2020-01-01 00:00:00', '0', '0', '', 0, '', 1, 1, '2020-01-01 00:00:00', 0, '2020-04-06 14:28:15', 0),
	(135, 123, 500, 174, 189, 100, 108, 0, '2020-04-06 00:00:00', '2020-01-01 00:00:00', 1, 'FU untuk set presentasi CRM', '2020-04-06', '00:00:00', '2020-04-06', '00:00:00', 0, 'Ibunya sudah terima emailnya dan mau diset untuk presentasi CRM', '', 0, '2020-01-01 00:00:00', '0', '0', '', 0, '2020-01-01 00:00:00', '0', '0', '', 0, '', 1, 1, '2020-01-01 00:00:00', 0, '2020-04-06 14:27:15', 0),
	(136, 1070, 200, 0, 0, 100, 106, 0, '2020-04-06 00:00:00', '2020-01-01 00:00:00', 1, 'Introduction', '2020-04-06', '00:00:00', '2020-04-06', '00:00:00', 0, 'Call Hari iini baursan', '', 0, '2020-01-01 00:00:00', '0', '0', '', 0, '2020-01-01 00:00:00', '0', '0', '', 0, 'Created by Maria Magdalena', 1, 1, '2020-04-06 16:17:09', 106, '2020-04-06 16:17:09', 0),
	(137, 1070, 200, 0, 0, 1, 106, 0, '2020-04-06 00:00:00', '2020-01-01 00:00:00', 1, 'Tolong buatkan presentasi nya', '2020-04-06', '00:00:00', '2020-04-06', '00:00:00', 0, 'Dibuatkna tugas nya', 'Sudah selesai.', 0, '2020-01-01 00:00:00', '0', '0', '', 0, '2020-01-01 00:00:00', '0', '0', '', 0, 'Created by Maria Magdalena', 1, 1, '2020-04-06 16:19:36', 106, '2020-04-06 16:19:50', 106),
	(138, 124, 400, 175, 0, 1, 106, 0, '2020-04-06 00:00:00', '2020-01-01 00:00:00', 1, 'Tolong buatkan presentasi nya', '2020-04-06', '00:00:00', '2020-04-06', '00:00:00', 0, 'Dibuatkna tugas nya', '', 0, '2020-01-01 00:00:00', '0', '0', '', 0, '2020-01-01 00:00:00', '0', '0', '', 0, '', 1, 1, '2020-01-01 00:00:00', 0, '2020-04-06 16:19:50', 0),
	(139, 124, 400, 175, 0, 100, 106, 0, '2020-04-06 00:00:00', '2020-01-01 00:00:00', 1, 'Introduction', '2020-04-06', '00:00:00', '2020-04-06', '00:00:00', 0, 'Call Hari iini baursan', '', 0, '2020-01-01 00:00:00', '0', '0', '', 0, '2020-01-01 00:00:00', '0', '0', '', 0, '', 1, 1, '2020-01-01 00:00:00', 0, '2020-04-06 16:17:09', 0),
	(140, 1071, 200, 0, 0, 100, 106, 0, '2020-04-06 00:00:00', '2020-01-01 00:00:00', 1, 'Introduction', '2020-04-06', '00:00:00', '2020-04-06', '00:00:00', 0, 'Tlong call for introduction dulu', '', 0, '2020-01-01 00:00:00', '0', '0', '', 0, '2020-01-01 00:00:00', '0', '0', '', 0, 'Created by Maria Magdalena', 1, 1, '2020-04-06 16:25:28', 106, '2020-04-06 16:25:28', 0),
	(141, 1071, 200, 0, 0, 300, 106, 0, '2020-04-08 09:00:00', '2020-01-01 00:00:00', 1, 'Event Mantap Selalu Jaya', '2020-04-08', '09:00:00', '2020-04-08', '11:00:00', 0, 'Acara marketing mantap', 'Event mantap', 200000, '2020-01-01 00:00:00', '0', '0', '', 0, '2020-01-01 00:00:00', '0', '0', '', 0, 'Created by Maria Magdalena', 1, 1, '2020-04-06 16:26:15', 106, '2020-04-06 16:29:08', 106),
	(142, 1071, 200, 0, 0, 1, 106, 0, '2020-04-06 00:00:00', '2020-01-01 00:00:00', 1, 'Tolong reserah data', '2020-04-06', '00:00:00', '2020-04-06', '00:00:00', 0, 'Tolong siapkan daftar harga market nya dulu', 'sudah seleswai yah pak ini.', 0, '2020-01-01 00:00:00', '0', '0', '', 0, '2020-01-01 00:00:00', '0', '0', '', 0, 'Created by Edo Suhendra', 1, 1, '2020-04-06 16:35:20', 1, '2020-04-06 16:36:29', 106),
	(143, 0, 400, 176, 0, 100, 106, 0, '2020-04-06 00:00:00', '2020-01-01 00:00:00', 1, 'Introduction', '2020-04-06', '00:00:00', '2020-04-06', '00:00:00', 0, 'Tolong di intro dong.', '', 0, '2020-01-01 00:00:00', '0', '0', '', 0, '2020-01-01 00:00:00', '0', '0', '', 0, 'Created by Maria Magdalena', 1, 1, '2020-04-06 16:49:39', 106, '2020-04-06 16:49:39', 0),
	(144, 127, 300, 177, 0, 100, 107, 0, '2020-04-07 00:00:00', '2020-01-01 00:00:00', 1, 'First call', '2020-04-07', '00:00:00', '2020-04-07', '00:00:00', 0, 'Bapaknya bilang ada kebutuhan untuk ERPnya jadi kirim brosur dulu kemudian FU lagi.', '', 0, '2020-01-01 00:00:00', '0', '0', '', 0, '2020-01-01 00:00:00', '0', '0', '', 0, 'Created by Ang ThinkTank', 1, 1, '2020-04-07 09:57:35', 107, '2020-04-07 09:57:35', 0),
	(145, 1072, 200, 0, 0, 100, 107, 0, '2020-04-07 00:00:00', '2020-01-01 00:00:00', 1, 'FU untuk set presentasi ERP', '2020-04-07', '00:00:00', '2020-04-07', '00:00:00', 0, 'Bapaknya mau untuk diset presentasi ERP', '', 0, '2020-01-01 00:00:00', '0', '0', '', 0, '2020-01-01 00:00:00', '0', '0', '', 0, 'Created by Ang ThinkTank', 1, 1, '2020-04-07 10:29:26', 107, '2020-04-07 10:29:26', 0),
	(146, 1072, 200, 0, 0, 200, 108, 0, '2020-04-07 12:00:00', '2020-01-01 00:00:00', 0, 'Presentasi ERP', '2020-04-07', '12:00:00', '2020-04-07', '13:00:00', 0, 'Sudah presentasi dengan bapaknya. So far cocok dan untuk budgetnya ada di angka 400,000,000. Coba submit quotation dulu ke bapaknya.', '', 0, '2020-01-01 00:00:00', '0', '0', '', 0, '2020-01-01 00:00:00', '0', '0', '', 0, 'Created by Agriyani R', 1, 1, '2020-04-07 14:09:25', 108, '2020-04-07 14:09:25', 0),
	(147, 128, 500, 177, 190, 200, 108, 0, '2020-04-07 12:00:00', '2020-01-01 00:00:00', 1, 'Presentasi ERP', '2020-04-07', '00:00:00', '2020-04-07', '13:00:00', 0, 'Sudah presentasi dengan bapaknya. So far cocok dan untuk budgetnya ada di angka 400,000,000. Coba submit quotation dulu ke bapaknya.', 'Sudah dilakuka ', 0, '2020-01-01 00:00:00', '0', '0', '', 0, '2020-01-01 00:00:00', '0', '0', '', 0, '', 1, 1, '2020-01-01 00:00:00', 0, '2020-05-20 12:59:45', 107),
	(148, 128, 500, 177, 190, 100, 107, 0, '2020-04-07 00:00:00', '2020-01-01 00:00:00', 1, 'FU untuk set presentasi ERP', '2020-04-07', '00:00:00', '2020-04-07', '00:00:00', 0, 'Bapaknya mau untuk diset presentasi ERP', '', 0, '2020-01-01 00:00:00', '0', '0', '', 0, '2020-01-01 00:00:00', '0', '0', '', 0, '', 1, 1, '2020-01-01 00:00:00', 0, '2020-04-07 10:29:26', 0),
	(149, 1073, 200, 0, 0, 100, 106, 0, '2020-04-07 00:00:00', '2020-01-01 00:00:00', 1, 'Introduction ke Michael', '2020-04-07', '00:00:00', '2020-04-07', '00:00:00', 0, 'Telpon buat bapak Michael.', '', 0, '2020-01-01 00:00:00', '0', '0', '', 0, '2020-01-01 00:00:00', '0', '0', '', 0, 'Created by Maria Magdalena', 1, 1, '2020-04-07 15:06:30', 106, '2020-04-07 15:06:30', 0),
	(150, 1073, 200, 0, 0, 1, 106, 0, '2020-04-07 00:00:00', '2020-01-01 00:00:00', 1, 'Presentasi Power Point', '2020-04-07', '00:00:00', '2020-04-07', '00:00:00', 0, 'Byuat presentasi powerpoint', 'Beres berhasil dan sudah di kirim', 0, '2020-01-01 00:00:00', '0', '0', '', 0, '2020-01-01 00:00:00', '0', '0', '', 0, 'Created by Maria Magdalena', 1, 1, '2020-04-07 15:08:23', 106, '2020-04-07 15:10:30', 106),
	(151, 130, 500, 178, 193, 1, 106, 0, '2020-04-07 00:00:00', '2020-01-01 00:00:00', 1, 'Presentasi Power Point', '2020-04-07', '00:00:00', '2020-04-07', '00:00:00', 0, 'Byuat presentasi powerpoint', '', 0, '2020-01-01 00:00:00', '0', '0', '', 0, '2020-01-01 00:00:00', '0', '0', '', 0, '', 1, 1, '2020-01-01 00:00:00', 0, '2020-04-07 15:10:30', 0),
	(152, 130, 500, 178, 193, 100, 106, 0, '2020-04-07 00:00:00', '2020-01-01 00:00:00', 1, 'Introduction ke Michael', '2020-04-07', '00:00:00', '2020-04-07', '00:00:00', 0, 'Telpon buat bapak Michael.', '', 0, '2020-01-01 00:00:00', '0', '0', '', 0, '2020-01-01 00:00:00', '0', '0', '', 0, '', 1, 1, '2020-01-01 00:00:00', 0, '2020-04-07 15:06:30', 0),
	(153, 131, 300, 179, 0, 100, 107, 0, '2020-04-07 00:00:00', '2020-01-01 00:00:00', 1, 'First Call', '2020-04-07', '00:00:00', '2020-04-07', '00:00:00', 0, 'Callout ke bapaknya ternyata ada kebutuhan untuk HRIS. Coba kirim brosurnya kemudian FU kembali untuk presentasi', '', 0, '2020-01-01 00:00:00', '0', '0', '', 0, '2020-01-01 00:00:00', '0', '0', '', 0, 'Created by Ang ThinkTank', 1, 1, '2020-04-07 16:50:56', 107, '2020-04-07 16:50:56', 0),
	(154, 1074, 200, 0, 0, 100, 107, 0, '2020-04-07 00:00:00', '2020-01-01 00:00:00', 1, 'FU untuk set presentasi HRIS', '2020-04-07', '00:00:00', '2020-04-07', '00:00:00', 0, 'Bapaknya mau diset untuk presentasi HRIS', '', 0, '2020-01-01 00:00:00', '0', '0', '', 0, '2020-01-01 00:00:00', '0', '0', '', 0, 'Created by Ang ThinkTank', 1, 1, '2020-04-07 16:54:22', 107, '2020-04-07 16:54:22', 0),
	(155, 1074, 200, 0, 0, 200, 107, 0, '2020-04-07 15:00:00', '2020-01-01 00:00:00', 0, 'Presentasi HRIS', '2020-04-07', '15:00:00', '2020-04-07', '16:00:00', 0, 'Overall sudah sesuai dengan kebutuhan bapaknya. Minta quotation untuk modul standar', '', 70000, '2020-01-01 00:00:00', '0', '0', '', 0, '2020-01-01 00:00:00', '0', '0', '', 0, 'Created by Ang ThinkTank', 1, 0, '2020-04-07 16:55:13', 107, '2020-04-08 15:14:04', 107),
	(156, 132, 500, 179, 194, 200, 107, 0, '2020-04-07 15:00:00', '2020-01-01 00:00:00', 0, 'Presentasi HRIS', '2020-04-07', '00:00:00', '2020-04-07', '16:00:00', 0, 'Overall sudah sesuai dengan kebutuhan bapaknya. Minta quotation untuk modul standar', '', 70000, '2020-01-01 00:00:00', '0', '0', '', 0, '2020-01-01 00:00:00', '0', '0', '', 0, '', 1, 1, '2020-01-01 00:00:00', 0, '2020-04-07 16:55:13', 0),
	(157, 132, 500, 179, 194, 100, 107, 0, '2020-04-07 00:00:00', '2020-01-01 00:00:00', 1, 'FU untuk set presentasi HRIS', '2020-04-07', '00:00:00', '2020-04-07', '00:00:00', 0, 'Bapaknya mau diset untuk presentasi HRIS', '', 0, '2020-01-01 00:00:00', '0', '0', '', 0, '2020-01-01 00:00:00', '0', '0', '', 0, '', 1, 1, '2020-01-01 00:00:00', 0, '2020-04-07 16:54:22', 0),
	(158, 1066, 200, 0, 0, 1, 7, 0, '2020-04-08 00:00:00', '2020-01-01 00:00:00', 0, 'test felix lead  Michele Reis', '2020-04-08', '00:00:00', '2020-04-08', '00:00:00', 0, 'test felix lead  Michele Reis\nCompany	Company Class	Position	Mobile	Email	Lead Status\nPT. Netflix Indonesia	Channel	Finance Director	0812-34300999	mreis@gmail.com	 Closed', '', 0, '2020-01-01 00:00:00', '0', '0', '', 0, '2020-01-01 00:00:00', '0', '0', '', 0, 'Created by Admin Superadmin', 1, 0, '2020-04-08 15:14:44', 7, '2020-05-13 18:18:16', 7),
	(159, 1077, 200, 0, 0, 100, 1, 0, '2020-04-08 00:00:00', '2020-01-01 00:00:00', 1, 'Testing', '2020-04-08', '00:00:00', '2020-04-08', '00:00:00', 0, 'Testing', '', 0, '2020-01-01 00:00:00', '0', '0', '', 0, '2020-01-01 00:00:00', '0', '0', '', 0, 'Created by Edo Suhendra', 1, 1, '2020-04-08 15:21:12', 1, '2020-04-08 15:21:12', 0),
	(160, 1077, 200, 0, 0, 200, 1, 0, '2020-04-08 00:00:00', '2020-01-01 00:00:00', 1, 'Test', '2020-04-08', '00:00:00', '2020-04-08', '00:00:00', 0, 'TEst', 'Betes', 10000, '2020-01-01 00:00:00', '0', '0', '', 0, '2020-01-01 00:00:00', '0', '0', '', 0, 'Created by Edo Suhendra', 1, 1, '2020-04-08 15:22:39', 1, '2020-05-19 22:36:19', 1),
	(161, 0, 400, 182, 0, 100, 107, 0, '2020-04-09 00:00:00', '2020-01-01 00:00:00', 1, 'First Call', '2020-04-09', '00:00:00', '2020-04-09', '00:00:00', 0, 'Ada kebutuhan untuk HRIS. Coba kirim brosur dulu', '', 0, '2020-01-01 00:00:00', '0', '0', '', 0, '2020-01-01 00:00:00', '0', '0', '', 0, 'Created by Ang ThinkTank', 1, 1, '2020-04-09 11:12:21', 107, '2020-04-09 11:12:21', 0),
	(162, 136, 500, 182, 197, 100, 107, 0, '2020-04-09 00:00:00', '2020-01-01 00:00:00', 1, 'FU untuk set presentasi HRIS', '2020-04-09', '00:00:00', '2020-04-09', '00:00:00', 0, 'Sudah terima brosurnya dan set presentasi untuk HRISnya', '', 0, '2020-01-01 00:00:00', '0', '0', '', 0, '2020-01-01 00:00:00', '0', '0', '', 0, 'Created by Ang ThinkTank', 1, 1, '2020-04-09 11:15:10', 107, '2020-04-09 11:15:10', 0),
	(163, 136, 500, 182, 197, 200, 107, 0, '2020-04-09 10:00:00', '2020-01-01 00:00:00', 0, 'Set presentasi HRIS', '2020-04-09', '10:00:00', '2020-04-09', '11:00:00', 0, 'Set presentasi HRIS, butuh modul standar dan ESS. So far memenuhi kebutuhan ibunya. Karyawan ada 1000 orang dan user HR ada 10 orang beserta payrollnya. Minta kirim quotationnya', '', 100000, '2020-01-01 00:00:00', '0', '0', '', 0, '2020-01-01 00:00:00', '0', '0', '', 0, 'Created by Ang ThinkTank', 1, 1, '2020-04-09 11:16:52', 107, '2020-04-09 11:16:52', 0),
	(164, 1080, 200, 0, 0, 100, 107, 0, '2020-04-13 00:00:00', '2020-01-01 00:00:00', 1, 'First Call', '2020-04-13', '00:00:00', '2020-04-13', '00:00:00', 0, 'Diinfo oleh Ibu Sara mau cari ERP untuk companynya jadi kontak ke Pak Ray dan betul ada kebutuhan untuk ERPnya jadi kirim brosurnya dulu baru diset presentasi', '', 0, '2020-01-01 00:00:00', '0', '0', '', 0, '2020-01-01 00:00:00', '0', '0', '', 0, 'Created by Ang ThinkTank', 1, 1, '2020-04-13 14:35:17', 107, '2020-04-13 14:35:17', 0),
	(165, 137, 500, 183, 199, 100, 103, 0, '2020-04-14 00:00:00', '2020-01-01 00:00:00', 1, 'Buat quotation', '2020-04-14', '00:00:00', '2020-04-14', '00:00:00', 0, 'Minta buat quotation', '', 0, '2020-01-01 00:00:00', '0', '0', '', 0, '2020-01-01 00:00:00', '0', '0', '', 0, 'Created by Anggie Thinktank', 1, 1, '2020-04-14 11:22:45', 103, '2020-04-14 11:22:45', 0),
	(166, 1078, 200, 0, 0, 100, 7, 0, '2020-05-18 00:00:00', '2020-01-01 00:00:00', 1, 'Call ', '2020-05-18', '00:00:00', '2020-05-18', '00:00:00', 0, 'Call 123', '', 0, '2020-01-01 00:00:00', '0', '0', '', 0, '2020-01-01 00:00:00', '0', '0', '', 0, 'Created by Admin Superadmin', 1, 1, '2020-05-18 13:17:56', 7, '2020-05-18 13:17:56', 0),
	(167, 1078, 200, 0, 0, 1, 7, 0, '2020-05-18 00:00:00', '2020-01-01 00:00:00', 1, 'Task Baru 2021', '2020-05-18', '00:00:00', '2020-05-18', '00:00:00', 0, '3 Hour Relaxing Piano Studio Ghibli Collection\n? Follow Music Plus:\n?Subscribe: https://goo.gl/atf4qi\n?Facebook: https://goo.gl/JXYaXZ\n?Gplus: https://goo.gl/hwtnRU\n?Link Mp3: Please Leave Your Email Here\n?????????????????????????\nAll rights belong to their respective owners. If any owner of track/background used in this mix is unhappy, feel free to contact me if anything is wrong\n\n?Keep Calm & Enjoy The Music ?\n_Music Plus_', 'Take a walk down memory lane today with some of Selena Gomez\'s biggest videos on the SELENA GOMEZ COMPLETE playlist! Watch here: http://hollywoodrecs.co/SelenaGomez/V...', 0, '2020-01-01 00:00:00', '0', '0', '', 0, '2020-01-01 00:00:00', '0', '0', '', 0, 'Created by Admin Superadmin', 1, 1, '2020-05-18 15:33:12', 7, '2020-05-18 16:22:10', 7),
	(168, 1078, 200, 0, 0, 1, 7, 0, '2020-05-18 00:00:00', '2020-01-01 00:00:00', 0, 'tast', '2020-05-18', '00:00:00', '2020-05-18', '00:00:00', 0, '', '', 0, '2020-01-01 00:00:00', '0', '0', '', 0, '2020-01-01 00:00:00', '0', '0', '', 0, 'Created by Admin Superadmin', 1, 1, '2020-05-18 16:05:36', 7, '2020-05-18 16:05:36', 0),
	(169, 1078, 200, 0, 0, 100, 7, 0, '2020-05-18 00:00:00', '2020-01-01 00:00:00', 1, 'task2', '2020-05-18', '00:00:00', '2020-05-18', '00:00:00', 0, '', '', 0, '2020-01-01 00:00:00', '0', '0', '', 0, '2020-01-01 00:00:00', '0', '0', '', 0, 'Created by Admin Superadmin', 1, 1, '2020-05-18 16:05:54', 7, '2020-05-18 16:05:54', 0),
	(170, 1078, 200, 0, 0, 1, 7, 0, '2020-05-18 00:00:00', '2020-01-01 00:00:00', 0, 'tast 23', '2020-05-18', '00:00:00', '2020-05-18', '00:00:00', 0, '123', '', 0, '2020-01-01 00:00:00', '0', '0', '', 0, '2020-01-01 00:00:00', '0', '0', '', 0, 'Created by Admin Superadmin', 1, 1, '2020-05-18 16:06:05', 7, '2020-05-18 16:06:05', 0),
	(171, 1096, 200, 0, 0, 100, 1, 0, '2020-05-19 17:25:00', '2020-01-01 00:00:00', 1, 'Call Introduction', '2020-05-19', '17:25:00', '2020-05-19', '00:00:00', 0, 'Call perkenalan dulu', '', 0, '2020-01-01 00:00:00', '0', '0', '', 0, '2020-01-01 00:00:00', '0', '0', '', 0, 'Created by Edo Suhendra', 1, 1, '2020-05-19 22:41:02', 1, '2020-05-19 22:41:02', 0),
	(172, 1096, 200, 0, 0, 100, 1, 0, '2020-05-19 17:25:00', '2020-01-01 00:00:00', 1, 'Call Introduction', '2020-05-19', '17:25:00', '2020-05-19', '00:00:00', 0, 'Call perkenalan dulu', '', 0, '2020-01-01 00:00:00', '0', '0', '', 0, '2020-01-01 00:00:00', '0', '0', '', 0, 'Created by Edo Suhendra', 1, 1, '2020-05-19 22:41:03', 1, '2020-05-19 22:41:03', 0),
	(173, 1096, 200, 0, 0, 1, 103, 0, '2020-05-19 00:00:00', '2020-01-01 00:00:00', 1, 'Demo', '2020-05-19', '00:00:00', '2020-05-19', '00:00:00', 0, 'Tolong prepare demo', 'Ok saya closed ya.', 0, '2020-01-01 00:00:00', '0', '0', '', 0, '2020-01-01 00:00:00', '0', '0', '', 0, 'Created by Edo Suhendra', 1, 1, '2020-05-19 22:55:08', 1, '2020-05-19 23:02:56', 1),
	(174, 1096, 200, 0, 0, 1, 103, 0, '2020-05-19 00:00:00', '2020-01-01 00:00:00', 1, 'Demo', '2020-05-19', '00:00:00', '2020-05-19', '00:00:00', 0, 'Tolong prepare demo', 'Dobuel saya clsoed yang ini.', 0, '2020-01-01 00:00:00', '0', '0', '', 0, '2020-01-01 00:00:00', '0', '0', '', 0, 'Created by Edo Suhendra', 1, 1, '2020-05-19 22:55:08', 1, '2020-05-19 22:59:09', 103),
	(175, 1096, 200, 0, 0, 200, 103, 0, '2020-05-22 09:00:00', '2020-01-01 00:00:00', 1, 'Dtg demo', '2020-05-22', '09:00:00', '2020-05-22', '11:56:00', 0, 'Dtg predentasi', 'Ini redudant doube. Aku apuss yah.', 100000, '2020-01-01 00:00:00', '0', '0', '', 0, '2020-01-01 00:00:00', '0', '0', '', 0, 'Created by Edo Suhendra', 1, 1, '2020-05-19 22:56:30', 1, '2020-05-19 23:11:40', 103),
	(176, 1096, 200, 0, 0, 200, 103, 0, '2020-05-22 09:00:00', '2020-01-01 00:00:00', 1, 'Dtg demo', '2020-05-22', '09:00:00', '2020-05-22', '11:56:00', 0, 'Dtg predentasi', 'Reschedule', 100000, '2020-01-01 00:00:00', '0', '0', '', 0, '2020-01-01 00:00:00', '0', '0', '', 0, 'Created by Edo Suhendra', 1, 1, '2020-05-19 22:56:31', 1, '2020-05-19 23:23:43', 1),
	(177, 1096, 200, 0, 0, 300, 103, 0, '2020-05-26 09:00:00', '2020-01-01 00:00:00', 1, 'Seminar', '2020-05-26', '09:00:00', '2020-05-26', '11:56:00', 0, 'Seminsr', 'Sorry batal yah inj. Gak ada duit gara gara covid.', 500090, '2020-01-01 00:00:00', '0', '0', '', 0, '2020-01-01 00:00:00', '0', '0', '', 0, 'Created by Edo Suhendra', 1, 1, '2020-05-19 22:57:43', 1, '2020-05-19 23:21:13', 1),
	(178, 144, 500, 184, 200, 100, 103, 0, '2020-05-20 14:00:00', '2020-01-01 00:00:00', 1, 'First call', '2020-05-20', '14:00:00', '2020-05-20', '00:00:00', 0, 'Bapaknya info ada kebutuhan untuk erpnya', '', 0, '2020-01-01 00:00:00', '0', '0', '', 0, '2020-01-01 00:00:00', '0', '0', '', 0, 'Created by Anggie Thinktank', 1, 1, '2020-05-20 13:40:35', 103, '2020-05-20 13:40:35', 0),
	(179, 144, 500, 184, 200, 100, 103, 0, '2020-05-20 14:00:00', '2020-01-01 00:00:00', 1, 'FU emailnya', '2020-05-20', '14:00:00', '2020-05-20', '00:00:00', 0, 'FU bapaknya untuk email yang sudah dikirimkan dan bapaknya setuju untuk diset presentasi', '', 0, '2020-01-01 00:00:00', '0', '0', '', 0, '2020-01-01 00:00:00', '0', '0', '', 0, 'Created by Anggie Thinktank', 1, 1, '2020-05-20 13:44:09', 103, '2020-05-20 13:44:09', 0),
	(180, 144, 500, 184, 200, 200, 103, 0, '2020-05-20 12:00:00', '2020-01-01 00:00:00', 0, 'Presentasi ERP', '2020-05-20', '12:00:00', '2020-05-20', '13:00:00', 0, 'Presentasi ERP di kantor bapaknya', '', 50000, '2020-01-01 00:00:00', '0', '0', '', 0, '2020-01-01 00:00:00', '0', '0', '', 0, 'Created by Anggie Thinktank', 1, 0, '2020-05-20 13:45:15', 103, '2020-05-20 15:04:04', 103),
	(181, 144, 500, 184, 200, 200, 103, 0, '2020-05-20 12:00:00', '2020-01-01 00:00:00', 0, 'Presentasi ERP', '2020-05-20', '12:00:00', '2020-05-20', '13:00:00', 0, 'Presentasi ERP di kantor bapaknya', '', 50000, '2020-01-01 00:00:00', '0', '0', '', 0, '2020-01-01 00:00:00', '0', '0', '', 0, 'Created by Anggie Thinktank', 1, 0, '2020-05-20 13:45:18', 103, '2020-05-20 15:03:58', 103),
	(182, 144, 500, 184, 200, 200, 103, 0, '2020-05-20 12:00:00', '2020-01-01 00:00:00', 0, 'Presentasi ERP', '2020-05-20', '12:00:00', '2020-05-20', '13:00:00', 0, 'Presentasi ERP di kantor bapaknya', '', 50000, '2020-06-22 15:08:01', '-6.2102222', '106.8370981', '', 1, '2020-01-01 00:00:00', '0', '0', '', 0, 'Created by Anggie Thinktank', 1, 1, '2020-05-20 13:45:18', 103, '2020-05-20 13:45:18', 0),
	(183, 150, 400, 189, 0, 100, 103, 0, '2020-05-20 15:00:00', '2020-01-01 00:00:00', 1, 'First call', '2020-05-20', '15:00:00', '2020-05-20', '00:00:00', 0, 'Ibunya interest dengan ERP kita jd nanti mau diset meeting', '', 0, '2020-01-01 00:00:00', '0', '0', '', 0, '2020-01-01 00:00:00', '0', '0', '', 0, 'Created by Anggie Thinktank', 1, 1, '2020-05-20 15:01:49', 103, '2020-05-20 15:01:49', 0),
	(184, 150, 400, 189, 0, 100, 103, 0, '2020-05-20 15:00:00', '2020-01-01 00:00:00', 1, 'First call', '2020-05-20', '15:00:00', '2020-05-20', '00:00:00', 0, 'Ibunya interest dengan ERP kita jd nanti mau diset meeting', '', 0, '2020-01-01 00:00:00', '0', '0', '', 0, '2020-01-01 00:00:00', '0', '0', '', 0, 'Created by Anggie Thinktank', 1, 1, '2020-05-20 15:01:50', 103, '2020-05-20 15:01:50', 0),
	(185, 150, 400, 189, 0, 300, 103, 0, '2020-05-20 13:00:00', '2020-01-01 00:00:00', 0, 'Presentasi ERP', '2020-05-20', '13:00:00', '2020-05-20', '02:20:00', 0, 'Presentasi dengan ibunya dan user2nya', '', 100000, '2020-06-03 17:09:32', '-6.2015247', '106.7209368', '', 103, '2020-06-03 17:15:25', '-6.2015358', '106.7209528', 'Done presentasi', 103, 'Created by Anggie Thinktank', 1, 1, '2020-05-20 15:22:36', 103, '2020-05-20 15:22:36', 0),
	(186, 1080, 200, 0, 0, 200, 108, 0, '2020-05-20 00:00:00', '2020-01-01 00:00:00', 0, 'New Task input test by Felix', '2020-05-20', '00:00:00', '2020-05-20', '00:00:00', 0, 'New Task input test by Felix Desc', '', 0, '2020-01-01 00:00:00', '0', '0', '', 0, '2020-01-01 00:00:00', '0', '0', '', 0, 'Created by Agriyani R', 1, 1, '2020-05-20 16:35:35', 108, '2020-05-20 16:35:35', 0),
	(187, 1080, 200, 0, 0, 300, 108, 0, '2020-05-20 00:00:00', '2020-01-01 00:00:00', 0, 'New Task input test by Felix Event', '2020-05-20', '00:00:00', '2020-05-20', '00:00:00', 0, 'New Task input test by Felix Event', '', 0, '2020-01-01 00:00:00', '0', '0', '', 0, '2020-01-01 00:00:00', '0', '0', '', 0, 'Created by Agriyani R', 1, 1, '2020-05-20 16:35:46', 108, '2020-05-20 16:35:46', 0),
	(188, 1095, 200, 0, 0, 200, 7, 0, '2020-05-20 00:00:00', '2020-01-01 00:00:00', 0, 'Visit1', '2020-05-20', '00:00:00', '2020-05-20', '00:00:00', 0, '', '', 0, '2020-07-17 13:42:02', '-6.2016252', '106.799313', '', 7, '2020-01-01 00:00:00', '0', '0', '', 0, 'Created by Admin Superadmin', 1, 1, '2020-05-20 19:51:29', 7, '2020-05-20 19:51:29', 0),
	(189, 1095, 200, 0, 0, 100, 7, 0, '2020-05-21 00:00:00', '2020-01-01 00:00:00', 1, 'Las Call', '2020-05-21', '00:00:00', '2020-05-21', '00:00:00', 0, '', '', 0, '2020-01-01 00:00:00', '0', '0', '', 0, '2020-01-01 00:00:00', '0', '0', '', 0, 'Created by Admin Superadmin', 1, 1, '2020-05-21 12:07:13', 7, '2020-05-21 12:07:13', 0),
	(190, 1090, 200, 0, 0, 100, 7, 0, '2020-05-22 14:02:00', '2020-01-01 00:00:00', 1, 'call logs ', '2020-05-21', '14:02:00', '2020-05-21', '00:00:00', 0, 'FUNDRAISING UPDATE! Having been paid for 40 out of the total 60 sketches I am doing AND all the amazing art contributed by such terrific talents as @rafaelalbuquerque81 @arthuradamsart @bryanhitchcomics @rongarneyart #samkieth @joe_bennett_comics @ivanreisart @jscottcampbellart @jimcheungart @oliviercoipel @alexanderlozanoart @duss005 @tonysdanielx @thedougmahnke @billsienkiewiczart @frankmiller_official @darickwr @davidchoe #brettbooth @tylerkirkhamart @scottwilliamsinks @jo...\nSee More', '', 0, '2020-01-01 00:00:00', '0', '0', '', 0, '2020-01-01 00:00:00', '0', '0', '', 0, 'Created by Admin Superadmin', 1, 1, '2020-05-21 12:17:04', 7, '2020-05-21 12:17:04', 0),
	(191, 1095, 200, 0, 0, 1, 7, 0, '2020-05-21 00:00:00', '2020-01-01 00:00:00', 0, 'Task baru', '2020-05-21', '00:00:00', '2020-05-21', '00:00:00', 0, 'Task baru', '', 0, '2020-01-01 00:00:00', '0', '0', '', 0, '2020-01-01 00:00:00', '0', '0', '', 0, 'Created by Admin Superadmin', 1, 1, '2020-05-21 14:07:06', 7, '2020-05-21 14:07:06', 0),
	(192, 1095, 200, 0, 0, 100, 7, 0, '2020-05-20 07:20:00', '2020-01-01 00:00:00', 1, 'Call today 10:10', '2020-05-21', '07:20:00', '2020-05-21', '00:00:00', 0, 'call aja', '', 0, '2020-01-01 00:00:00', '0', '0', '', 0, '2020-01-01 00:00:00', '0', '0', '', 0, 'Created by Admin Superadmin', 1, 1, '2020-05-21 14:10:55', 7, '2020-05-21 14:10:55', 0),
	(193, 1106, 200, 0, 0, 100, 1, 0, '2020-05-21 11:50:00', '2020-01-01 00:00:00', 1, 'Introduction', '2020-05-21', '11:50:00', '2020-05-21', '00:00:00', 0, 'Introduction', '', 0, '2020-01-01 00:00:00', '0', '0', '', 0, '2020-01-01 00:00:00', '0', '0', '', 0, 'Created by Edo Suhendra', 1, 1, '2020-05-21 22:54:01', 1, '2020-05-21 22:54:01', 0),
	(194, 1106, 200, 0, 0, 1, 103, 0, '2020-05-21 00:00:00', '2020-01-01 00:00:00', 1, 'Tolong buating file demo', '2020-05-21', '11:50:00', '2020-05-21', '00:00:00', 0, 'Tolong buatin file demo nya', 'Sudah selesai.', 0, '2020-01-01 00:00:00', '0', '0', '', 0, '2020-01-01 00:00:00', '0', '0', '', 0, 'Created by Edo Suhendra', 1, 1, '2020-05-21 22:55:06', 1, '2020-05-21 22:57:34', 1),
	(195, 1106, 200, 0, 0, 200, 1, 0, '2020-05-22 10:00:00', '2020-01-01 00:00:00', 1, 'Datang Demo', '2020-05-22', '10:00:00', '2020-05-22', '11:00:00', 0, 'Datang untuk demo', 'Demo sudah selesai dan di terima dia butuh ERP.', 50000, '2020-01-01 00:00:00', '0', '0', '', 0, '2020-01-01 00:00:00', '0', '0', '', 0, 'Created by Edo Suhendra', 1, 1, '2020-05-21 22:59:02', 1, '2020-05-21 22:59:28', 1),
	(196, 149, 500, 164, 202, 100, 103, 0, '2020-05-22 01:00:00', '2020-01-01 00:00:00', 1, 'Call in dari bapaknya', '2020-05-22', '01:00:00', '2020-05-22', '00:00:00', 0, 'Bapaknya call in dpt referensi dari ibu belle ada kebutuhan untuk erp, kirim dulu emailnya', '', 0, '2020-01-01 00:00:00', '0', '0', '', 0, '2020-01-01 00:00:00', '0', '0', '', 0, 'Created by Anggie Thinktank', 1, 1, '2020-05-22 13:59:56', 103, '2020-05-22 13:59:56', 0),
	(197, 149, 500, 164, 202, 200, 103, 0, '2020-05-22 13:00:00', '2020-01-01 00:00:00', 0, 'Presentasi ERP', '2020-05-22', '13:00:00', '2020-05-22', '14:00:00', 0, 'Presentasi ERP dengan bapaknya', '', 50000, '2020-06-03 09:03:09', '-6.201533', '106.7209582', '', 103, '2020-06-03 09:03:25', '-6.2015532', '106.7209137', '', 103, 'Created by Anggie Thinktank', 1, 1, '2020-05-22 14:53:22', 103, '2020-05-22 14:53:22', 0),
	(198, 158, 500, 197, 212, 100, 107, 0, '2020-05-22 14:00:00', '2020-01-01 00:00:00', 1, 'Dapat referal dari teman katanya ada kebutuhan', '2020-05-22', '14:00:00', '2020-05-22', '00:00:00', 0, 'Ada kebutuhan untuk HRIS', '', 0, '2020-01-01 00:00:00', '0', '0', '', 0, '2020-01-01 00:00:00', '0', '0', '', 0, 'Created by Ang ThinkTank', 1, 1, '2020-05-22 15:09:32', 107, '2020-05-22 15:09:32', 0),
	(199, 158, 500, 197, 212, 100, 107, 0, '2020-05-22 14:00:00', '2020-01-01 00:00:00', 1, 'Set meeting HRIS', '2020-05-22', '14:00:00', '2020-05-22', '00:00:00', 0, 'Set meeting untuk HRIS, assign to agriyani', '', 0, '2020-01-01 00:00:00', '0', '0', '', 0, '2020-01-01 00:00:00', '0', '0', '', 0, 'Created by Ang ThinkTank', 1, 1, '2020-05-22 15:15:38', 107, '2020-05-22 15:15:38', 0),
	(200, 158, 500, 197, 212, 300, 108, 0, '2020-05-22 00:00:00', '2020-01-01 00:00:00', 0, 'Presentasi HRIS', '2020-05-22', '00:00:00', '2020-05-22', '00:00:00', 0, 'Presentasi HRIS dengan bapaknya', '', 100000, '2020-06-04 13:54:32', '-6.2015205', '106.7209348', '', 107, '2020-06-12 14:23:55', '-6.2016643', '106.7991387', 'udah selesai', 108, 'Created by Agriyani R', 1, 1, '2020-05-22 15:36:34', 108, '2020-05-22 15:36:34', 0),
	(201, 1111, 200, 0, 0, 100, 103, 0, '2020-05-27 11:00:00', '2020-01-01 00:00:00', 1, 'Ada kebutuhan untuk CRM', '2020-05-27', '11:00:00', '2020-05-27', '00:00:00', 0, 'Bapaknya info ada kebutuhan untuk CRM jadi coba diset untuk presentasi dan demo', '', 0, '2020-01-01 00:00:00', '0', '0', '', 0, '2020-01-01 00:00:00', '0', '0', '', 0, 'Created by Anggie Thinktank', 1, 1, '2020-05-27 11:12:48', 103, '2020-05-27 11:12:48', 0),
	(202, 1105, 200, 0, 0, 200, 1, 0, '2020-05-27 00:00:00', '2020-01-01 00:00:00', 1, 'Visit kantor', '2020-05-27', '00:00:00', '2020-05-27', '00:00:00', 0, '', 'Closed', 0, '2020-06-02 17:20:15', '-6.2103446', '106.8366756', 'Ok masuk', 1, '2020-06-03 15:02:53', '-6.2069039', '106.8296488', 'DOne Meeting', 1, 'Created by Edo Suhendra', 1, 1, '2020-05-27 12:04:43', 1, '2020-06-03 15:05:49', 1),
	(203, 1105, 200, 0, 0, 300, 1, 0, '2020-05-27 00:00:00', '2020-01-01 00:00:00', 0, 'event kantor', '2020-05-27', '00:00:00', '2020-05-27', '00:00:00', 0, '', '', 0, '2020-06-02 16:40:13', '-6.2069039', '106.8296488', 'bagaimana ?', 1, '2020-01-01 00:00:00', '0', '0', '', 0, 'Created by Edo Suhendra', 1, 1, '2020-05-27 12:04:52', 1, '2020-05-27 12:04:52', 0),
	(204, 150, 400, 189, 0, 100, 103, 0, '2020-05-27 00:00:00', '2020-01-01 00:00:00', 1, '2nd call', '2020-05-27', '00:00:00', '2020-05-27', '00:00:00', 0, '2nd call', '', 0, '2020-01-01 00:00:00', '0', '0', '', 0, '2020-01-01 00:00:00', '0', '0', '', 0, 'Created by Anggie Thinktank', 1, 1, '2020-05-27 13:49:11', 103, '2020-05-27 13:49:11', 0),
	(205, 1105, 200, 0, 0, 100, 1, 0, '2020-05-27 00:00:00', '2020-01-01 00:00:00', 1, 'call by 3tr', '2020-05-27', '00:00:00', '2020-05-27', '00:00:00', 0, '', '', 0, '2020-01-01 00:00:00', '0', '0', '', 0, '2020-01-01 00:00:00', '0', '0', '', 0, 'Created by Edo Suhendra', 1, 1, '2020-05-27 14:10:24', 1, '2020-05-27 14:10:24', 0),
	(206, 1111, 200, 0, 0, 200, 103, 0, '2020-05-27 13:00:00', '2020-01-01 00:00:00', 0, 'Set presentasi CRM', '2020-05-27', '13:00:00', '2020-05-27', '14:00:00', 0, 'Bapaknya mau diset presentasi CRM dengan user2 salesnya.\nMinta quotation untuk 30 user', '', 60000, '2020-06-02 16:39:35', '-6.2069039', '106.8296488', 'apakaha masuk', 1, '2020-06-02 17:08:17', '-6.2069039', '106.8296488', 'test OK', 1, 'Created by Anggie Thinktank', 1, 1, '2020-05-27 14:54:27', 103, '2020-05-27 14:54:27', 0),
	(207, 1114, 200, 0, 0, 100, 1, 0, '2020-05-27 11:00:00', '2020-01-01 00:00:00', 1, 'Call prospecting', '2020-05-27', '11:00:00', '2020-05-27', '00:00:00', 0, 'Call prospect customer', '', 0, '2020-01-01 00:00:00', '0', '0', '', 0, '2020-01-01 00:00:00', '0', '0', '', 0, 'Created by Edo Suhendra', 1, 1, '2020-05-27 21:50:18', 1, '2020-05-27 21:50:18', 0),
	(208, 1114, 200, 0, 0, 1, 1, 0, '2020-05-27 00:00:00', '2020-01-01 00:00:00', 1, 'Minta di buatkan presentasi file', '2020-05-27', '11:00:00', '2020-05-27', '00:00:00', 0, 'File presentasi ada data ini itu dan lain lain.', 'Sudah selesai', 0, '2020-01-01 00:00:00', '0', '0', '', 0, '2020-01-01 00:00:00', '0', '0', '', 0, 'Created by Edo Suhendra', 1, 1, '2020-05-27 21:51:04', 1, '2020-05-27 21:51:22', 1),
	(209, 1114, 200, 0, 0, 200, 1, 0, '2020-05-27 13:00:00', '2020-01-01 00:00:00', 1, 'Minta di datangin', '2020-05-27', '13:00:00', '2020-05-27', '14:00:00', 0, 'Minta di dtanagin', 'Batal di reschedule saja dulu.', 100000, '2020-01-01 00:00:00', '0', '0', '', 0, '2020-01-01 00:00:00', '0', '0', '', 0, 'Created by Edo Suhendra', 1, 1, '2020-05-27 21:52:08', 1, '2020-05-27 21:52:21', 1),
	(210, 147, 400, 181, 0, 100, 1, 0, '2020-05-28 11:00:00', '2020-01-01 00:00:00', 1, 'Call Intro', '2020-05-28', '11:00:00', '2020-05-28', '00:00:00', 0, 'Call Introduction ', '', 0, '2020-01-01 00:00:00', '0', '0', '', 0, '2020-01-01 00:00:00', '0', '0', '', 0, 'Created by Edo Suhendra', 1, 1, '2020-05-28 21:39:10', 1, '2020-05-28 21:39:10', 0),
	(211, 147, 300, 181, 0, 200, 1, 0, '2020-05-28 14:00:00', '2020-01-01 00:00:00', 1, 'Meeting Sama Fiil', '2020-05-28', '14:00:00', '2020-05-28', '15:00:00', 0, 'Meeting sama fiil', 'Meetting di batalin.', 0, '2020-01-01 00:00:00', '0', '0', '', 0, '2020-01-01 00:00:00', '0', '0', '', 0, 'Created by Edo Suhendra', 1, 1, '2020-05-28 21:40:40', 1, '2020-05-28 21:40:57', 1),
	(212, 135, 300, 181, 0, 100, 1, 0, '2020-05-28 09:00:00', '2020-01-01 00:00:00', 1, 'Introduction Satu Lagi', '2020-05-28', '09:00:00', '2020-05-28', '00:00:00', 0, 'Introduction Satu Lagi', '', 0, '2020-01-01 00:00:00', '0', '0', '', 0, '2020-01-01 00:00:00', '0', '0', '', 0, 'Created by Edo Suhendra', 1, 1, '2020-05-28 21:41:51', 1, '2020-05-28 21:41:51', 0),
	(213, 103, 500, 162, 179, 200, 103, 0, '2020-05-29 13:00:00', '2020-01-01 00:00:00', 0, 'Presentasi nego harga', '2020-05-29', '13:00:00', '2020-05-29', '15:00:00', 0, 'Presentasi', '', 40000, '2020-06-02 16:23:21', '-6.2069039', '106.8296488', '123 123 123 123 123 123', 1, '2020-06-02 17:06:24', '-6.2101672', '106.8369357', 'Presentasi nego harga  DONE', 1, 'Created by Anggie Thinktank', 1, 1, '2020-05-29 15:12:13', 103, '2020-05-29 15:12:13', 0),
	(214, 1114, 200, 0, 0, 1, 1, 0, '2020-05-29 00:00:00', '2020-01-01 00:00:00', 0, 'Testing', '2020-05-29', '00:00:00', '2020-05-29', '00:00:00', 0, 'TEsging', '', 0, '2020-01-01 00:00:00', '0', '0', '', 0, '2020-01-01 00:00:00', '0', '0', '', 0, 'Created by Edo Suhendra', 1, 1, '2020-05-29 15:39:55', 1, '2020-05-29 15:39:55', 0),
	(215, 1118, 200, 0, 0, 100, 1, 0, '2020-05-29 15:44:00', '2020-01-01 00:00:00', 1, 'Call prospect', '2020-05-29', '15:44:00', '2020-05-29', '00:00:00', 0, 'call prospect', '', 0, '2020-01-01 00:00:00', '0', '0', '', 0, '2020-01-01 00:00:00', '0', '0', '', 0, 'Created by Edo Suhendra', 1, 1, '2020-05-29 15:42:45', 1, '2020-05-29 15:42:45', 0),
	(216, 1118, 200, 0, 0, 1, 1, 0, '2020-05-29 00:00:00', '2020-01-01 00:00:00', 1, 'Buat presentasi', '2020-05-29', '15:44:00', '2020-05-29', '00:00:00', 0, 'Buat presentasi', 'beres', 0, '2020-01-01 00:00:00', '0', '0', '', 0, '2020-01-01 00:00:00', '0', '0', '', 0, 'Created by Edo Suhendra', 1, 1, '2020-05-29 15:43:06', 1, '2020-05-29 15:47:06', 1),
	(217, 1118, 200, 0, 0, 200, 1, 0, '2020-06-02 15:44:00', '2020-01-01 00:00:00', 1, 'musti visit', '2020-06-02', '15:44:00', '2020-06-04', '15:55:00', 0, 'datang', 'di batalin karena hrus reschedule', 0, '2020-01-01 00:00:00', '0', '0', '', 0, '2020-01-01 00:00:00', '0', '0', '', 0, 'Created by Edo Suhendra', 1, 1, '2020-05-29 15:43:50', 1, '2020-05-29 15:44:42', 1),
	(218, 1118, 200, 0, 0, 1, 1, 0, '2020-05-30 00:00:00', '2020-01-01 00:00:00', 0, 'dfdfdf', '2020-05-29', '00:00:00', '2020-05-29', '00:00:00', 0, '', '', 0, '2020-01-01 00:00:00', '0', '0', '', 0, '2020-01-01 00:00:00', '0', '0', '', 0, 'Created by Edo Suhendra', 1, 1, '2020-05-29 15:51:58', 1, '2020-05-29 15:51:58', 0),
	(219, 1120, 200, 0, 0, 100, 1, 0, '2020-06-02 00:00:00', '2020-01-01 00:00:00', 1, 'Call Prospecdt Perkenalan', '2020-06-02', '00:00:00', '2020-06-02', '00:00:00', 0, 'Call perkenal dong', '', 0, '2020-01-01 00:00:00', '0', '0', '', 0, '2020-01-01 00:00:00', '0', '0', '', 0, 'Created by Edo Suhendra', 1, 1, '2020-06-02 17:26:47', 1, '2020-06-02 17:26:47', 0),
	(220, 1120, 200, 0, 0, 200, 1, 0, '2020-06-02 00:00:00', '2020-01-01 00:00:00', 0, 'DIminta datang', '2020-06-02', '00:00:00', '2020-06-02', '00:00:00', 0, 'Datang', '', 0, '2020-06-03 10:49:32', '-6.1273047', '106.7558546', 'saya sudah datang', 1, '2020-06-03 11:04:39', '-6.1273047', '106.7558546', 'udah kelar', 1, 'Created by Edo Suhendra', 1, 1, '2020-06-02 17:29:01', 1, '2020-06-02 17:29:01', 0),
	(221, 150, 400, 189, 0, 200, 103, 0, '2020-06-03 09:00:00', '2020-01-01 00:00:00', 0, 'Demo ERP', '2020-06-03', '09:00:00', '2020-06-03', '00:00:00', 0, 'Demo dengan user2nya juga', '', 75000, '2020-06-03 14:24:59', '-6.2069039', '106.8296488', 'OK FELIX MASUK', 1, '2020-06-03 17:17:11', '-6.2015538', '106.7209134', 'Done untuk demonya', 103, 'Created by Anggie Thinktank', 1, 1, '2020-06-03 09:05:58', 103, '2020-06-03 09:05:58', 0),
	(222, 1121, 200, 0, 0, 200, 1, 0, '2020-06-03 00:00:00', '2020-01-01 00:00:00', 0, 'Minta datang ngopi', '2020-06-03', '00:00:00', '2020-06-03', '00:00:00', 0, 'CCoffe meeting', '', 230000, '2020-06-03 11:11:31', '-6.1273256', '106.755869', 'datang ngopi', 1, '2020-06-03 11:14:39', '-6.1273256', '106.755869', 'udahkelar', 1, 'Created by Edo Suhendra', 1, 1, '2020-06-03 11:10:52', 1, '2020-06-03 11:10:52', 0),
	(223, 1122, 200, 0, 0, 200, 1, 0, '2020-06-03 00:00:00', '2020-01-01 00:00:00', 0, 'Diminta datang ke Fb Hq', '2020-06-03', '00:00:00', '2020-06-03', '00:00:00', 0, 'Seneng nya di suruh datang sama mark', '', 23333300, '2020-06-03 21:47:40', '-6.1273323', '106.7558774', 'Ok saya datang', 1, '2020-06-03 21:47:57', '-6.1273323', '106.7558774', 'saya pulang', 1, 'Created by Edo Suhendra', 1, 1, '2020-06-03 21:47:20', 1, '2020-06-03 21:47:20', 0),
	(224, 131, 500, 179, 194, 100, 107, 0, '2020-06-15 09:00:00', '2020-01-01 00:00:00', 1, 'Demo HRIS', '2020-06-15', '09:00:00', '2020-06-15', '00:00:00', 0, 'Demo HRIS bersama dengan user2nya dan konsultan', '', 0, '2020-01-01 00:00:00', '0', '0', '', 0, '2020-01-01 00:00:00', '0', '0', '', 0, 'Created by Ang ThinkTank', 1, 1, '2020-06-15 09:15:20', 107, '2020-06-15 09:15:20', 0),
	(225, 131, 500, 179, 194, 200, 107, 0, '2020-06-15 09:00:00', '2020-01-01 00:00:00', 0, 'Demo HRIS', '2020-06-15', '09:00:00', '2020-06-15', '10:00:00', 0, 'Demo HRIS bersama user2nya dan juga konsultan', '', 0, '2020-01-01 00:00:00', '0', '0', '', 0, '2020-01-01 00:00:00', '0', '0', '', 0, 'Created by Ang ThinkTank', 1, 1, '2020-06-15 09:17:43', 107, '2020-06-15 09:17:43', 0),
	(226, 1053, 200, 0, 0, 1, 1, 0, '2020-06-19 00:00:00', '2020-01-01 00:00:00', 0, 'New Meeting', '2020-06-19', '00:00:00', '2020-06-19', '00:00:00', 0, '', '', 0, '2020-01-01 00:00:00', '0', '0', '', 0, '2020-01-01 00:00:00', '0', '0', '', 0, 'Created by Edo Suhendra', 1, 1, '2020-06-19 13:04:16', 1, '2020-06-19 13:04:16', 0),
	(227, 148, 500, 188, 201, 100, 1, 0, '2020-06-20 00:00:00', '2020-01-01 00:00:00', 1, 'Intro call', '2020-06-20', '00:00:00', '2020-06-20', '00:00:00', 0, 'Intro call setelah dapat kartu nama minggu lalu', '', 0, '2020-01-01 00:00:00', '0', '0', '', 0, '2020-01-01 00:00:00', '0', '0', '', 0, 'Created by Edo Suhendra', 1, 1, '2020-06-20 22:00:57', 1, '2020-06-20 22:00:57', 0),
	(228, 151, 500, 190, 206, 100, 103, 0, '2020-06-30 13:50:00', '2020-01-01 00:00:00', 1, 'First Call', '2020-06-30', '13:50:00', '2020-06-30', '00:00:00', 0, 'Ada kebutuhan untuk ERP, coba kirim brosurnya dulu', '', 0, '2020-01-01 00:00:00', '0', '0', '', 0, '2020-01-01 00:00:00', '0', '0', '', 0, 'Created by Anggie Thinktank', 1, 1, '2020-06-30 16:53:17', 103, '2020-06-30 16:53:17', 0),
	(229, 151, 500, 190, 206, 1, 103, 0, '2020-06-30 00:00:00', '2020-01-01 00:00:00', 0, 'FU Bapaknya apakah sudah terima emailnya', '2020-06-30', '13:50:00', '2020-06-30', '00:00:00', 0, 'Bapaknya sudah terima emailnya, boleh diset presentasi', '', 0, '2020-01-01 00:00:00', '0', '0', '', 0, '2020-01-01 00:00:00', '0', '0', '', 0, 'Created by Anggie Thinktank', 1, 1, '2020-06-30 16:53:53', 103, '2020-06-30 16:53:53', 0),
	(230, 151, 500, 190, 206, 200, 103, 0, '2020-07-01 00:00:00', '2020-01-01 00:00:00', 0, 'Presentasi ERP', '2020-07-01', '00:00:00', '2020-07-01', '00:00:00', 0, 'Presentasi ERP overview dulu dengan Bapaknya', '', 100000, '2020-07-01 08:59:40', '-6.2019181', '106.7985829', 'Meeting di J Trading', 103, '2020-07-01 09:36:50', '-6.2018895', '106.7985752', 'Selesai meeting', 103, 'Created by Anggie Thinktank', 1, 1, '2020-07-01 08:58:34', 103, '2020-07-01 08:58:34', 0),
	(231, 1125, 200, 0, 0, 100, 1, 0, '2020-07-08 00:00:00', '2020-01-01 00:00:00', 1, 'Inroduction', '2020-07-08', '00:00:00', '2020-07-08', '00:00:00', 0, 'Saya telp ', '', 0, '2020-01-01 00:00:00', '0', '0', '', 0, '2020-01-01 00:00:00', '0', '0', '', 0, 'Created by Edo Suhendra', 1, 1, '2020-07-08 12:25:21', 1, '2020-07-08 12:25:21', 0),
	(232, 153, 500, 192, 208, 100, 1, 0, '2020-07-29 00:00:00', '2020-01-01 00:00:00', 1, 'Telp perkenalan', '2020-07-29', '00:00:00', '2020-07-29', '00:00:00', 0, 'Masuk perkenalan', '', 0, '2020-01-01 00:00:00', '0', '0', '', 0, '2020-01-01 00:00:00', '0', '0', '', 0, 'Created by Edo Suhendra', 1, 1, '2020-07-29 16:29:49', 1, '2020-07-29 16:29:49', 0),
	(233, 154, 500, 193, 209, 100, 1, 0, '2020-08-05 00:00:00', '2020-01-01 00:00:00', 1, 'Telp introduksi', '2020-08-05', '00:00:00', '2020-08-05', '00:00:00', 0, 'Telpoin perkenalna', '', 0, '2020-01-01 00:00:00', '0', '0', '', 0, '2020-01-01 00:00:00', '0', '0', '', 0, 'Created by Edo Suhendra', 1, 1, '2020-08-05 17:13:26', 1, '2020-08-05 17:13:26', 0),
	(234, 154, 500, 193, 209, 200, 1, 0, '2020-08-06 09:00:00', '2020-01-01 00:00:00', 0, 'Diajak datang', '2020-08-06', '09:00:00', '2020-08-06', '11:00:00', 0, 'diajak datang', '', 100000, '2020-01-01 00:00:00', '0', '0', '', 0, '2020-01-01 00:00:00', '0', '0', '', 0, 'Created by Edo Suhendra', 1, 1, '2020-08-05 17:14:25', 1, '2020-08-05 17:14:25', 0),
	(235, 1128, 200, 0, 0, 100, 103, 0, '2020-12-10 14:00:00', '2020-01-01 00:00:00', 1, 'First Call', '2020-12-10', '14:00:00', '2020-12-10', '00:00:00', 0, 'Call ternyata ada kebutuhan CRM coba kirim brosurnya', '', 0, '2020-01-01 00:00:00', '0', '0', '', 0, '2020-01-01 00:00:00', '0', '0', '', 0, 'Created by Anggie Thinktank', 1, 1, '2020-12-10 17:05:31', 103, '2020-12-10 17:05:31', 0),
	(236, 1128, 200, 0, 0, 1, 103, 0, '2020-12-10 00:00:00', '2020-01-01 00:00:00', 0, 'FU kembali untuk meeting', '2020-12-10', '14:00:00', '2020-12-10', '00:00:00', 0, 'FU untuk meeting mau diset untuk presentasi', '', 0, '2020-01-01 00:00:00', '0', '0', '', 0, '2020-01-01 00:00:00', '0', '0', '', 0, 'Created by Anggie Thinktank', 1, 1, '2020-12-10 17:12:40', 103, '2020-12-10 17:12:40', 0),
	(237, 1128, 200, 0, 0, 200, 103, 0, '2020-12-10 14:00:00', '2020-01-01 00:00:00', 0, 'Presentasi', '2020-12-10', '14:00:00', '2020-12-10', '00:00:00', 0, 'Presentasi CRM', '', 50000, '2020-12-10 17:25:11', '-6.2015568', '106.7208527', '', 103, '2020-12-10 17:25:28', '-6.2015568', '106.7208527', '', 103, 'Created by Anggie Thinktank', 1, 1, '2020-12-10 17:13:12', 103, '2020-12-10 17:13:12', 0),
	(238, 155, 400, 194, 0, 100, 116, 0, '2021-04-23 00:00:00', '2020-01-01 00:00:00', 1, 'Telpon', '2021-04-23', '00:00:00', '2021-04-23', '00:00:00', 0, 'dong', '', 0, '2020-01-01 00:00:00', '0', '0', '', 0, '2020-01-01 00:00:00', '0', '0', '', 0, 'Created by Edward Suhendra', 1, 1, '2021-04-23 12:00:58', 116, '2021-04-23 12:00:58', 0),
	(239, 155, 400, 194, 0, 200, 116, 0, '2021-04-23 00:00:00', '2020-01-01 00:00:00', 0, 'visti', '2021-04-23', '00:00:00', '2021-04-23', '00:00:00', 0, 'sdfdsf', '', 0, '2020-01-01 00:00:00', '0', '0', '', 0, '2020-01-01 00:00:00', '0', '0', '', 0, 'Created by Edward Suhendra', 1, 1, '2021-04-23 12:02:53', 116, '2021-04-23 12:02:53', 0),
	(240, 1130, 200, 0, 0, 100, 107, 0, '2021-06-14 17:00:00', '2020-01-01 00:00:00', 1, 'First Call', '2021-06-14', '17:00:00', '2021-06-14', '00:00:00', 0, 'Ada kebutuhan ERP', '', 0, '2020-01-01 00:00:00', '0', '0', '', 0, '2020-01-01 00:00:00', '0', '0', '', 0, 'Created by Ang ThinkTank', 1, 1, '2021-06-14 17:08:42', 107, '2021-06-14 17:08:42', 0),
	(241, 157, 500, 196, 211, 100, 108, 0, '2021-06-14 00:00:00', '2020-01-01 00:00:00', 1, 'First Call', '2021-06-14', '00:00:00', '2021-06-14', '00:00:00', 0, 'Telepon pertama ', '', 0, '2020-01-01 00:00:00', '0', '0', '', 0, '2020-01-01 00:00:00', '0', '0', '', 0, 'Created by Agriyani R', 1, 1, '2021-06-14 17:15:38', 108, '2021-06-14 17:15:38', 0),
	(242, 157, 500, 196, 211, 1, 108, 0, '2021-06-18 00:00:00', '2020-01-01 00:00:00', 0, 'Schedule Meeting', '2021-06-14', '00:00:00', '2021-06-14', '00:00:00', 0, 'Tolong diset schedule meeting untuk prospek ini', '', 0, '2020-01-01 00:00:00', '0', '0', '', 0, '2020-01-01 00:00:00', '0', '0', '', 0, 'Created by Ang ThinkTank', 1, 1, '2021-06-14 17:17:43', 107, '2021-06-14 17:17:43', 0),
	(243, 157, 500, 196, 211, 200, 108, 0, '2021-06-18 12:00:00', '2020-01-01 00:00:00', 0, 'Presentasi ', '2021-06-18', '12:00:00', '2021-06-18', '14:00:00', 0, 'Presentasi awal', '', 100000, '2020-01-01 00:00:00', '0', '0', '', 0, '2020-01-01 00:00:00', '0', '0', '', 0, 'Created by Agriyani R', 1, 1, '2021-06-14 17:19:23', 108, '2021-06-14 17:19:23', 0),
	(244, 159, 500, 198, 213, 100, 108, 0, '2021-07-02 14:00:00', '2020-01-01 00:00:00', 1, 'First call', '2021-07-02', '14:00:00', '2021-07-02', '00:00:00', 0, 'Ada kebutuhan untuk ERP ', '', 0, '2020-01-01 00:00:00', '0', '0', '', 0, '2020-01-01 00:00:00', '0', '0', '', 0, 'Created by Agriyani R', 1, 1, '2021-07-02 14:48:35', 108, '2021-07-02 14:48:35', 0),
	(245, 159, 500, 198, 213, 1, 108, 0, '2021-07-02 00:00:00', '2020-01-01 00:00:00', 0, 'Kirim brosur', '2021-07-02', '00:00:00', '2021-07-02', '00:00:00', 0, '', '', 0, '2020-01-01 00:00:00', '0', '0', '', 0, '2020-01-01 00:00:00', '0', '0', '', 0, 'Created by Agriyani R', 1, 1, '2021-07-02 14:50:08', 108, '2021-07-02 14:50:08', 0),
	(246, 159, 500, 198, 213, 200, 108, 0, '2021-07-02 13:00:00', '2020-01-01 00:00:00', 0, 'Presentasi ERP', '2021-07-02', '13:00:00', '2021-07-02', '15:00:00', 0, '', '', 50000, '2021-07-02 14:53:31', '-6.2015228', '106.720846', '', 108, '2021-07-02 14:54:08', '-6.2015228', '106.720846', '', 108, 'Created by Agriyani R', 1, 1, '2021-07-02 14:52:03', 108, '2021-07-02 14:52:03', 0),
	(247, 160, 500, 199, 214, 100, 108, 0, '2021-07-30 00:00:00', '2020-01-01 00:00:00', 1, 'First call', '2021-07-30', '00:00:00', '2021-07-30', '00:00:00', 0, 'Ada kebutuhan untuk crm system', '', 0, '2020-01-01 00:00:00', '0', '0', '', 0, '2020-01-01 00:00:00', '0', '0', '', 0, 'Created by Agriyani R', 1, 1, '2021-07-30 16:16:50', 108, '2021-07-30 16:16:50', 0),
	(248, 160, 500, 199, 214, 400, 108, 0, '2021-07-30 00:00:00', '2020-01-01 00:00:00', 1, 'Kirim brosur', '2021-07-30', '00:00:00', '2021-07-30', '00:00:00', 0, 'Kirim brosur ke bapaknya', '', 0, '2020-01-01 00:00:00', '0', '0', '', 0, '2020-01-01 00:00:00', '0', '0', '', 0, 'Created by Agriyani R', 1, 1, '2021-07-30 16:17:37', 108, '2021-07-30 16:17:37', 0),
	(249, 160, 500, 199, 214, 200, 108, 0, '2021-07-30 15:00:00', '2020-01-01 00:00:00', 0, 'Presentasi CRM ', '2021-07-30', '15:00:00', '2021-07-30', '17:00:00', 0, 'Presentasi ke kantor bapaknya', '', 75000, '2021-07-30 16:25:39', '-6.2015272', '106.7208478', '', 108, '2021-07-30 16:25:51', '-6.2015272', '106.7208478', '', 108, 'Created by Agriyani R', 1, 1, '2021-07-30 16:19:16', 108, '2021-07-30 16:19:16', 0),
	(250, 161, 400, 200, 0, 100, 108, 0, '2021-08-03 01:00:00', '2020-01-01 00:00:00', 1, 'First call', '2021-08-03', '01:00:00', '2021-08-03', '00:00:00', 0, 'Ada kebutuhan untuk ERP system', '', 0, '2020-01-01 00:00:00', '0', '0', '', 0, '2020-01-01 00:00:00', '0', '0', '', 0, 'Created by Agriyani R', 1, 1, '2021-08-03 15:12:16', 108, '2021-08-03 15:12:16', 0),
	(251, 161, 400, 200, 0, 100, 108, 0, '2021-08-03 01:00:00', '2020-01-01 00:00:00', 1, 'Kirimkan brosur', '2021-08-03', '01:00:00', '2021-08-03', '00:00:00', 0, '', '', 0, '2020-01-01 00:00:00', '0', '0', '', 0, '2020-01-01 00:00:00', '0', '0', '', 0, 'Created by Agriyani R', 1, 1, '2021-08-03 15:13:17', 108, '2021-08-03 15:13:17', 0),
	(252, 161, 400, 200, 0, 200, 108, 0, '2021-08-03 14:00:00', '2020-01-01 00:00:00', 0, 'Presentasi ERP', '2021-08-03', '14:00:00', '2021-08-03', '16:00:00', 0, '', '', 100000, '2021-08-03 15:16:31', '-6.2015271', '106.7208372', '', 108, '2021-08-03 15:16:51', '-6.2015271', '106.7208372', '', 108, 'Created by Agriyani R', 1, 1, '2021-08-03 15:14:49', 108, '2021-08-03 15:14:49', 0),
	(253, 162, 500, 201, 215, 100, 108, 0, '2021-08-03 12:00:00', '2020-01-01 00:00:00', 1, 'First call', '2021-08-03', '12:00:00', '2021-08-03', '00:00:00', 0, 'Ada kebutuhan ERP', '', 0, '2020-01-01 00:00:00', '0', '0', '', 0, '2020-01-01 00:00:00', '0', '0', '', 0, 'Created by Agriyani R', 1, 1, '2021-08-03 15:26:09', 108, '2021-08-03 15:26:09', 0),
	(254, 162, 500, 201, 215, 1, 108, 0, '2021-08-03 00:00:00', '2020-01-01 00:00:00', 0, 'Kirim brosur', '2021-08-03', '00:00:00', '2021-08-03', '00:00:00', 0, '', '', 0, '2020-01-01 00:00:00', '0', '0', '', 0, '2020-01-01 00:00:00', '0', '0', '', 0, 'Created by Agriyani R', 1, 1, '2021-08-03 15:27:22', 108, '2021-08-03 15:27:22', 0),
	(255, 162, 500, 201, 215, 200, 108, 0, '2021-08-03 14:00:00', '2020-01-01 00:00:00', 0, 'Presentasi ERP', '2021-08-03', '14:00:00', '2021-08-03', '16:00:00', 0, '', '', 100000, '2021-08-03 15:28:45', '-6.2015278', '106.7208496', '', 108, '2021-08-03 15:28:52', '-6.2015278', '106.7208496', '', 108, 'Created by Agriyani R', 1, 1, '2021-08-03 15:28:29', 108, '2021-08-03 15:28:29', 0),
	(256, 163, 500, 202, 216, 100, 108, 0, '2021-08-13 13:00:00', '2020-01-01 00:00:00', 1, 'First Call', '2021-08-13', '13:00:00', '2021-08-13', '00:00:00', 0, 'Ada kebutuhan ERP', '', 0, '2020-01-01 00:00:00', '0', '0', '', 0, '2020-01-01 00:00:00', '0', '0', '', 0, 'Created by Agriyani R', 1, 1, '2021-08-13 14:37:58', 108, '2021-08-13 14:37:58', 0),
	(257, 163, 500, 202, 216, 1, 108, 0, '2021-08-13 00:00:00', '2020-01-01 00:00:00', 0, 'Kirim brosur', '2021-08-13', '00:00:00', '2021-08-13', '00:00:00', 0, 'Kirim brosur ERP', '', 0, '2020-01-01 00:00:00', '0', '0', '', 0, '2020-01-01 00:00:00', '0', '0', '', 0, 'Created by Agriyani R', 1, 1, '2021-08-13 14:38:45', 108, '2021-08-13 14:38:45', 0),
	(258, 163, 500, 202, 216, 200, 108, 0, '2021-08-13 14:00:00', '2020-01-01 00:00:00', 0, 'Presentasi ERP', '2021-08-13', '14:00:00', '2021-08-13', '16:00:00', 0, 'Presentasi untuk software ERP di kantor bapaknya', '', 50000, '2021-08-13 14:41:50', '-6.2015302', '106.7208358', '', 108, '2021-08-13 14:42:07', '-6.2015302', '106.7208358', '', 108, 'Created by Agriyani R', 1, 1, '2021-08-13 14:40:07', 108, '2021-08-13 14:40:07', 0),
	(259, 164, 500, 203, 217, 100, 108, 0, '2021-08-13 14:00:00', '2020-01-01 00:00:00', 1, 'First call', '2021-08-13', '14:00:00', '2021-08-13', '00:00:00', 0, 'Call out pertama', '', 0, '2020-01-01 00:00:00', '0', '0', '', 0, '2020-01-01 00:00:00', '0', '0', '', 0, 'Created by Agriyani R', 1, 1, '2021-08-13 15:07:19', 108, '2021-08-13 15:07:19', 0),
	(260, 164, 500, 203, 217, 1, 108, 0, '2021-08-13 00:00:00', '2020-01-01 00:00:00', 0, 'Kirim brosur', '2021-08-13', '00:00:00', '2021-08-13', '00:00:00', 0, 'Kirim brosur by email', '', 0, '2020-01-01 00:00:00', '0', '0', '', 0, '2020-01-01 00:00:00', '0', '0', '', 0, 'Created by Agriyani R', 1, 1, '2021-08-13 15:08:00', 108, '2021-08-13 15:08:00', 0),
	(261, 164, 500, 203, 217, 300, 108, 0, '2021-08-13 14:00:00', '2020-01-01 00:00:00', 0, 'Presentasi ERP', '2021-08-13', '14:00:00', '2021-08-13', '16:00:00', 0, '', '', 100000, '2021-08-13 15:10:23', '-6.2015306', '106.7208389', '', 108, '2021-08-13 15:10:37', '-6.2015306', '106.7208389', '', 108, 'Created by Agriyani R', 1, 1, '2021-08-13 15:09:06', 108, '2021-08-13 15:09:06', 0),
	(262, 165, 500, 204, 218, 100, 108, 0, '2021-08-13 02:00:00', '2020-01-01 00:00:00', 1, 'First call', '2021-08-13', '02:00:00', '2021-08-13', '00:00:00', 0, 'Call out', '', 0, '2020-01-01 00:00:00', '0', '0', '', 0, '2020-01-01 00:00:00', '0', '0', '', 0, 'Created by Agriyani R', 1, 1, '2021-08-13 16:00:16', 108, '2021-08-13 16:00:16', 0),
	(263, 165, 500, 204, 218, 1, 108, 0, '2021-08-13 00:00:00', '2020-01-01 00:00:00', 0, 'Kirim brosur', '2021-08-13', '00:00:00', '2021-08-13', '00:00:00', 0, 'Kirim brosur salestrax', '', 0, '2020-01-01 00:00:00', '0', '0', '', 0, '2020-01-01 00:00:00', '0', '0', '', 0, 'Created by Agriyani R', 1, 1, '2021-08-13 16:00:57', 108, '2021-08-13 16:00:57', 0),
	(264, 165, 500, 204, 218, 200, 108, 0, '2021-08-13 14:00:00', '2020-01-01 00:00:00', 0, 'Presentasi Salestrax CRM', '2021-08-13', '14:00:00', '2021-08-13', '16:00:00', 0, 'Presentasi', '', 100000, '2021-08-13 16:03:38', '-6.2015336', '106.7208508', '', 108, '2021-08-13 16:03:51', '-6.2015336', '106.7208508', '', 108, 'Created by Agriyani R', 1, 1, '2021-08-13 16:02:02', 108, '2021-08-13 16:02:02', 0),
	(265, 1140, 200, 0, 0, 200, 109, 0, '2021-09-30 11:00:00', '2020-01-01 00:00:00', 0, 'datang di panggil', '2021-09-30', '11:00:00', '2021-09-23', '00:00:00', 0, 'dfadfsaf', '', 0, '2020-01-01 00:00:00', '0', '0', '', 0, '2020-01-01 00:00:00', '0', '0', '', 0, 'Created by Erick Johnson', 1, 1, '2021-09-23 16:50:56', 109, '2021-09-23 16:50:56', 0),
	(266, 166, 500, 205, 219, 100, 1, 0, '2021-12-26 00:00:00', '2020-01-01 00:00:00', 1, 'Telp', '2021-12-26', '00:00:00', '2021-12-26', '00:00:00', 0, 'Bla bla', '', 0, '2020-01-01 00:00:00', '0', '0', '', 0, '2020-01-01 00:00:00', '0', '0', '', 0, 'Created by Edo Suhendra', 1, 1, '2021-12-26 13:39:53', 1, '2021-12-26 13:39:53', 0),
	(267, 166, 500, 205, 219, 200, 1, 0, '2021-12-26 00:00:00', '2020-01-01 00:00:00', 0, 'Di panggil dtg', '2021-12-26', '00:00:00', '2021-12-26', '00:00:00', 0, 'Bla bla', '', 100000, '2020-01-01 00:00:00', '0', '0', '', 0, '2020-01-01 00:00:00', '0', '0', '', 0, 'Created by Edo Suhendra', 1, 1, '2021-12-26 13:40:29', 1, '2021-12-26 13:40:29', 0),
	(268, 167, 500, 206, 220, 100, 103, 0, '2022-01-18 00:00:00', '2020-01-01 00:00:00', 1, 'Call customer', '2022-01-18', '00:00:00', '2022-01-18', '00:00:00', 0, 'Jelasin', '', 0, '2020-01-01 00:00:00', '0', '0', '', 0, '2020-01-01 00:00:00', '0', '0', '', 0, 'Created by Anggie Thinktank', 1, 1, '2022-01-18 12:16:55', 103, '2022-01-18 12:16:55', 0),
	(269, 167, 500, 206, 220, 1, 103, 0, '2022-01-18 00:00:00', '2020-01-01 00:00:00', 1, 'Tolong presentasi', '2022-01-18', '00:00:00', '2022-01-18', '00:00:00', 0, 'Tolong presentais kan har ini juga', 'Beres', 0, '2020-01-01 00:00:00', '0', '0', '', 0, '2020-01-01 00:00:00', '0', '0', '', 0, 'Created by Edo Suhendra', 1, 1, '2022-01-18 12:19:10', 1, '2022-01-18 12:21:41', 0),
	(270, 168, 500, 207, 221, 100, 103, 0, '2022-01-18 00:00:00', '2020-01-01 00:00:00', 1, 'Call customer', '2022-01-18', '00:00:00', '2022-01-18', '00:00:00', 0, 'Virtual meeting', '', 0, '2020-01-01 00:00:00', '0', '0', '', 0, '2020-01-01 00:00:00', '0', '0', '', 0, 'Created by Anggie Thinktank', 1, 1, '2022-01-18 15:49:21', 103, '2022-01-18 15:49:21', 0),
	(271, 168, 500, 207, 221, 100, 103, 0, '2022-01-18 00:00:00', '2020-01-01 00:00:00', 1, 'Call customer', '2022-01-18', '00:00:00', '2022-01-18', '00:00:00', 0, 'Virtual meeting', '', 0, '2020-01-01 00:00:00', '0', '0', '', 0, '2020-01-01 00:00:00', '0', '0', '', 0, 'Created by Anggie Thinktank', 1, 1, '2022-01-18 15:49:21', 103, '2022-01-18 15:49:21', 0),
	(272, 1145, 200, 0, 0, 200, 106, 0, '2022-01-18 00:00:00', '2020-01-01 00:00:00', 0, 'Gading', '2022-01-18', '00:00:00', '2022-01-18', '00:00:00', 0, '', '', 0, '2022-01-18 15:52:38', '-6.1720145', '106.8639757', '', 106, '2020-01-01 00:00:00', '0', '0', '', 0, 'Created by Maria Magdalena', 1, 1, '2022-01-18 15:51:19', 106, '2022-01-18 15:51:19', 0),
	(273, 1145, 200, 0, 0, 200, 1, 0, '2022-01-18 00:00:00', '2020-01-01 00:00:00', 0, 'visit datang', '2022-01-18', '00:00:00', '2022-01-18', '00:00:00', 0, 'tesulign', '', 0, '2020-01-01 00:00:00', '0', '0', '', 0, '2020-01-01 00:00:00', '0', '0', '', 0, 'Created by Edo Suhendra', 1, 1, '2022-01-18 16:04:05', 1, '2022-01-18 16:04:05', 0),
	(274, 170, 500, 209, 222, 100, 1, 0, '2022-09-15 00:00:00', '2020-01-01 00:00:00', 1, 'Call tolong check', '2022-09-15', '00:00:00', '2022-09-15', '00:00:00', 0, 'Data chcking', '', 0, '2020-01-01 00:00:00', '0', '0', '', 0, '2020-01-01 00:00:00', '0', '0', '', 0, 'Created by Edo Suhendra', 1, 1, '2022-09-15 11:50:03', 1, '2022-09-15 11:50:03', 0),
	(275, 170, 500, 209, 222, 1, 116, 0, '2022-09-15 00:00:00', '2020-01-01 00:00:00', 0, 'Buat in PPT', '2022-09-15', '00:00:00', '2022-09-15', '00:00:00', 0, 'Batin PPT', '', 0, '2020-01-01 00:00:00', '0', '0', '', 0, '2020-01-01 00:00:00', '0', '0', '', 0, 'Created by Edo Suhendra', 1, 1, '2022-09-15 11:50:24', 1, '2022-09-15 11:50:24', 0),
	(276, 170, 500, 209, 222, 200, 1, 0, '2022-09-22 11:00:00', '2020-01-01 00:00:00', 0, 'Datang meeting', '2022-09-22', '11:00:00', '2022-09-22', '00:00:00', 0, 'Meeting', '', 0, '2020-01-01 00:00:00', '0', '0', '', 0, '2020-01-01 00:00:00', '0', '0', '', 0, 'Created by Edo Suhendra', 1, 1, '2022-09-15 11:51:19', 1, '2022-09-15 11:51:19', 0),
	(277, 170, 500, 209, 222, 400, 1, 0, '2022-09-15 00:00:00', '2020-01-01 00:00:00', 1, '09-15-2022 - Note update', '2022-09-22', '11:00:00', '2022-09-22', '00:00:00', 0, 'Update hari ni', '', 0, '2020-01-01 00:00:00', '0', '0', '', 0, '2020-01-01 00:00:00', '0', '0', '', 0, 'Created by Edo Suhendra', 1, 1, '2022-09-15 11:51:48', 1, '2022-09-15 11:51:48', 0),
	(278, 171, 500, 210, 223, 100, 1, 0, '2022-09-15 00:00:00', '2020-01-01 00:00:00', 1, 'Telp kenalin', '2022-09-15', '00:00:00', '2022-09-15', '00:00:00', 0, 'Telpon kenain bahwa saya sales baru dari pt abc', '', 0, '2020-01-01 00:00:00', '0', '0', '', 0, '2020-01-01 00:00:00', '0', '0', '', 0, 'Created by Edo Suhendra', 1, 1, '2022-09-15 14:32:56', 1, '2022-09-15 14:32:56', 0),
	(279, 171, 500, 210, 223, 200, 1, 0, '2022-09-17 00:00:00', '2020-01-01 00:00:00', 0, 'Minta datan gpresetansi', '2022-09-17', '00:00:00', '2022-09-17', '14:00:00', 0, 'Presentasi', '', 0, '2020-01-01 00:00:00', '0', '0', '', 0, '2020-01-01 00:00:00', '0', '0', '', 0, 'Created by Edo Suhendra', 1, 1, '2022-09-15 14:33:39', 1, '2022-09-15 14:33:39', 0),
	(280, 1151, 200, 0, 0, 100, 103, 0, '2022-09-15 00:00:00', '2020-01-01 00:00:00', 1, 'Telopon perkenalan', '2022-09-15', '00:00:00', '2022-09-15', '00:00:00', 0, 'Terlpon perkenalan', '', 0, '2020-01-01 00:00:00', '0', '0', '', 0, '2020-01-01 00:00:00', '0', '0', '', 0, 'Created by Anggie Thinktank', 1, 1, '2022-09-15 14:47:38', 103, '2022-09-15 14:47:38', 0),
	(281, 1151, 200, 0, 0, 1, 103, 0, '2022-09-15 00:00:00', '2020-01-01 00:00:00', 0, 'Tlong buath prestneai', '2022-09-15', '00:00:00', '2022-09-15', '00:00:00', 0, 'kerjain', '', 0, '2020-01-01 00:00:00', '0', '0', '', 0, '2020-01-01 00:00:00', '0', '0', '', 0, 'Created by Edo Suhendra', 1, 1, '2022-09-15 14:51:21', 1, '2022-09-15 14:51:21', 0),
	(282, 173, 500, 211, 224, 100, 103, 0, '2022-12-22 00:00:00', '2020-01-01 00:00:00', 1, 'telp perkenal', '2022-12-22', '00:00:00', '2022-12-22', '00:00:00', 0, 'Telpon pekernalan', '', 0, '2020-01-01 00:00:00', '0', '0', '', 0, '2020-01-01 00:00:00', '0', '0', '', 0, 'Created by Anggie Thinktank', 1, 1, '2022-12-22 16:10:01', 103, '2022-12-22 16:10:01', 0),
	(283, 1151, 200, 0, 0, 1, 1, 0, '2022-12-22 00:00:00', '2020-01-01 00:00:00', 0, 'tolong kerjakan profile ', '2022-12-22', '00:00:00', '2022-12-22', '00:00:00', 0, '', '', 0, '2020-01-01 00:00:00', '0', '0', '', 0, '2020-01-01 00:00:00', '0', '0', '', 0, 'Created by Edo Suhendra', 1, 1, '2022-12-22 16:39:12', 1, '2022-12-22 16:39:12', 0),
	(284, 175, 400, 212, 0, 1, 106, 0, '2023-01-26 00:00:00', '2020-01-01 00:00:00', 0, 'Tolong di follow up segera akan hal ini', '2023-01-26', '00:00:00', '2023-01-26', '00:00:00', 0, 'Toolong di follow dan cari tahu budget', '', 0, '2020-01-01 00:00:00', '0', '0', '', 0, '2020-01-01 00:00:00', '0', '0', '', 0, 'Created by Edo Suhendra', 1, 1, '2023-01-26 14:21:47', 1, '2023-01-26 14:21:47', 0),
	(285, 177, 300, 192, 0, 100, 118, 0, '2026-07-02 00:00:00', '2020-01-01 00:00:00', 1, 'test', '2026-07-02', '00:00:00', '2026-07-02', '00:00:00', 0, '', '', 0, '2020-01-01 00:00:00', '0', '0', '', 0, '2020-01-01 00:00:00', '0', '0', '', 0, 'Created by Anggie Thinktank', 1, 1, '2026-07-02 13:26:36', 118, '2026-07-02 13:26:36', 0);

-- Dumping structure for table crm.co.id.crm3_activity_comment
CREATE TABLE IF NOT EXISTS `crm3_activity_comment` (
  `id` int(11) NOT NULL AUTO_INCREMENT,
  `id_activity` int(11) NOT NULL DEFAULT 0,
  `comment` text NOT NULL,
  `log` text NOT NULL,
  `status` int(1) NOT NULL DEFAULT 1,
  `presence` int(1) NOT NULL DEFAULT 1,
  `input_date` datetime NOT NULL DEFAULT '2019-01-01 00:00:00',
  `input_by` int(11) NOT NULL DEFAULT 0,
  `update_date` datetime NOT NULL DEFAULT '2019-01-01 00:00:00',
  `update_by` int(11) NOT NULL DEFAULT 0,
  PRIMARY KEY (`id`)
) ENGINE=InnoDB AUTO_INCREMENT=82 DEFAULT CHARSET=latin1 COLLATE=latin1_swedish_ci;

-- Dumping data for table crm.co.id.crm3_activity_comment: ~81 rows (approximately)
INSERT INTO `crm3_activity_comment` (`id`, `id_activity`, `comment`, `log`, `status`, `presence`, `input_date`, `input_by`, `update_date`, `update_by`) VALUES
	(1, 2, 'Ok pak task sudah saya kerjakan.', '', 1, 1, '2020-03-07 13:19:42', 103, '2020-03-07 13:19:42', 103),
	(2, 3, 'Baik pak akan saya atur segera. Thanks', '', 1, 1, '2020-03-07 13:28:16', 103, '2020-03-07 13:28:16', 103),
	(3, 3, 'Tolong di buat kan MOM nya yah kalau sudah selesai.', '', 1, 1, '2020-03-07 13:32:02', 1, '2020-03-07 13:32:02', 1),
	(4, 4, 'Ok saya approbved gak masalah. Tolong segera jalankan.', '', 1, 1, '2020-03-07 13:32:25', 1, '2020-03-07 13:32:25', 1),
	(5, 3, 'Pak visit di batalkan diminta reschedule lagi. Jadi saya tutup yah pak.', '', 1, 1, '2020-03-07 13:33:23', 103, '2020-03-07 13:33:23', 103),
	(6, 4, 'Pak ternyata seminar ini bukan di Jakarta tapi di luar negara Indonesia pak. Gak mau berangkat deh pak lagi ada coronavirus pak Saya batalin yah pak.', '', 1, 1, '2020-03-07 13:34:18', 103, '2020-03-07 13:34:18', 103),
	(7, 33, 'Ok setuju biaya tidak ada masalah jalankan', '', 1, 1, '2020-03-12 10:53:13', 1, '2020-03-12 10:53:13', 1),
	(8, 22, 'Jalankan saja tidak ada masalh', '', 1, 1, '2020-03-12 10:53:44', 1, '2020-03-12 10:53:44', 1),
	(9, 52, 'Ok sudah di testing beres', '', 1, 1, '2020-03-14 16:27:42', 104, '2020-03-14 16:27:42', 104),
	(10, 53, 'Ok sudah boss beres ya', '', 1, 1, '2020-03-14 16:29:24', 104, '2020-03-14 16:29:24', 104),
	(11, 47, 'OK beres', '', 1, 1, '2020-03-14 16:33:35', 104, '2020-03-14 16:33:35', 104),
	(12, 70, 'OK', '', 1, 1, '2020-03-24 12:28:51', 103, '2020-03-24 12:28:51', 103),
	(13, 71, 'done', '', 1, 1, '2020-03-24 12:32:05', 103, '2020-03-24 12:32:05', 103),
	(14, 67, 'Sudah dilakukan', '', 1, 1, '2020-04-01 15:01:11', 103, '2020-04-01 15:01:11', 103),
	(15, 82, 'Selesai presentasi minta dibuatkan quotation', '', 1, 1, '2020-04-01 15:21:50', 103, '2020-04-01 15:21:50', 103),
	(16, 89, 'bapaknya minta dibuatkan penawaran, sepertinya Acumatica overspec karena simple sekali dan budgetnya kecil tapi tidak mau info berapa', '', 1, 1, '2020-04-01 16:10:00', 103, '2020-04-01 16:10:00', 103),
	(17, 95, 'Menurut ibunya OK sistemnya jadi minta dibuatkan quotation', '', 1, 1, '2020-04-01 17:08:52', 107, '2020-04-01 17:08:52', 107),
	(18, 105, 'Butuh tambahan 25 mandays', '', 1, 1, '2020-04-02 16:23:25', 108, '2020-04-02 16:23:25', 108),
	(19, 105, 'Ok jalankan saja submit quote jangan dikasih diskon dulu', '', 1, 1, '2020-04-02 16:26:28', 107, '2020-04-02 16:26:28', 107),
	(20, 110, 'Coba submit quotenya untuk package 20 mandays', '', 1, 1, '2020-04-03 10:40:59', 108, '2020-04-03 10:40:59', 108),
	(21, 128, 'Minta dibuatkan quotation dulu. Budget belum mau open.', '', 1, 1, '2020-04-06 10:37:23', 108, '2020-04-06 10:37:23', 108),
	(22, 133, 'Ibunya minta dibuatkan quotation dulu. So far sudah mengakomodir kebutuhannya.', '', 1, 1, '2020-04-06 14:28:48', 108, '2020-04-06 14:28:48', 108),
	(23, 136, 'Sudah beres dan akan di pertimbangkan.', '', 1, 1, '2020-04-06 16:17:31', 106, '2020-04-06 16:17:31', 106),
	(24, 140, 'Bagaiman aupdate nya apakah sudah selesai?', '', 1, 1, '2020-04-06 16:27:55', 1, '2020-04-06 16:27:55', 1),
	(25, 140, 'Sudah pak mereka ada kebutuhan.', '', 1, 1, '2020-04-06 16:28:18', 106, '2020-04-06 16:28:18', 106),
	(26, 141, 'Bagaimna hasilnya semintar nya?', '', 1, 1, '2020-04-06 16:28:31', 1, '2020-04-06 16:28:31', 1),
	(27, 142, 'Harga buat tahun berapa pak?', '', 1, 1, '2020-04-06 16:35:42', 106, '2020-04-06 16:35:42', 106),
	(28, 142, 'Tahun 2020 saja.', '', 1, 1, '2020-04-06 16:35:58', 1, '2020-04-06 16:35:58', 1),
	(29, 150, 'Sudah ok belum?', '', 1, 1, '2020-04-07 15:09:25', 1, '2020-04-07 15:09:25', 1),
	(30, 150, 'suah ok pak Edo', '', 1, 1, '2020-04-07 15:10:20', 106, '2020-04-07 15:10:20', 106),
	(31, 146, 'test 1 felix', '', 1, 1, '2020-04-07 16:22:05', 7, '2020-04-07 16:22:05', 7),
	(32, 158, 'ok bagaimana ?', '', 1, 1, '2020-05-13 18:14:05', 7, '2020-05-13 18:14:05', 7),
	(33, 167, '12341234', '', 1, 1, '2020-05-18 15:40:32', 7, '2020-05-18 15:40:32', 7),
	(34, 168, '123123123', '', 1, 1, '2020-05-18 16:27:55', 7, '2020-05-18 16:27:55', 7),
	(35, 100, 'Ok pak ini sudah saya lakuna perr hari ini. Task sudah selesai.', '', 1, 1, '2020-05-19 22:31:25', 103, '2020-05-19 22:31:25', 103),
	(36, 82, 'ok sudah saya buatkan pak.', '', 1, 1, '2020-05-19 22:33:25', 103, '2020-05-19 22:33:25', 103),
	(37, 82, 'Om', '', 1, 1, '2020-05-19 22:33:59', 1, '2020-05-19 22:33:59', 1),
	(38, 173, 'Siap pak sudah di buatkan sudah taruh di dropbox pak.', '', 1, 1, '2020-05-19 23:02:11', 103, '2020-05-19 23:02:11', 103),
	(39, 176, 'Ok pak saya bisa no problem.', '', 1, 1, '2020-05-19 23:18:49', 103, '2020-05-19 23:18:49', 103),
	(40, 177, 'Ok tanggal ini saya masih gak ada schedule.', '', 1, 1, '2020-05-19 23:19:00', 103, '2020-05-19 23:19:00', 103),
	(41, 176, 'Dia minta reschedule tanggal lain bisa.', '', 1, 1, '2020-05-19 23:22:38', 1, '2020-05-19 23:22:38', 1),
	(42, 176, 'Ok pak saya siap aja.', '', 1, 1, '2020-05-19 23:22:57', 103, '2020-05-19 23:22:57', 103),
	(43, 176, 'Ok saya closed ini.', '', 1, 1, '2020-05-19 23:23:33', 1, '2020-05-19 23:23:33', 1),
	(44, 178, 'Kirim email perkenalan dulu baru FU lagi bapaknya', '', 1, 1, '2020-05-20 13:41:03', 103, '2020-05-20 13:41:03', 103),
	(45, 185, 'Minta dibuatkan quotation standar untuk ERPnya', '', 1, 1, '2020-05-20 16:08:10', 103, '2020-05-20 16:08:10', 103),
	(46, 194, 'ok pak aku tarah di attachment yah. Sudah selesai.', '', 1, 1, '2020-05-21 22:56:29', 103, '2020-05-21 22:56:29', 103),
	(47, 194, 'Ok thanks yah.', '', 1, 1, '2020-05-21 22:57:12', 1, '2020-05-21 22:57:12', 1),
	(48, 203, 'ok ga?', '', 1, 1, '2020-06-02 17:08:26', 1, '2020-06-02 17:08:26', 1),
	(49, 101, 'bagaimana dengan ini ?', '', 1, 1, '2020-06-02 17:08:41', 1, '2020-06-02 17:08:41', 1),
	(50, 225, 'Minta revisi quotationnya', '', 1, 1, '2020-06-15 09:49:41', 107, '2020-06-15 09:49:41', 107),
	(51, 231, 'Status nya apa?', '', 1, 1, '2020-07-08 12:25:48', 1, '2020-07-08 12:25:48', 1),
	(52, 237, 'check in', '', 1, 1, '2020-12-10 17:15:34', 103, '2020-12-10 17:15:34', 103),
	(53, 241, 'Tolong pastikan lead ini valid', '', 1, 1, '2021-06-14 17:16:33', 107, '2021-06-14 17:16:33', 107),
	(54, 241, 'Ok siap', '', 1, 1, '2021-06-14 17:16:53', 108, '2021-06-14 17:16:53', 108),
	(55, 242, 'Ok konfirmasi ke customer', '', 1, 1, '2021-06-14 17:18:11', 108, '2021-06-14 17:18:11', 108),
	(56, 243, 'OK jalankan', '', 1, 1, '2021-06-14 17:19:47', 107, '2021-06-14 17:19:47', 107),
	(57, 244, 'Ok lanjutkan dan jangan lupa follow up', '', 1, 1, '2021-07-02 14:49:21', 107, '2021-07-02 14:49:21', 107),
	(58, 245, 'OK jangan lupa kirim brosur terbaru', '', 1, 1, '2021-07-02 14:51:04', 107, '2021-07-02 14:51:04', 107),
	(59, 246, 'Ok goodluck dan jangan lupa untuk update hasilnya', '', 1, 1, '2021-07-02 14:52:35', 107, '2021-07-02 14:52:35', 107),
	(60, 247, 'Teruskan follow up', '', 1, 1, '2021-07-30 16:17:09', 107, '2021-07-30 16:17:09', 107),
	(61, 248, 'Jangan lupa kasih brosur CRM terbaru', '', 1, 1, '2021-07-30 16:18:06', 107, '2021-07-30 16:18:06', 107),
	(62, 249, 'OK Goodluck', '', 1, 1, '2021-07-30 16:19:33', 107, '2021-07-30 16:19:33', 107),
	(63, 250, 'lanjutkan', '', 1, 1, '2021-08-03 15:12:43', 107, '2021-08-03 15:12:43', 107),
	(64, 251, 'Kirimkan brosur yang terbaru', '', 1, 1, '2021-08-03 15:13:33', 107, '2021-08-03 15:13:33', 107),
	(65, 253, 'lanjutkan', '', 1, 1, '2021-08-03 15:26:59', 107, '2021-08-03 15:26:59', 107),
	(66, 254, 'jangan lupa kirim brosur terbaru', '', 1, 1, '2021-08-03 15:27:41', 107, '2021-08-03 15:27:41', 107),
	(67, 256, 'OK lanjutkan ', '', 1, 1, '2021-08-13 14:38:21', 107, '2021-08-13 14:38:21', 107),
	(68, 257, 'Jangan lupa kirim brosur terbaru', '', 1, 1, '2021-08-13 14:39:05', 107, '2021-08-13 14:39:05', 107),
	(69, 258, 'ok goodluck jangan lupa update', '', 1, 1, '2021-08-13 14:40:27', 107, '2021-08-13 14:40:27', 107),
	(70, 259, 'Ok lanjutkan', '', 1, 1, '2021-08-13 15:07:36', 107, '2021-08-13 15:07:36', 107),
	(71, 260, 'jangan lupa kirim brosur terbaru', '', 1, 1, '2021-08-13 15:08:19', 107, '2021-08-13 15:08:19', 107),
	(72, 262, 'Ok lanjutkan', '', 1, 1, '2021-08-13 16:00:30', 107, '2021-08-13 16:00:30', 107),
	(73, 263, 'Kirim brosur terbaru', '', 1, 1, '2021-08-13 16:01:14', 107, '2021-08-13 16:01:14', 107),
	(74, 265, 'wah ternayta di gua ajak ngopi', '', 1, 1, '2021-09-23 16:51:19', 109, '2021-09-23 16:51:19', 109),
	(75, 268, 'gimana hasil nya?', '', 1, 1, '2022-01-18 12:17:21', 1, '2022-01-18 12:17:21', 1),
	(76, 268, 'Bagus ada kebuhaan', '', 1, 1, '2022-01-18 12:17:45', 103, '2022-01-18 12:17:45', 103),
	(77, 270, 'Bagaimana hasil virtual meeting nya?', '', 1, 1, '2022-01-18 15:50:27', 1, '2022-01-18 15:50:27', 1),
	(78, 270, 'Ada customize yang harus kita handle pak', '', 1, 1, '2022-01-18 15:51:33', 103, '2022-01-18 15:51:33', 103),
	(79, 281, 'ok boss siapa yaha kerjain', '', 1, 1, '2022-09-15 14:52:06', 103, '2022-09-15 14:52:06', 103),
	(80, 283, 'sip boss', '', 1, 1, '2022-12-22 16:39:44', 103, '2022-12-22 16:39:44', 103),
	(81, 284, 'ok segera akan saya follow up', '', 1, 1, '2023-01-26 14:22:24', 106, '2023-01-26 14:22:24', 106);

-- Dumping structure for table crm.co.id.crm3_activity_priority
CREATE TABLE IF NOT EXISTS `crm3_activity_priority` (
  `id` int(11) NOT NULL AUTO_INCREMENT,
  `name` varchar(50) NOT NULL DEFAULT '',
  `value` int(11) NOT NULL DEFAULT 0,
  `color` varchar(50) NOT NULL DEFAULT '',
  `status` int(1) NOT NULL DEFAULT 1,
  `presence` int(1) NOT NULL DEFAULT 1,
  `input_date` datetime NOT NULL DEFAULT '2019-01-01 00:00:00',
  `input_by` int(11) NOT NULL DEFAULT 0,
  `update_date` datetime NOT NULL DEFAULT '2019-01-01 00:00:00',
  `update_by` int(11) NOT NULL DEFAULT 0,
  PRIMARY KEY (`id`)
) ENGINE=InnoDB AUTO_INCREMENT=301 DEFAULT CHARSET=latin1 COLLATE=latin1_swedish_ci;

-- Dumping data for table crm.co.id.crm3_activity_priority: ~4 rows (approximately)
INSERT INTO `crm3_activity_priority` (`id`, `name`, `value`, `color`, `status`, `presence`, `input_date`, `input_by`, `update_date`, `update_by`) VALUES
	(1, 'Low', 0, 'light', 1, 1, '2019-01-01 00:00:00', 0, '2019-01-01 00:00:00', 0),
	(10, 'Normal', 10, 'success', 1, 1, '2019-01-01 00:00:00', 0, '2019-01-01 00:00:00', 0),
	(150, 'High', 80, 'warning', 1, 1, '2019-01-01 00:00:00', 0, '2019-01-01 00:00:00', 0),
	(300, 'Urgent', 90, 'danger', 1, 1, '2019-01-01 00:00:00', 0, '2019-01-01 00:00:00', 0);

-- Dumping structure for table crm.co.id.crm3_activity_type
CREATE TABLE IF NOT EXISTS `crm3_activity_type` (
  `id` int(11) NOT NULL AUTO_INCREMENT,
  `name` varchar(50) NOT NULL DEFAULT '',
  `fas` varchar(50) NOT NULL DEFAULT '',
  `auto_closed` int(1) NOT NULL DEFAULT 0,
  `status` int(1) NOT NULL DEFAULT 1,
  `presence` int(1) NOT NULL DEFAULT 1,
  `input_date` datetime NOT NULL DEFAULT '2019-01-01 00:00:00',
  `input_by` int(11) NOT NULL DEFAULT 0,
  `update_date` datetime NOT NULL DEFAULT '2019-01-01 00:00:00',
  `update_by` int(11) NOT NULL DEFAULT 0,
  PRIMARY KEY (`id`)
) ENGINE=InnoDB AUTO_INCREMENT=1002 DEFAULT CHARSET=latin1 COLLATE=latin1_swedish_ci;

-- Dumping data for table crm.co.id.crm3_activity_type: ~6 rows (approximately)
INSERT INTO `crm3_activity_type` (`id`, `name`, `fas`, `auto_closed`, `status`, `presence`, `input_date`, `input_by`, `update_date`, `update_by`) VALUES
	(1, 'Task', '<i class="far fa-check-square"></i>', 0, 1, 1, '2019-01-01 00:00:00', 0, '2019-01-01 00:00:00', 0),
	(100, 'Log a Call', '<i class="fas fa-phone"></i>', 1, 1, 1, '2019-01-01 00:00:00', 0, '2019-01-01 00:00:00', 0),
	(200, 'Visit', '<i class="fas fa-map-marker-alt"></i>', 0, 1, 1, '2019-01-01 00:00:00', 0, '2019-01-01 00:00:00', 0),
	(300, 'Event', '<i class="fas fa-street-view"></i>', 0, 1, 1, '2019-01-01 00:00:00', 0, '2019-01-01 00:00:00', 0),
	(400, 'Note', '<i class="far fa-sticky-note"></i>', 1, 1, 1, '2019-01-01 00:00:00', 0, '2019-01-01 00:00:00', 0),
	(1001, 'Log', '<i class="far fa-clipboard"></i>', 1, 0, 1, '2019-01-01 00:00:00', 0, '2019-01-01 00:00:00', 0);

-- Dumping structure for table crm.co.id.crm3_attachment
CREATE TABLE IF NOT EXISTS `crm3_attachment` (
  `id` int(11) NOT NULL AUTO_INCREMENT,
  `module` varchar(50) NOT NULL DEFAULT '',
  `id_module` int(9) NOT NULL DEFAULT 0,
  `full_path` text NOT NULL,
  `url` text NOT NULL,
  `file_name` varchar(250) NOT NULL DEFAULT '',
  `file_size` varchar(250) NOT NULL DEFAULT '',
  `presence` int(1) NOT NULL DEFAULT 1,
  `input_date` datetime NOT NULL DEFAULT '2020-01-01 00:00:00',
  `input_by` int(9) NOT NULL DEFAULT 0,
  `update_date` datetime NOT NULL DEFAULT '2020-01-01 00:00:00',
  `update_by` int(9) NOT NULL DEFAULT 0,
  PRIMARY KEY (`id`)
) ENGINE=InnoDB AUTO_INCREMENT=93 DEFAULT CHARSET=latin1 COLLATE=latin1_swedish_ci;

-- Dumping data for table crm.co.id.crm3_attachment: ~92 rows (approximately)
INSERT INTO `crm3_attachment` (`id`, `module`, `id_module`, `full_path`, `url`, `file_name`, `file_size`, `presence`, `input_date`, `input_by`, `update_date`, `update_by`) VALUES
	(1, 'priceList', 2, '/home/crma2118/public_html/s02/api-v1/upload/1/aseembly.png', './upload/1/aseembly.png', 'aseembly.png', '97.62', 1, '2020-03-07 13:48:18', 1, '2020-03-07 13:48:18', 0),
	(2, 'priceList', 1, '/home/crma2118/public_html/s02/api-v1/upload/1/1a.png', './upload/1/1a.png', '1a.png', '127', 0, '2020-03-07 13:48:43', 1, '2021-08-02 16:03:33', 107),
	(3, 'contact', 98, '/home/crma2118/public_html/s02/api-v1/upload/1/exa-bank.png', './upload/1/exa-bank.png', 'exa-bank.png', '0.46', 1, '2020-03-27 14:35:28', 1, '2020-03-27 14:35:28', 0),
	(4, 'lead', 1047, '/home/crma2118/public_html/s02/api-v1/upload/1/test1.jpg', './upload/1/test1.jpg', 'test1.jpg', '56.59', 1, '2020-04-02 13:06:21', 1, '2020-04-02 13:06:21', 0),
	(5, 'lead', 1065, '/home/crma2118/public_html/s02/api-v1/upload/Penguins.jpg', './upload//Penguins.jpg', 'Penguins.jpg', '759.6', 1, '2020-04-04 13:51:21', 112, '2020-04-04 13:51:21', 0),
	(6, 'lead', 1066, '/home/crma2118/public_html/s02/api-v1/upload/Chrysanthemum.jpg', './upload//Chrysanthemum.jpg', 'Chrysanthemum.jpg', '858.78', 1, '2020-04-04 13:51:33', 112, '2020-04-04 13:51:33', 0),
	(7, 'company', 175, '/home/crma2118/public_html/s02/api-v1/upload/Penguins1.jpg', './upload//Penguins1.jpg', 'Penguins1.jpg', '759.6', 1, '2020-04-06 16:44:27', 106, '2020-04-06 16:44:27', 0),
	(8, 'company', 175, '/home/crma2118/public_html/s02/api-v1/upload/1/Hydrangeas.jpg', './upload/1/Hydrangeas.jpg', 'Hydrangeas.jpg', '581.33', 1, '2020-04-06 16:44:58', 1, '2020-04-06 16:44:58', 0),
	(9, 'contact', 124, '/home/crma2118/public_html/s02/api-v1/upload/Tulips.jpg', './upload//Tulips.jpg', 'Tulips.jpg', '606.34', 1, '2020-04-06 16:45:24', 106, '2020-04-06 16:45:24', 0),
	(10, 'lead', 1083, '/home/crma2118/public_html/s02/api-v1/upload/7/b.png', './upload/7/b.png', 'b.png', '8.85', 1, '2020-05-08 16:39:15', 7, '2020-05-08 16:39:15', 0),
	(11, 'lead', 1083, '/home/crma2118/public_html/s02/api-v1/upload/7/banner-uwuvillas1.jpg', './upload/7/banner-uwuvillas1.jpg', 'banner-uwuvillas1.jpg', '377.61', 1, '2020-05-08 16:48:23', 7, '2020-05-08 16:48:23', 0),
	(12, 'contact', 139, '/home/crma2118/public_html/s02/api-v1/upload/7/logo-a.jpg', './upload/7/logo-a.jpg', 'logo-a.jpg', '69.87', 1, '2020-05-12 15:48:12', 7, '2020-05-12 15:48:12', 0),
	(13, 'company', 149, '/home/crma2118/public_html/s02/api-v1/upload/7/acumatica_cloud_erp_5_3_large.png', './upload/7/acumatica_cloud_erp_5_3_large.png', 'acumatica_cloud_erp_5_3_large.png', '4.42', 1, '2020-05-12 19:26:46', 7, '2020-05-12 19:26:46', 0),
	(14, 'lead', 1096, '/home/crma2118/public_html/s02/api-v1/upload/1/Screenshot_20200519-232530_Sales_Trax.jpg', './upload/1/Screenshot_20200519-232530_Sales_Trax.jpg', 'Screenshot_20200519-232530_Sales_Trax.jpg', '370.17', 1, '2020-05-19 23:35:42', 1, '2020-05-19 23:35:42', 0),
	(15, 'lead', 1096, '/home/crma2118/public_html/s02/api-v1/upload/1/Screenshot_20200519-232530_Sales_Trax.jpg', './upload/1/Screenshot_20200519-232530_Sales_Trax.jpg', 'Screenshot_20200519-232530_Sales_Trax.jpg', '370.17', 1, '2020-05-19 23:35:42', 1, '2020-05-19 23:35:42', 0),
	(16, 'lead', 1096, '/home/crma2118/public_html/s02/api-v1/upload/1/Screenshot_20200519-232530_Sales_Trax1.jpg', './upload/1/Screenshot_20200519-232530_Sales_Trax1.jpg', 'Screenshot_20200519-232530_Sales_Trax1.jpg', '370.17', 1, '2020-05-19 23:35:42', 1, '2020-05-19 23:35:42', 0),
	(17, 'lead', 1096, '/home/crma2118/public_html/s02/api-v1/upload/1/Screenshot_20200519-232530_Sales_Trax2.jpg', './upload/1/Screenshot_20200519-232530_Sales_Trax2.jpg', 'Screenshot_20200519-232530_Sales_Trax2.jpg', '370.17', 1, '2020-05-19 23:35:42', 1, '2020-05-19 23:35:42', 0),
	(18, 'lead', 1096, '/home/crma2118/public_html/s02/api-v1/upload/1/Screenshot_20200519-232530_Sales_Trax3.jpg', './upload/1/Screenshot_20200519-232530_Sales_Trax3.jpg', 'Screenshot_20200519-232530_Sales_Trax3.jpg', '370.17', 1, '2020-05-19 23:35:44', 1, '2020-05-19 23:35:44', 0),
	(19, 'lead', 1096, '/home/crma2118/public_html/s02/api-v1/upload/1/Screenshot_20200519-232530_Sales_Trax4.jpg', './upload/1/Screenshot_20200519-232530_Sales_Trax4.jpg', 'Screenshot_20200519-232530_Sales_Trax4.jpg', '370.17', 1, '2020-05-19 23:35:44', 1, '2020-05-19 23:35:44', 0),
	(20, 'lead', 1096, '/home/crma2118/public_html/s02/api-v1/upload/1/Screenshot_20200519-232530_Sales_Trax5.jpg', './upload/1/Screenshot_20200519-232530_Sales_Trax5.jpg', 'Screenshot_20200519-232530_Sales_Trax5.jpg', '370.17', 1, '2020-05-19 23:35:44', 1, '2020-05-19 23:35:44', 0),
	(21, 'lead', 1096, '/home/crma2118/public_html/s02/api-v1/upload/1/Screenshot_20200519-232530_Sales_Trax6.jpg', './upload/1/Screenshot_20200519-232530_Sales_Trax6.jpg', 'Screenshot_20200519-232530_Sales_Trax6.jpg', '370.17', 1, '2020-05-19 23:35:44', 1, '2020-05-19 23:35:44', 0),
	(22, 'lead', 1096, '/home/crma2118/public_html/s02/api-v1/upload/1/Screenshot_20200519-232530_Sales_Trax7.jpg', './upload/1/Screenshot_20200519-232530_Sales_Trax7.jpg', 'Screenshot_20200519-232530_Sales_Trax7.jpg', '370.17', 1, '2020-05-19 23:35:44', 1, '2020-05-19 23:35:44', 0),
	(23, 'lead', 1096, '/home/crma2118/public_html/s02/api-v1/upload/1/Screenshot_20200519-232530_Sales_Trax8.jpg', './upload/1/Screenshot_20200519-232530_Sales_Trax8.jpg', 'Screenshot_20200519-232530_Sales_Trax8.jpg', '370.17', 1, '2020-05-19 23:35:44', 1, '2020-05-19 23:35:44', 0),
	(24, 'lead', 1096, '/home/crma2118/public_html/s02/api-v1/upload/1/Screenshot_20200519-232530_Sales_Trax9.jpg', './upload/1/Screenshot_20200519-232530_Sales_Trax9.jpg', 'Screenshot_20200519-232530_Sales_Trax9.jpg', '370.17', 1, '2020-05-19 23:35:44', 1, '2020-05-19 23:35:44', 0),
	(25, 'lead', 1096, '/home/crma2118/public_html/s02/api-v1/upload/1/Screenshot_20200519-232530_Sales_Trax10.jpg', './upload/1/Screenshot_20200519-232530_Sales_Trax10.jpg', 'Screenshot_20200519-232530_Sales_Trax10.jpg', '370.17', 1, '2020-05-19 23:35:44', 1, '2020-05-19 23:35:44', 0),
	(26, 'lead', 1096, '/home/crma2118/public_html/s02/api-v1/upload/1/Screenshot_20200519-232530_Sales_Trax11.jpg', './upload/1/Screenshot_20200519-232530_Sales_Trax11.jpg', 'Screenshot_20200519-232530_Sales_Trax11.jpg', '370.17', 1, '2020-05-19 23:36:49', 1, '2020-05-19 23:36:49', 0),
	(27, 'lead', 1096, '/home/crma2118/public_html/s02/api-v1/upload/1/Screenshot_20200519-232530_Sales_Trax12.jpg', './upload/1/Screenshot_20200519-232530_Sales_Trax12.jpg', 'Screenshot_20200519-232530_Sales_Trax12.jpg', '370.17', 1, '2020-05-19 23:36:49', 1, '2020-05-19 23:36:49', 0),
	(28, 'lead', 1096, '/home/crma2118/public_html/s02/api-v1/upload/1/Screenshot_20200519-232530_Sales_Trax13.jpg', './upload/1/Screenshot_20200519-232530_Sales_Trax13.jpg', 'Screenshot_20200519-232530_Sales_Trax13.jpg', '370.17', 1, '2020-05-19 23:36:49', 1, '2020-05-19 23:36:49', 0),
	(29, 'lead', 1096, '/home/crma2118/public_html/s02/api-v1/upload/1/Screenshot_20200519-232530_Sales_Trax14.jpg', './upload/1/Screenshot_20200519-232530_Sales_Trax14.jpg', 'Screenshot_20200519-232530_Sales_Trax14.jpg', '370.17', 1, '2020-05-19 23:36:53', 1, '2020-05-19 23:36:53', 0),
	(30, 'lead', 1096, '/home/crma2118/public_html/s02/api-v1/upload/1/Screenshot_20200519-232530_Sales_Trax15.jpg', './upload/1/Screenshot_20200519-232530_Sales_Trax15.jpg', 'Screenshot_20200519-232530_Sales_Trax15.jpg', '370.17', 1, '2020-05-19 23:36:55', 1, '2020-05-19 23:36:55', 0),
	(31, 'lead', 1096, '/home/crma2118/public_html/s02/api-v1/upload/1/Screenshot_20200519-232530_Sales_Trax16.jpg', './upload/1/Screenshot_20200519-232530_Sales_Trax16.jpg', 'Screenshot_20200519-232530_Sales_Trax16.jpg', '370.17', 1, '2020-05-19 23:36:57', 1, '2020-05-19 23:36:57', 0),
	(32, 'lead', 1096, '/home/crma2118/public_html/s02/api-v1/upload/1/Screenshot_20200519-232530_Sales_Trax17.jpg', './upload/1/Screenshot_20200519-232530_Sales_Trax17.jpg', 'Screenshot_20200519-232530_Sales_Trax17.jpg', '370.17', 1, '2020-05-19 23:36:59', 1, '2020-05-19 23:36:59', 0),
	(33, 'lead', 1096, '/home/crma2118/public_html/s02/api-v1/upload/1/Screenshot_20200519-232530_Sales_Trax18.jpg', './upload/1/Screenshot_20200519-232530_Sales_Trax18.jpg', 'Screenshot_20200519-232530_Sales_Trax18.jpg', '370.17', 1, '2020-05-19 23:36:59', 1, '2020-05-19 23:36:59', 0),
	(34, 'lead', 1096, '/home/crma2118/public_html/s02/api-v1/upload/1/Screenshot_20200519-232530_Sales_Trax19.jpg', './upload/1/Screenshot_20200519-232530_Sales_Trax19.jpg', 'Screenshot_20200519-232530_Sales_Trax19.jpg', '370.17', 1, '2020-05-19 23:36:59', 1, '2020-05-19 23:36:59', 0),
	(35, 'lead', 1096, '/home/crma2118/public_html/s02/api-v1/upload/1/Screenshot_20200519-232530_Sales_Trax20.jpg', './upload/1/Screenshot_20200519-232530_Sales_Trax20.jpg', 'Screenshot_20200519-232530_Sales_Trax20.jpg', '370.17', 1, '2020-05-19 23:36:59', 1, '2020-05-19 23:36:59', 0),
	(36, 'lead', 1096, '/home/crma2118/public_html/s02/api-v1/upload/1/Screenshot_20200519-232530_Sales_Trax21.jpg', './upload/1/Screenshot_20200519-232530_Sales_Trax21.jpg', 'Screenshot_20200519-232530_Sales_Trax21.jpg', '370.17', 1, '2020-05-19 23:36:59', 1, '2020-05-19 23:36:59', 0),
	(37, 'lead', 1096, '/home/crma2118/public_html/s02/api-v1/upload/1/Screenshot_20200519-232530_Sales_Trax22.jpg', './upload/1/Screenshot_20200519-232530_Sales_Trax22.jpg', 'Screenshot_20200519-232530_Sales_Trax22.jpg', '370.17', 1, '2020-05-19 23:37:00', 1, '2020-05-19 23:37:00', 0),
	(38, 'lead', 1096, '/home/crma2118/public_html/s02/api-v1/upload/1/Screenshot_20200519-232530_Sales_Trax23.jpg', './upload/1/Screenshot_20200519-232530_Sales_Trax23.jpg', 'Screenshot_20200519-232530_Sales_Trax23.jpg', '370.17', 1, '2020-05-19 23:37:00', 1, '2020-05-19 23:37:00', 0),
	(39, 'lead', 1096, '/home/crma2118/public_html/s02/api-v1/upload/1/Screenshot_20200519-232530_Sales_Trax24.jpg', './upload/1/Screenshot_20200519-232530_Sales_Trax24.jpg', 'Screenshot_20200519-232530_Sales_Trax24.jpg', '370.17', 1, '2020-05-19 23:37:00', 1, '2020-05-19 23:37:00', 0),
	(40, 'lead', 1096, '/home/crma2118/public_html/s02/api-v1/upload/1/Screenshot_20200519-232530_Sales_Trax25.jpg', './upload/1/Screenshot_20200519-232530_Sales_Trax25.jpg', 'Screenshot_20200519-232530_Sales_Trax25.jpg', '370.17', 1, '2020-05-19 23:37:00', 1, '2020-05-19 23:37:00', 0),
	(41, 'company', 189, '/home/crma2118/public_html/s02/api-v1/upload/Screenshot_20200520-140847_Sales_Trax.jpg', './upload//Screenshot_20200520-140847_Sales_Trax.jpg', 'Screenshot_20200520-140847_Sales_Trax.jpg', '68.34', 1, '2020-05-20 15:59:47', 103, '2020-05-20 15:59:47', 0),
	(42, 'lead', 1105, '/home/crma2118/public_html/s02/api-v1/upload/1/banner-uwuvillas1.jpg', './upload/1/banner-uwuvillas1.jpg', 'banner-uwuvillas1.jpg', '377.61', 1, '2020-05-21 15:31:49', 1, '2020-05-21 15:31:49', 0),
	(43, 'lead', 1106, '/home/crma2118/public_html/s02/api-v1/upload/1/Jellyfish.jpg', './upload/1/Jellyfish.jpg', 'Jellyfish.jpg', '757.52', 1, '2020-05-21 23:04:14', 1, '2020-05-21 23:04:14', 0),
	(44, 'po', 201, '/home/crma2118/public_html/s02/api-v1/upload/1/Tulips.jpg', './upload/1/Tulips.jpg', 'Tulips.jpg', '606.34', 1, '2020-06-20 22:29:17', 1, '2020-06-20 22:29:17', 0),
	(45, 'po', 201, '/home/crma2118/public_html/s02/api-v1/upload/1/Tulips1.jpg', './upload/1/Tulips1.jpg', 'Tulips1.jpg', '606.34', 0, '2020-06-20 22:29:18', 1, '2020-06-20 22:29:23', 1),
	(46, 'opportunity', 209, '/home/crma2118/public_html/s02/api-v1/upload/1/Template_Background.png', './upload/1/Template_Background.png', 'Template_Background.png', '408.27', 1, '2020-08-05 17:16:29', 1, '2020-08-05 17:16:29', 0),
	(47, 'priceList', 8, '/home/crma2118/public_html/s02/api-v1/upload/Crawler_Crane.jpg', './upload//Crawler_Crane.jpg', 'Crawler_Crane.jpg', '25.97', 0, '2021-04-28 09:30:16', 107, '2021-04-28 09:30:35', 107),
	(48, 'priceList', 8, '/home/crma2118/public_html/s02/api-v1/upload/Crawler_Crane1.jpg', './upload//Crawler_Crane1.jpg', 'Crawler_Crane1.jpg', '25.97', 0, '2021-04-28 09:30:27', 107, '2021-04-28 09:30:39', 107),
	(49, 'priceList', 8, '/home/crma2118/public_html/s02/api-v1/upload/Crawler_Crane.jpg', './upload//Crawler_Crane.jpg', 'Crawler_Crane.jpg', '25.97', 1, '2021-04-28 11:51:44', 107, '2021-04-28 11:51:44', 0),
	(50, 'opportunity', 211, '/home/crma2118/public_html/s02/api-v1/upload/Aut_Presure_Infusor.png', './upload//Aut_Presure_Infusor.png', 'Aut_Presure_Infusor.png', '20.59', 1, '2021-06-14 17:32:02', 108, '2021-06-14 17:32:02', 0),
	(51, 'quote', 29, '/home/crma2118/public_html/s02/api-v1/upload/Aut_Presure_Infusor1.png', './upload//Aut_Presure_Infusor1.png', 'Aut_Presure_Infusor1.png', '20.59', 1, '2021-06-15 09:02:15', 108, '2021-06-15 09:02:15', 0),
	(52, 'quote', 10, '/home/crma2118/public_html/s02/api-v1/upload/Aut_Presure_Infusor2.png', './upload//Aut_Presure_Infusor2.png', 'Aut_Presure_Infusor2.png', '20.59', 0, '2021-06-16 16:21:31', 107, '2021-06-16 16:21:44', 107),
	(53, 'quote', 10, '/home/crma2118/public_html/s02/api-v1/upload/Aut_Presure_Infusor2.png', './upload//Aut_Presure_Infusor2.png', 'Aut_Presure_Infusor2.png', '20.59', 1, '2021-06-17 16:27:07', 108, '2021-06-17 16:27:07', 0),
	(54, 'quote', 11, '/home/crma2118/public_html/s02/api-v1/upload/Crawler_Crane1.jpg', './upload//Crawler_Crane1.jpg', 'Crawler_Crane1.jpg', '25.97', 0, '2021-06-18 10:32:27', 108, '2021-06-18 10:33:35', 108),
	(55, 'quote', 12, '/home/crma2118/public_html/s02/api-v1/upload/Hitec_2-01_(FILEminimizer)-500x500.png', './upload//Hitec_2-01_(FILEminimizer)-500x500.png', 'Hitec_2-01_(FILEminimizer)-500x500.png', '210.94', 1, '2021-06-18 10:34:15', 108, '2021-06-18 10:34:15', 0),
	(56, 'quote', 7, '/home/crma2118/public_html/s02/api-v1/upload/blood-collection-needle-500x500.jpg', './upload//blood-collection-needle-500x500.jpg', 'blood-collection-needle-500x500.jpg', '15.9', 0, '2021-06-18 10:37:34', 107, '2021-07-02 09:42:27', 107),
	(57, 'quote', 7, '/home/crma2118/public_html/s02/api-v1/upload/Crawler_Crane1.jpg', './upload//Crawler_Crane1.jpg', 'Crawler_Crane1.jpg', '25.97', 0, '2021-07-02 09:42:36', 107, '2021-07-02 09:42:45', 107),
	(58, 'quote', 28, '/home/crma2118/public_html/s02/api-v1/upload/mitigate-covid-19.jpg', './upload//mitigate-covid-19.jpg', 'mitigate-covid-19.jpg', '99.84', 1, '2021-07-02 11:17:46', 108, '2021-07-02 11:17:46', 0),
	(59, 'quote', 28, '/home/crma2118/public_html/s02/api-v1/upload/vlcsnap-2021-06-12-18h44m31s918.png', './upload//vlcsnap-2021-06-12-18h44m31s918.png', 'vlcsnap-2021-06-12-18h44m31s918.png', '1564.07', 1, '2021-07-02 11:25:21', 108, '2021-07-02 11:25:21', 0),
	(60, 'quote', 28, '/home/crma2118/public_html/s02/api-v1/upload/ghost-recon-wildlands-soldat.jpg', './upload//ghost-recon-wildlands-soldat.jpg', 'ghost-recon-wildlands-soldat.jpg', '2435.67', 1, '2021-07-02 11:26:45', 108, '2021-07-02 11:26:45', 0),
	(61, 'quote', 28, '/home/crma2118/public_html/s02/api-v1/upload/my_fault_in_our_stars.jpeg', './../api-v1/upload/my_fault_in_our_stars.jpeg', 'my_fault_in_our_stars.jpeg', '187.47', 1, '2021-07-02 11:28:11', 108, '2021-07-02 11:28:11', 0),
	(62, 'quote', 7, '/home/crma2118/public_html/s02/api-v1/upload/Crawler_Crane1.jpg', './../api-v1/upload/Crawler_Crane1.jpg', 'Crawler_Crane1.jpg', '25.97', 0, '2021-07-02 11:31:03', 107, '2021-07-02 11:31:10', 107),
	(63, 'quote', 7, '/home/crma2118/public_html/s02/api-v1/upload/Hitec_2-01_(FILEminimizer)-500x5001.png', './../api-v1/upload/Hitec_2-01_(FILEminimizer)-500x5001.png', 'Hitec_2-01_(FILEminimizer)-500x5001.png', '210.94', 0, '2021-07-02 11:31:20', 107, '2021-07-02 13:50:59', 107),
	(64, 'quote', 30, '/home/crma2118/public_html/s02/api-v1/upload/Aut_Presure_Infusor3.png', './../api-v1/upload/Aut_Presure_Infusor3.png', 'Aut_Presure_Infusor3.png', '20.59', 0, '2021-07-02 15:00:34', 107, '2021-07-02 15:00:45', 107),
	(65, 'quote', 30, '/home/crma2118/public_html/s02/api-v1/upload/Aut_Presure_Infusor3.png', './../api-v1/upload/Aut_Presure_Infusor3.png', 'Aut_Presure_Infusor3.png', '20.59', 1, '2021-07-30 14:48:32', 107, '2021-07-30 14:48:32', 0),
	(66, 'quote', 20, '/home/crma2118/public_html/s02/api-v1/upload/PO_Acumatica_Demo_SalesTrax.pdf', './../api-v1/upload/PO_Acumatica_Demo_SalesTrax.pdf', 'PO_Acumatica_Demo_SalesTrax.pdf', '115.16', 1, '2021-07-30 16:27:39', 107, '2021-07-30 16:27:39', 0),
	(67, 'quote', 20, '/home/crma2118/public_html/s02/api-v1/upload/PO_Acumatica_Demo_SalesTrax1.pdf', './../api-v1/upload/PO_Acumatica_Demo_SalesTrax1.pdf', 'PO_Acumatica_Demo_SalesTrax1.pdf', '115.16', 1, '2021-07-30 16:27:44', 107, '2021-07-30 16:27:44', 0),
	(68, 'quote', 20, '/home/crma2118/public_html/s02/api-v1/upload/PO_Acumatica_Demo_SalesTrax2.pdf', './../api-v1/upload/PO_Acumatica_Demo_SalesTrax2.pdf', 'PO_Acumatica_Demo_SalesTrax2.pdf', '115.16', 1, '2021-07-30 16:27:50', 107, '2021-07-30 16:27:50', 0),
	(69, 'quote', 20, '/home/crma2118/public_html/s02/api-v1/upload/PO_Acumatica_Demo_SalesTrax3.pdf', './../api-v1/upload/PO_Acumatica_Demo_SalesTrax3.pdf', 'PO_Acumatica_Demo_SalesTrax3.pdf', '115.16', 1, '2021-07-30 16:27:59', 107, '2021-07-30 16:27:59', 0),
	(70, 'quote', 20, '/home/crma2118/public_html/s02/api-v1/upload/PO_Acumatica_Demo_SalesTrax.jpg', './../api-v1/upload/PO_Acumatica_Demo_SalesTrax.jpg', 'PO_Acumatica_Demo_SalesTrax.jpg', '167.24', 1, '2021-07-30 16:29:18', 107, '2021-07-30 16:29:18', 0),
	(71, 'quote', 20, '/home/crma2118/public_html/s02/api-v1/upload/PO_Acumatica_Demo_SalesTrax4.pdf', './../api-v1/upload/PO_Acumatica_Demo_SalesTrax4.pdf', 'PO_Acumatica_Demo_SalesTrax4.pdf', '115.16', 1, '2021-07-30 16:29:30', 107, '2021-07-30 16:29:30', 0),
	(72, 'quote', 20, '/home/crma2118/public_html/s02/api-v1/upload/PO_Acumatica_Demo_SalesTrax1.jpg', './../api-v1/upload/PO_Acumatica_Demo_SalesTrax1.jpg', 'PO_Acumatica_Demo_SalesTrax1.jpg', '167.24', 1, '2021-07-30 16:30:05', 107, '2021-07-30 16:30:05', 0),
	(73, 'quote', 31, '/home/crma2118/public_html/s02/api-v1/upload/PO_Acumatica_Demo_SalesTrax5.pdf', './../api-v1/upload/PO_Acumatica_Demo_SalesTrax5.pdf', 'PO_Acumatica_Demo_SalesTrax5.pdf', '115.16', 0, '2021-07-30 16:30:36', 107, '2021-07-30 16:31:00', 107),
	(74, 'quote', 20, '/home/crma2118/public_html/s02/api-v1/upload/PO_Acumatica_Demo_SalesTrax5.pdf', './../api-v1/upload/PO_Acumatica_Demo_SalesTrax5.pdf', 'PO_Acumatica_Demo_SalesTrax5.pdf', '115.16', 1, '2021-07-30 16:31:19', 107, '2021-07-30 16:31:19', 0),
	(75, 'quote', 31, '/home/crma2118/public_html/s02/api-v1/upload/PO_Acumatica_Demo_SalesTrax2.jpg', './../api-v1/upload/PO_Acumatica_Demo_SalesTrax2.jpg', 'PO_Acumatica_Demo_SalesTrax2.jpg', '167.24', 0, '2021-07-30 16:31:46', 107, '2021-07-30 16:31:56', 107),
	(76, 'priceList', 1, '/home/crma2118/public_html/s02/api-v1/upload/Acumatica_Financial_Mobile-Applications_Datasheet_2003201.bmp', './upload//Acumatica_Financial_Mobile-Applications_Datasheet_2003201.bmp', 'Acumatica_Financial_Mobile-Applications_Datasheet_2003201.bmp', '219.4', 0, '2021-07-30 16:34:16', 107, '2021-07-30 16:34:22', 107),
	(77, 'quote', 6, '/home/crma2118/public_html/s02/api-v1/upload/Acumatica_2021_R1.png', './../api-v1/upload/Acumatica_2021_R1.png', 'Acumatica_2021_R1.png', '5.61', 1, '2021-07-30 16:37:39', 107, '2021-07-30 16:37:39', 0),
	(78, 'quote', 6, '/home/crma2118/public_html/s02/api-v1/upload/Acumatica_2021_R11.png', './../api-v1/upload/Acumatica_2021_R11.png', 'Acumatica_2021_R11.png', '5.61', 1, '2021-07-30 16:38:11', 107, '2021-07-30 16:38:11', 0),
	(79, 'quote', 6, '/home/crma2118/public_html/s02/api-v1/upload/PO_Acumatica_Demo_SalesTrax2.jpg', './../api-v1/upload/PO_Acumatica_Demo_SalesTrax2.jpg', 'PO_Acumatica_Demo_SalesTrax2.jpg', '167.24', 1, '2021-08-02 16:03:12', 107, '2021-08-02 16:03:12', 0),
	(80, 'priceList', 1, '/home/crma2118/public_html/s02/api-v1/upload/Dashboard_New.jpg', './upload//Dashboard_New.jpg', 'Dashboard_New.jpg', '386.29', 0, '2021-08-02 16:03:51', 107, '2021-08-02 16:03:57', 107),
	(81, 'quote', 32, '/home/crma2118/public_html/s02/api-v1/upload/Dashboard_New.jpg', './../api-v1/upload/Dashboard_New.jpg', 'Dashboard_New.jpg', '386.29', 1, '2021-08-03 16:16:43', 107, '2021-08-03 16:16:43', 0),
	(82, 'po', 216, '/home/crma2118/public_html/s02/api-v1/upload/PurchaseOrder.pdf', './upload//PurchaseOrder.pdf', 'PurchaseOrder.pdf', '8.75', 0, '2021-08-13 14:48:50', 107, '2021-08-13 14:49:09', 107),
	(83, 'po', 216, '/home/crma2118/public_html/s02/api-v1/upload/Dashboard_New1.jpg', './upload//Dashboard_New1.jpg', 'Dashboard_New1.jpg', '386.29', 1, '2021-08-13 14:49:37', 107, '2021-08-13 14:49:37', 0),
	(84, 'po', 217, '/home/crma2118/public_html/s02/api-v1/upload/PO_Acumatica_Demo_SalesTrax3.jpg', './upload//PO_Acumatica_Demo_SalesTrax3.jpg', 'PO_Acumatica_Demo_SalesTrax3.jpg', '167.24', 1, '2021-08-13 15:16:25', 107, '2021-08-13 15:16:25', 0),
	(85, 'po', 218, '/home/crma2118/public_html/s02/api-v1/upload/PO_SalesTrax_Demo_SalesTrax.pdf', './upload//PO_SalesTrax_Demo_SalesTrax.pdf', 'PO_SalesTrax_Demo_SalesTrax.pdf', '113.03', 1, '2021-08-13 16:12:27', 107, '2021-08-13 16:12:27', 0),
	(86, 'opportunity', 221, '/home/crma2118/public_html/s02/api-v1/upload/1/cdn.corporate.walmart.com.jpg', './upload/1/cdn.corporate.walmart.com.jpg', 'cdn.corporate.walmart.com.jpg', '186.87', 1, '2022-01-18 15:53:57', 1, '2022-01-18 15:53:57', 0),
	(87, 'opportunity', 222, '/home/crma2118/public_html/s02/api-v1/upload/1/cover.webp', './upload/1/cover.webp', 'cover.webp', '29.63', 0, '2022-09-15 11:53:15', 1, '2022-09-15 12:01:39', 1),
	(88, 'opportunity', 223, '/home/crma2118/public_html/s02/api-v1/upload/1/Sales_Activity_Update_-(2022-09-09).xlsx', './upload/1/Sales_Activity_Update_-(2022-09-09).xlsx', 'Sales_Activity_Update_-(2022-09-09).xlsx', '24.5', 1, '2022-09-15 14:37:08', 1, '2022-09-15 14:37:08', 0),
	(89, 'company', 212, '/home/crma2118/public_html/s02/api-v1/upload/aqua.PNG', './upload//aqua.PNG', 'aqua.PNG', '164.08', 1, '2023-01-26 14:23:49', 106, '2023-01-26 14:23:49', 0),
	(90, 'company', 212, '/home/crma2118/public_html/s02/api-v1/upload/aqua1.PNG', './upload//aqua1.PNG', 'aqua1.PNG', '164.08', 1, '2023-01-26 14:23:57', 106, '2023-01-26 14:23:57', 0),
	(91, 'company', 212, '/home/crma2118/public_html/s02/api-v1/upload/aqua2.PNG', './upload//aqua2.PNG', 'aqua2.PNG', '164.08', 1, '2023-01-26 14:24:01', 106, '2023-01-26 14:24:01', 0),
	(92, 'company', 212, '/home/crma2118/public_html/s02/api-v1/upload/aqua3.PNG', './upload//aqua3.PNG', 'aqua3.PNG', '164.08', 1, '2023-01-26 14:24:01', 106, '2023-01-26 14:24:01', 0);

-- Dumping structure for table crm.co.id.crm3_branch
CREATE TABLE IF NOT EXISTS `crm3_branch` (
  `id` int(11) NOT NULL AUTO_INCREMENT,
  `id_company` int(11) NOT NULL DEFAULT 0,
  `name` varchar(250) NOT NULL DEFAULT '',
  `code` varchar(250) NOT NULL DEFAULT '',
  `email` varchar(250) NOT NULL DEFAULT '',
  `phone` varchar(250) NOT NULL DEFAULT '',
  `fax` varchar(250) NOT NULL DEFAULT '',
  `id_branch_status` int(2) NOT NULL DEFAULT 1,
  `address_street` varchar(250) NOT NULL DEFAULT '',
  `address_city` varchar(250) NOT NULL DEFAULT '',
  `address_state` varchar(250) NOT NULL DEFAULT '',
  `address_code` varchar(6) NOT NULL DEFAULT '',
  `status` int(1) NOT NULL DEFAULT 1,
  `presence` int(1) NOT NULL DEFAULT 1,
  `input_date` datetime NOT NULL DEFAULT '2019-01-01 00:00:00',
  `input_by` int(11) NOT NULL DEFAULT 0,
  `update_date` datetime NOT NULL DEFAULT '2019-01-01 00:00:00',
  `update_by` int(11) NOT NULL DEFAULT 0,
  PRIMARY KEY (`id`)
) ENGINE=InnoDB AUTO_INCREMENT=12 DEFAULT CHARSET=latin1 COLLATE=latin1_swedish_ci;

-- Dumping data for table crm.co.id.crm3_branch: ~6 rows (approximately)
INSERT INTO `crm3_branch` (`id`, `id_company`, `name`, `code`, `email`, `phone`, `fax`, `id_branch_status`, `address_street`, `address_city`, `address_state`, `address_code`, `status`, `presence`, `input_date`, `input_by`, `update_date`, `update_by`) VALUES
	(6, 119, 'sdfasdf', '', '', '2342341234', '', 1, '', '', '', '', 1, 1, '2019-07-16 18:41:53', 1, '2019-07-16 18:41:53', 0),
	(7, 119, 'sdfasdf', '', '', '123123123', '', 1, '', '', '', '', 1, 1, '2019-07-16 18:45:36', 1, '2019-07-16 18:45:36', 0),
	(8, 119, 'r33434343', '', '', '56456', '', 1, '', '', '', '', 1, 1, '2019-07-16 18:57:01', 1, '2019-07-16 18:57:01', 0),
	(9, 119, 'sdfasdf', '', '', '7777', '', 1, '', '', '', '', 1, 1, '2019-07-16 18:57:36', 1, '2019-07-16 18:57:36', 0),
	(10, 119, '345345', '', '', '653324234', '', 1, '', '', '', '', 1, 1, '2019-07-16 18:58:01', 1, '2019-07-16 18:58:01', 0),
	(11, 119, '1', '2', '4', '3', '', 1, '5', '6', '', '8', 1, 1, '2019-07-16 19:07:16', 1, '2019-07-16 19:07:16', 0);

-- Dumping structure for table crm.co.id.crm3_branch_status
CREATE TABLE IF NOT EXISTS `crm3_branch_status` (
  `id` int(3) NOT NULL AUTO_INCREMENT,
  `name` varchar(50) NOT NULL DEFAULT '',
  PRIMARY KEY (`id`)
) ENGINE=InnoDB AUTO_INCREMENT=101 DEFAULT CHARSET=latin1 COLLATE=latin1_swedish_ci;

-- Dumping data for table crm.co.id.crm3_branch_status: ~2 rows (approximately)
INSERT INTO `crm3_branch_status` (`id`, `name`) VALUES
	(1, 'Active'),
	(100, 'Non Active');

-- Dumping structure for table crm.co.id.crm3_company
CREATE TABLE IF NOT EXISTS `crm3_company` (
  `id` int(11) NOT NULL AUTO_INCREMENT,
  `code_number` varchar(50) NOT NULL DEFAULT '',
  `id_company_class` int(3) NOT NULL DEFAULT 0,
  `id_user` int(11) NOT NULL DEFAULT 0,
  `name` varchar(250) NOT NULL DEFAULT '',
  `website` varchar(250) NOT NULL DEFAULT '',
  `email` varchar(250) NOT NULL DEFAULT '',
  `phone` varchar(250) NOT NULL DEFAULT '',
  `fax` varchar(250) NOT NULL DEFAULT '',
  `id_industry` int(4) NOT NULL DEFAULT 0,
  `bill_name` varchar(250) NOT NULL DEFAULT '',
  `bill_street1` text NOT NULL,
  `bill_street2` varchar(250) NOT NULL DEFAULT '',
  `bill_city` varchar(250) NOT NULL DEFAULT '',
  `bill_state` varchar(250) NOT NULL DEFAULT '',
  `bill_code` varchar(250) NOT NULL DEFAULT '',
  `bill_country` varchar(250) NOT NULL DEFAULT '',
  `ship_name` varchar(250) NOT NULL DEFAULT '',
  `ship_street1` varchar(250) NOT NULL DEFAULT '',
  `ship_street2` varchar(250) NOT NULL DEFAULT '',
  `ship_city` varchar(250) NOT NULL DEFAULT '',
  `ship_state` varchar(250) NOT NULL DEFAULT '',
  `ship_code` varchar(250) NOT NULL DEFAULT '',
  `ship_country` varchar(250) NOT NULL DEFAULT '',
  `status` int(1) NOT NULL DEFAULT 1,
  `presence` int(1) NOT NULL DEFAULT 1,
  `input_date` datetime NOT NULL DEFAULT '2019-01-01 00:00:00',
  `input_by` int(11) NOT NULL DEFAULT 0,
  `update_date` datetime NOT NULL DEFAULT '2019-01-01 00:00:00',
  `update_by` int(11) NOT NULL DEFAULT 0,
  PRIMARY KEY (`id`)
) ENGINE=InnoDB AUTO_INCREMENT=214 DEFAULT CHARSET=latin1 COLLATE=latin1_swedish_ci;

-- Dumping data for table crm.co.id.crm3_company: ~63 rows (approximately)
INSERT INTO `crm3_company` (`id`, `code_number`, `id_company_class`, `id_user`, `name`, `website`, `email`, `phone`, `fax`, `id_industry`, `bill_name`, `bill_street1`, `bill_street2`, `bill_city`, `bill_state`, `bill_code`, `bill_country`, `ship_name`, `ship_street1`, `ship_street2`, `ship_city`, `ship_state`, `ship_code`, `ship_country`, `status`, `presence`, `input_date`, `input_by`, `update_date`, `update_by`) VALUES
	(145, '', 0, 0, '', '', '', '', '', 0, '', '', '', '', '', '', '', '', '', '', '', '', '', '', 1, 0, '2020-03-07 13:57:04', 1, '2020-05-12 17:51:47', 7),
	(146, '', 0, 0, '', '', '', '', '', 0, '', '', '', '', '', '', '', '', '', '', '', '', '', '', 1, 0, '2020-03-09 09:28:18', 103, '2020-05-12 17:53:11', 7),
	(147, '', 0, 0, '', '', '', '', '', 0, '', '', '', '', '', '', '', '', '', '', '', '', '', '', 1, 0, '2020-03-09 09:50:25', 103, '2020-05-12 17:54:26', 7),
	(148, '', 0, 0, '', '', '', '', '', 0, '', '', '', '', '', '', '', '', '', '', '', '', '', '', 1, 0, '2020-03-11 13:52:44', 1, '2020-05-12 17:54:11', 7),
	(149, '', 2, 104, 'PT. BALTIMORE RAVENS', 'www.baltimore.com', 'terry.lewis@baltimore.com', '021-343434434', '', 5, '', 'Jalan Marah Meriah No 83', 'Jalan Marah Meriah No 83', 'Surabaya', 'Jawa Timur', '12323', 'Indonesia', '', '', '', '', '', '', '', 1, 1, '2020-03-12 11:26:17', 104, '2020-05-13 16:33:03', 7),
	(150, '', 3, 1, 'PT. ABFC MAju yaja', '', 'felix@halim.com', '0343434343343', '', 5, '', 'Jalan Utara', '', 'Jaakrta', 'Jakatra Timur', '213434', 'Indonesia', '', '', '', '', '', '', '', 1, 1, '2020-03-12 14:22:56', 1, '2020-03-12 14:22:56', 0),
	(151, '', 4, 104, 'PT. ELVIS CORPORATION', 'www.elvis.com', 'elvis@tiktok.com', '021-32434000', '', 3, '', 'Jalan Customer no 89', '', 'Medan', 'Sumatra Utara', '102343', 'Indonesia', '', '', '', '', '', '', '', 1, 1, '2020-03-12 15:25:37', 104, '2020-03-12 15:25:37', 0),
	(152, '', 6, 104, 'PT. Maju Sukses Jaya', '', 'mike@yahoo.com', '021-32343444', '', 6, '', 'Jalan Merbury Street', '', 'Jakarta', 'Jakarta', '10330', 'Indonesia', '', '', '', '', '', '', '', 1, 1, '2020-03-14 16:36:00', 104, '2020-03-14 16:36:00', 0),
	(153, '', 3, 103, 'Universal Steam inc', '', '', '', '', 3, '', '', '', '', '', '', '', '', '', '', '', '', '', '', 1, 1, '2020-03-23 14:38:44', 103, '2020-04-03 15:29:25', 7),
	(154, '159', 0, 7, 'PT konami', '', '', '', '', 0, '', '', '', '', '', '', '', '', '', '', '', '', '', '', 1, 1, '2020-03-23 16:24:56', 7, '2020-03-27 14:30:59', 7),
	(155, '160', 3, 103, 'PT Maju Karya Bersama ', '', 'richard.b@majukaryabersama.com', '021-6255225', '', 3, '', '', '', 'Jakarta', 'DKI Jakarta', '', 'Indonesia', '', '', '', '', '', '', '', 1, 1, '2020-03-23 16:25:32', 103, '2020-03-27 14:30:29', 7),
	(161, '', 3, 103, 'PT Maju Karya Bersama ', '', 'richard.b@majukaryabersama.com', '021-6255225', '', 3, '', '', '', '', '', '', '', '', '', '', '', '', '', '', 1, 1, '2020-03-23 17:20:25', 103, '2020-03-23 17:20:25', 0),
	(162, '', 3, 103, 'PT Maju Karya Bersama ', '', 'richard.b@majukaryabersama.com', '', '', 3, '', '', '', '', '', '', '', '', '', '', '', '', '', '', 1, 1, '2020-03-24 09:32:41', 103, '2020-03-24 09:32:41', 0),
	(163, '163', 2, 103, 'PT. BANGUN PERKASA', 'www.perkasa.com', 'bangun@perkasa.com', '02300000000', '03999999999', 3, '', '', '', 'Jakarta', 'Jakarta Pusat', '10344', 'Indonesia', '', '', '', 'Jakarta', 'Jakarta Pusat', '10340', 'Indonesia', 1, 1, '2020-03-24 15:25:11', 1, '2020-03-27 14:30:11', 7),
	(164, '164', 3, 103, 'PT Berkah Jaya', 'www.berkahjaya.co.id', 'belle@berkahjaya.co.id', '021-5444666', '', 8, '', '', '', 'Jakarta', 'DKI Jakarta', '11440', 'Indonesia', '', '', '', '', '', '', '', 1, 1, '2020-03-26 15:15:44', 103, '2020-03-27 14:29:37', 7),
	(165, '165', 1, 103, 'PT Retail Bahagia Selalu', 'www.retailbs.com', 'arifin@retailbs.com', '021-7498888', '', 6, '', '', '', 'Jakarta', 'DKI Jakarta', '', 'Indonesia', '', '', '', '', '', '', '', 1, 0, '2020-03-26 15:26:38', 103, '2020-04-01 15:15:31', 103),
	(166, '166', 2, 103, 'PT Sukses Bersama Makmur', 'www.sbm.com', 'lance@sbm.com', '021-7801000', '', 1, '', '', '', 'Jakarta', 'DKI Jakarta', '', 'Indonesia', '', '', '', '', '', '', '', 1, 1, '2020-03-26 15:34:50', 107, '2020-03-27 14:30:19', 7),
	(167, '167', 4, 7, 'PT Konami Soft', '', '', '', '', 7, '', '', '', '', '', '', '', '', '', '', '', '', '', '', 1, 1, '2020-03-27 10:10:11', 7, '2020-03-27 14:30:35', 7),
	(168, '168', 5, 7, 'PT Capcom Inc', '', '', '', '', 7, '', '', '', '', '', '', '', '', '', '', '', '', '', '', 1, 1, '2020-03-27 10:34:41', 7, '2020-03-27 14:29:49', 7),
	(169, '', 1, 103, 'PT Retail Bahagia Selalu', '', 'arifin@retailbs.com', '021-7498888', '', 6, '', '', '', '', '', '', '', '', '', '', '', '', '', '', 1, 1, '2020-04-01 15:22:19', 103, '2020-04-01 15:22:19', 0),
	(170, '170', 3, 107, 'PT Jaya Makmur', 'www.jayamakmur.com', 'barbie@jayamakmur.com', '021-33433456', '', 8, '', '', '', 'Jakarta', 'DKI Jakarta', '11540', 'Indonesia', '', '', '', 'Jakarta', 'DKI Jakarta', '11540', 'Indonesia', 1, 1, '2020-04-01 16:58:55', 107, '2020-04-01 16:58:55', 0),
	(171, '171', 5, 108, 'PT Subur Makmur', 'www.suburmakmur.com', 'rocky@suburmakmur.com', '021-6900000', '', 2, '', '', '', 'Jakarta', 'DKI Jakarta', '12345', 'Indonesia', '', '', '', 'Jakarta', 'DKI Jakarta', '12345', 'Indonesia', 1, 1, '2020-04-03 10:27:37', 108, '2020-04-03 10:27:37', 0),
	(172, '172', 2, 108, 'PT Taiho Indonesia', 'www.taiho.co.id', 'john.doe@taiho.co.id', '021-8999999', '', 8, '', '', '', 'Cikarang', 'Bekasi', '', 'Indonesia', '', '', '', 'Cikarang', 'Bekasi', '', 'Indonesia', 1, 1, '2020-04-03 13:50:42', 107, '2020-04-03 14:08:30', 107),
	(173, '', 2, 112, 'PT. HINGGA MAJU TERUS', 'www.hinggamajuterus.com', 'hengki.kusumo@gmail.com', '021-3430000', '021-3430000', 6, '', 'Jalan Raya Merdeka No 84', '', 'Jakarta', 'Jakarta', '10034', 'Indonesia', '', '', '', '', '', '', '', 1, 1, '2020-04-04 14:38:42', 112, '2020-04-04 14:38:42', 0),
	(174, '174', 3, 108, 'PT Crane Equipindo ', 'www.craneequipindo.com', 'michael.owen@craneequipindo.com', '021-7899999', '', 1, '', '', '', 'Jakarta', 'DKI Jakarta', '13333', 'Indonesia', '', '', '', 'Jakarta', 'DKI Jakarta', '13333', 'Indonesia', 1, 1, '2020-04-06 10:01:13', 108, '2020-04-06 10:01:13', 0),
	(175, '', 2, 106, 'PT. Indofood Sukses Mandiri', 'www.indofood.com', 'robertliem@gmail.com', '021-2343443', '021-2343444', 8, '', 'Jalan Indofood Kav 093', '', 'Bandung', 'Bandung', '10023', 'Indonesia', '', '', '', '', '', '', '', 1, 1, '2020-04-06 16:20:28', 106, '2020-04-06 16:20:28', 0),
	(176, '176', 2, 106, 'PT. Jaya Suksess Mandiri', 'www.jayasuksesmandiri.com', 'jaya@sukses.com', '023-343243440', '023-34343443', 1, '', '', '', 'Jakarta', 'Jakarta', '10000', 'Indonesia', '', '', '', 'Jakarta', 'Jakarta', '10000', 'Indonesia', 1, 1, '2020-04-06 16:49:25', 106, '2020-04-06 16:49:25', 0),
	(177, '177', 3, 108, 'PT Food Distribusindo', 'www.fooddistribusindo.com', 'thomas.edison@fooddistribusindo.com', '021-8998888', '', 3, '', 'Kawasan MM2100 Lot 3F', 'Kawasan MM2100 Lot 3F', 'Cibitung', 'Bekasi', '13333', 'Indonesia', '', 'Kawasan MM2100 Lot 3F', '', 'Cibitung', 'Bekasi', '13333', 'Indonesia', 1, 1, '2020-04-07 09:51:26', 107, '2020-04-07 14:28:07', 108),
	(178, '', 6, 106, 'PT. Chicago Bulls', 'www.bulss.com', 'mj23@gmail.com', '02343443443', '02134343444', 6, '', 'Jalan Madisson Squre no 23', 'Jalan Madisson Squre no 23', 'Jakarta', 'Jakarta', '102323', 'Indonesia', '', 'Jalan Office Bull no 23', '', 'Jakarta', 'Jakarta', '12323', 'Indonesia', 1, 1, '2020-04-07 15:11:25', 106, '2020-04-07 15:19:15', 106),
	(179, '179', 4, 107, 'PT Amazone Indonesia Technology', 'www.amazone.co.id', 'jason.besos@amazone.co.id', '021-6333333', '', 7, '', '', '', 'Jakarta', 'DKI Jakarta', '11540', 'Indonesia', '', '', '', 'Jakarta', 'DKI Jakarta', '11540', 'Indonesia', 1, 1, '2020-04-07 16:34:51', 107, '2020-04-07 16:34:51', 0),
	(180, '180', 3, 103, 'PT Indosehat Makmur', 'www.indosehat.com', 'vesper@indosehat.com', '021-5366666', '', 4, '', 'Jl. Tomang Raya No 29', '', 'Jakarta', 'DKI Jakarta', '15440', 'Indonesia', '', 'Jl. Tomang Raya No 29', '', 'Jakarta', 'DKI Jakarta', '15440', 'Indonesia', 1, 1, '2020-04-08 10:31:25', 103, '2020-04-08 10:31:25', 0),
	(181, '181', 5, 109, 'DC Comic Inc', '', '', '', '', 0, '', '', '', '', '', '', '', '', '', '', '', '', '', '', 1, 1, '2020-04-08 14:11:04', 109, '2020-05-27 11:48:45', 1),
	(182, '182', 5, 107, 'PT Elektroda Indonesia', 'www.elektrodaindo.com', 'sara.lance@elektrodaindo.com', '021-8997777', '', 8, '', 'Kawasan Industri EJIP Lot 5E', '', 'Cikarang', 'West Java', '11440', 'Indonesia', '', 'Kawasan Industri EJIP Lot 5E', '', 'Cikarang', 'West Java', '11440', 'Indonesia', 1, 1, '2020-04-09 11:11:27', 107, '2020-04-09 11:11:27', 0),
	(183, '', 3, 103, 'PT Amexindo ', 'www.amexindo.com', 'ryan.johnson@amexindo.com', '021-5444444', '', 1, '', '', '', '', '', '', '', '', '', '', '', '', '', '', 1, 1, '2020-04-14 11:04:58', 103, '2020-05-12 17:59:45', 7),
	(184, '', 3, 103, 'PT Era Bersama', '', 'philips.baker@erabersama.com', '021-3345566', '', 2, '', 'Jl RE Martadinata', '', 'Jakarta', 'DKI Jakarta', '11530', 'Indonesia', '', '', '', '', '', '', '', 1, 1, '2020-05-20 13:47:31', 103, '2020-05-20 13:47:31', 0),
	(185, '185', 3, 1, 'think tank', 'www.8thinktank.com', 'registration@8thinktank.com', '021-53675015', '', 7, '', 'Jalan Palmerah Utara no 14', 'Jalan Palmerah Utara no 14', 'Jakarta', 'Jakarta', '012323', 'Indonesia', '', 'Jalan Palmerah Utara no 14', '', 'Jakarta', 'Jakarta', '012323', 'Indonesia', 1, 1, '2020-05-21 22:33:29', 1, '2020-05-21 22:35:10', 1),
	(186, '186', 2, 1, 'Abri Indonesia', 'www.abri.indo', 'abri.indonesia@abri.com', '023343434', '023434344', 4, '', 'Jalan Guning sahanri No 89', '', 'Jakarta', 'Jakarta', '21023', 'Indonesia', '', 'Jalan Guning sahanri No 89', '', 'Jakarta', 'Jakarta', '21023', 'Indonesia', 1, 1, '2020-05-27 22:08:01', 1, '2020-05-27 22:08:01', 0),
	(187, '187', 2, 1, 'AA Solution', 'www.aasolution.com', 'aasolution@gmail.com', '234324324', '234334344', 3, '', 'Jalan Sement Baru', 'Jalan Sement Baru', 'Jakarta', 'Jakarta', '23434', 'Indonesia', '', 'Jalan Sement Baru', '', 'Jakarta', 'Jakarta', '23434', 'Indonesia', 1, 1, '2020-05-29 16:11:02', 1, '2020-06-26 12:00:33', 1),
	(188, '', 1, 1, 'Satria Baja Hitam', 'www.abc.com', 'fusch.qwee@management.com', '021-233333', '023-2334344', 2, '', 'Jalan Aji Mumpung no 89', '', 'Jakarta', 'Jakarta', '12999', 'Indonesia', '', '', '', '', '', '', '', 1, 1, '2020-06-20 22:05:57', 1, '2020-06-20 22:05:57', 0),
	(189, '', 6, 103, 'PT Marvel Universe ', '', 'aurelia.a@marveluniverse.com', '021-5444445', '', 7, '', 'Gedung SCBD Sudirman Lantai 4 Suite 402', '', '', 'DKI Jakarta', '11550', 'Indonesia', '', '', '', '', '', '', '', 1, 1, '2020-06-25 11:26:31', 103, '2020-06-25 11:26:31', 0),
	(190, '', 3, 103, 'PT J Trading Indonesia', 'www.jtrading.com', 'anthony.hopkins@jtrading.com', '0215488888', '', 8, '', 'Jl. Raya Kebon Jeruk No 9', '', 'Jakarta', 'DKI Jakarta', '11530', 'Indonesia', '', '', '', '', '', '', '', 1, 1, '2020-07-01 09:38:01', 103, '2020-07-01 09:38:01', 0),
	(191, '', 0, 103, 'QUAILCOM, INC', '', 'reeserocha@cuvox.de', '', '', 0, '', '661 Wallabout Street, Chelsea, Arkansas, 375', '', '', '', '', '', '', '', '', '', '', '', '', 1, 1, '2020-07-01 13:46:42', 103, '2020-07-01 13:46:42', 0),
	(192, '', 3, 1, 'Abc Consultaing', 'www.adi.com', 'jkim@gmail.com', '0234344', '2343444', 2, '', 'jalan abc no 923', '', 'Jakarta', 'Indonesia', '23434', 'Indonesia', '', '', '', '', '', '', '', 1, 1, '2020-07-29 16:32:33', 1, '2020-07-29 16:32:33', 0),
	(193, '', 5, 1, 'Kineerja Pay', 'www.kpay.com', 'deddyokt@gmail.com', '02343444', '02344444', 3, '', 'Jlana camar indah 5 no 26', '', 'Jakarta', 'Jakarta', '90099', 'Indonesia', '', '', '', '', '', '', '', 1, 1, '2020-08-05 17:17:45', 1, '2020-08-05 17:17:45', 0),
	(194, '', 3, 116, 'ABC XYX solution', 'www.kdjlkjafr.com', 'andi@tenggara.com', '2343434', '', 4, '', 'dsafdsaffsa', '', 'dsafdf', 'sdfd', '23434', 'Indonesia', '', '', '', '', '', '', '', 1, 1, '2021-04-23 12:11:22', 116, '2021-04-23 12:11:22', 0),
	(195, '', 0, 109, 'Harapan Rezeki', '', 'Axe@cuvox.de', '', '', 7, '', 'graha bernadette building\njl. claire selatan ii/4\njakarta barat 11160, indonesia', '', '', '', '', '', '', '', '', '', '', '', '', 1, 1, '2021-04-23 12:25:57', 109, '2021-04-23 12:25:57', 0),
	(196, '', 3, 108, 'PT Berkat', 'www.ptberkat.com', 'andi.r@ptberkat.com', '021-3444444', '', 7, '', '', '', 'Jakarta', 'DKI Jakarta', '11000', 'Indonesia', '', '', '', '', '', '', '', 1, 1, '2021-06-14 17:23:49', 108, '2021-06-14 17:23:49', 0),
	(197, '', 0, 108, 'Pipe Steel Indonesia', '', 'firmanudin@pipesteelindo.com', '0215433333', '', 3, '', '', '', '', '', '', '', '', '', '', '', '', '', '', 1, 1, '2021-06-15 08:58:29', 108, '2021-06-15 08:58:29', 0),
	(198, '', 3, 108, 'Maju Jaya', 'www.majujaya.com', 'kiki@majujaya.com', '021-3444555', '', 4, '', 'Jl. Bunder no 75', '', 'Jakarta', 'DKI Jakarta', '', 'Indonesia', '', '', '', '', '', '', '', 1, 1, '2021-07-02 14:55:20', 108, '2021-07-02 14:55:20', 0),
	(199, '', 3, 108, 'Umbrella corporation', '', 'albert.wesker@umbrella..com', '021-5400000', '', 4, '', 'Kawasan industri pulogadung kav A5', '', 'Jakarta', 'DKI Jakarta', '11000', 'Indonesia', '', '', '', '', '', '', '', 1, 1, '2021-07-30 16:20:34', 108, '2021-07-30 16:20:34', 0),
	(200, '', 3, 108, 'Foodindo PT', 'Www.foodindo.com', 'andrew.berry@foodindo.com', '021 5366666', '', 8, '', 'Kawasan industri manis kav E5', '', 'Tangerang', 'Banten', '15148', 'Indonesia', '', '', '', '', '', '', '', 1, 0, '2021-08-03 15:19:46', 108, '2021-08-03 15:19:46', 0),
	(201, '', 3, 108, 'Foodindo PT', 'Www.foodindo.com', 'andrew.berry@foodindo.com', '021 5366666', '', 8, '', 'Kawasan industri manis kav E5', '', 'Tangerang', 'Banten', '15148', 'Indonesia', '', '', '', '', '', '', '', 1, 1, '2021-08-03 16:08:04', 108, '2021-08-03 16:08:04', 0),
	(202, '', 3, 108, 'Techadvance Indonesia', '', 'alfred.musk@techadvance.com', '021-6500077', '', 7, '', 'Jl Tambora no 99', '', 'Jakarta', 'DKI Jakarta', '14000', 'Indonesia', '', '', '', '', '', '', '', 1, 1, '2021-08-13 14:43:27', 108, '2021-08-13 14:43:27', 0),
	(203, '', 3, 108, 'Indohealth Indonesia', 'www.indohealth.com', 'csnow@indohealth.com', '021-5488888', '', 4, '', 'Jl kebon jeruk no 40', '', 'Jakarta', 'DKI Jakarta', '11530', 'Indonesia', '', '', '', '', '', '', '', 1, 1, '2021-08-13 15:11:39', 108, '2021-08-13 15:11:39', 0),
	(204, '', 3, 108, 'Universal Crane Indonesia', '', 'aimran@universalcrane.com', '021-4580000', '', 1, '', 'Jl kelapa gading no 38E', '', 'Jakarta', 'DKI Jakarta', '11400', 'Indonesia', '', '', '', '', '', '', '', 1, 1, '2021-08-13 16:05:11', 108, '2021-08-13 16:05:11', 0),
	(205, '', 3, 1, 'ABC defg', 'www.abc.con', 'edo.suhendra@gmail.com', '077e77e7e', '', 1, '', 'Jakarta', '', '', '', '', 'Indonesia', '', '', '', '', '', '', '', 1, 1, '2021-12-26 13:40:58', 1, '2021-12-26 13:40:58', 0),
	(206, '', 5, 103, 'Mrsp', 'www.abcdddd.com', 'rhim@gmail.com', '08828283', '', 1, '', '38833', '', 'Jakarta', 'Jakarta', '11490', 'Indonesia', '', '', '', '', '', '', '', 1, 1, '2022-01-18 12:22:27', 103, '2022-01-18 12:22:27', 0),
	(207, '', 0, 103, 'ABC global', '', 'budi@gmail.com', '', '', 0, '', '', '', '', '', '', '', '', '', '', '', '', '', '', 1, 1, '2022-01-18 15:56:06', 103, '2022-01-18 15:56:06', 0),
	(208, '', 0, 103, 'Sparks Corporation', '', 'toni.sparks@sparkscorp.com', '0214702000', '', 7, '', 'Gedung UOB Sudirman suite 506', '', 'Jakarta', 'DKI Jakarta', '11550', '', '', '', '', '', '', '', '', 1, 1, '2022-08-23 16:22:22', 103, '2022-08-23 16:22:22', 0),
	(209, '', 5, 1, 'PT. ABC Slimmy Team', 'www.8thinktank.com', 'herry@susanto.com', '023-343439', '023-3243434', 2, '', 'Jalan Indah 9 no 23', '', 'Jakarta', 'Jakarta', '12000', 'Indonesia', '', '', '', '', '', '', '', 1, 1, '2022-09-15 11:53:57', 1, '2022-09-15 11:53:57', 0),
	(210, '', 3, 1, 'PT. XYZ Consulting', 'www.abc.com', 'anton.kusuma@gmail.com', '02323303', '023343434', 6, '', 'Jlana Aman Jaya', '', 'Jakarta', 'Jakarta', 'Jakart', 'Indonesia', '', '', '', '', '', '', '', 1, 1, '2022-09-15 14:34:38', 1, '2022-09-15 14:34:38', 0),
	(211, '', 3, 103, 'PT. XYZ', 'apaja.com', 'salaim@gmail.com', '234343434', '2343', 4, '', 'jalan ambon', '', 'jakarta', 'jakarta', '1223', 'Indonesia', '', '', '', '', '', '', '', 1, 1, '2022-12-22 16:14:39', 103, '2022-12-22 16:14:39', 0),
	(212, '', 3, 106, 'Andi Maju Makmur', 'www.andi.com', 'andi@gmail.com', '023-23434234', '203-2343434', 4, '', 'Jlana Merdika no 21', '', 'Jakarta', 'Jakarta', '123230', 'Indonesia', '', '', '', '', '', '', '', 1, 1, '2023-01-26 14:26:20', 106, '2023-01-26 14:26:20', 0),
	(213, '213', 0, 118, 'A1', '', '', '', '', 0, '', '', '', '', '', '', '', '', '', '', '', '', '', '', 1, 1, '2026-07-02 13:31:19', 118, '2026-07-02 13:31:19', 0);

-- Dumping structure for table crm.co.id.crm3_company_class
CREATE TABLE IF NOT EXISTS `crm3_company_class` (
  `id` int(11) NOT NULL AUTO_INCREMENT,
  `name` varchar(50) NOT NULL,
  `presence` int(1) NOT NULL DEFAULT 1,
  `input_date` datetime NOT NULL DEFAULT '2020-01-01 00:00:00',
  `input_by` int(11) NOT NULL DEFAULT 0,
  `update_date` datetime NOT NULL DEFAULT '2020-01-01 00:00:00',
  `update_by` int(11) NOT NULL DEFAULT 0,
  PRIMARY KEY (`id`)
) ENGINE=InnoDB AUTO_INCREMENT=7 DEFAULT CHARSET=latin1 COLLATE=latin1_swedish_ci;

-- Dumping data for table crm.co.id.crm3_company_class: ~6 rows (approximately)
INSERT INTO `crm3_company_class` (`id`, `name`, `presence`, `input_date`, `input_by`, `update_date`, `update_by`) VALUES
	(1, 'Retail', 1, '2020-01-01 00:00:00', 0, '2020-01-01 00:00:00', 0),
	(2, 'Agent', 1, '2020-01-01 00:00:00', 0, '2020-01-01 00:00:00', 0),
	(3, 'Distributor', 1, '2020-01-01 00:00:00', 0, '2020-01-01 00:00:00', 0),
	(4, 'Partner', 1, '2020-01-01 00:00:00', 0, '2020-01-01 00:00:00', 0),
	(5, 'Channel', 1, '2020-03-12 16:04:45', 1, '2020-03-12 16:04:45', 0),
	(6, 'Franchise', 1, '2020-03-12 16:06:13', 1, '2020-03-12 16:06:13', 0);

-- Dumping structure for table crm.co.id.crm3_company_class_price_list
CREATE TABLE IF NOT EXISTS `crm3_company_class_price_list` (
  `id` int(11) NOT NULL AUTO_INCREMENT,
  `id_company_class` int(11) NOT NULL DEFAULT 0,
  `id_product` int(11) NOT NULL DEFAULT 0,
  `price` float(10,0) NOT NULL DEFAULT 0,
  `input_date` datetime NOT NULL DEFAULT '2020-01-01 00:00:00',
  `input_by` int(11) NOT NULL DEFAULT 0,
  `update_date` datetime NOT NULL DEFAULT '2020-01-01 00:00:00',
  `update_by` int(11) NOT NULL DEFAULT 0,
  PRIMARY KEY (`id`)
) ENGINE=InnoDB AUTO_INCREMENT=28 DEFAULT CHARSET=latin1 COLLATE=latin1_swedish_ci;

-- Dumping data for table crm.co.id.crm3_company_class_price_list: ~2 rows (approximately)
INSERT INTO `crm3_company_class_price_list` (`id`, `id_company_class`, `id_product`, `price`, `input_date`, `input_by`, `update_date`, `update_by`) VALUES
	(25, 6, 1, 0, '2020-03-12 16:07:33', 1, '2020-03-12 16:08:05', 1),
	(27, 1, 2, 0, '2020-04-01 16:10:51', 103, '2020-04-01 16:10:52', 103);

-- Dumping structure for table crm.co.id.crm3_contact
CREATE TABLE IF NOT EXISTS `crm3_contact` (
  `id` int(11) NOT NULL AUTO_INCREMENT,
  `code_number` varchar(50) NOT NULL DEFAULT '',
  `id_company` int(11) NOT NULL DEFAULT 0,
  `id_user` int(6) NOT NULL DEFAULT 0,
  `id_title` int(6) NOT NULL DEFAULT 0,
  `first_name` varchar(250) NOT NULL DEFAULT '',
  `last_name` varchar(250) NOT NULL DEFAULT '',
  `position` varchar(250) NOT NULL DEFAULT '',
  `department` varchar(250) NOT NULL DEFAULT '',
  `email` varchar(250) NOT NULL DEFAULT '',
  `phone` varchar(250) NOT NULL DEFAULT '',
  `mobile` varchar(250) NOT NULL DEFAULT '',
  `sex` varchar(2) NOT NULL DEFAULT '',
  `birthdate` date NOT NULL DEFAULT '1980-01-01',
  `id_lead_source` int(5) NOT NULL DEFAULT 0,
  `status` int(1) NOT NULL DEFAULT 1,
  `presence` int(1) NOT NULL DEFAULT 1,
  `input_date` datetime NOT NULL DEFAULT '2019-01-01 00:00:00',
  `input_by` int(11) NOT NULL DEFAULT 0,
  `update_date` datetime NOT NULL DEFAULT '2019-01-01 00:00:00',
  `update_by` int(11) NOT NULL DEFAULT 0,
  PRIMARY KEY (`id`)
) ENGINE=InnoDB AUTO_INCREMENT=179 DEFAULT CHARSET=latin1 COLLATE=latin1_swedish_ci;

-- Dumping data for table crm.co.id.crm3_contact: ~90 rows (approximately)
INSERT INTO `crm3_contact` (`id`, `code_number`, `id_company`, `id_user`, `id_title`, `first_name`, `last_name`, `position`, `department`, `email`, `phone`, `mobile`, `sex`, `birthdate`, `id_lead_source`, `status`, `presence`, `input_date`, `input_by`, `update_date`, `update_by`) VALUES
	(87, '', 145, 1, 1, 'David', 'Beckham', 'Director', 'Marketing', 'dbeckham@salesforce.co.id', '023323233', '091232220099', '', '1980-01-01', 1, 1, 1, '2020-03-07 13:57:04', 1, '2020-03-07 14:04:19', 1),
	(88, '', 145, 1, 2, 'Siti', 'Nurhalizah', 'General Manager', 'Procurement', 'siti.nurhalizah@salesforce.co.id', '021-9343434', '021-34399889', '', '1980-01-01', 0, 1, 1, '2020-03-07 14:00:58', 1, '2020-03-07 14:00:58', 0),
	(89, '', 145, 103, 5, 'Bella', 'Saphira', 'Manager', 'Accounting', 'bella.sapihira@salesroce.co.id', '03434343434', '02343434343', '', '1980-01-01', 0, 1, 1, '2020-03-07 14:07:30', 103, '2020-03-07 14:07:30', 0),
	(90, '', 146, 103, 1, 'Eko', 'Sureko', 'IT Staff', '', 'eko.sureko@gmail.com', '021-6345678', '081234567890', '', '1980-01-01', 0, 1, 1, '2020-03-09 09:28:18', 103, '2020-03-09 09:28:18', 0),
	(91, '', 147, 103, 1, 'Donald', 'B', 'Finance', '', 'donald.b@disney.com', '0215661111', '08111222111', '', '1980-01-01', 0, 1, 1, '2020-03-09 09:50:25', 103, '2020-03-09 09:50:25', 0),
	(92, '', 148, 1, 1, 'Michael', 'Teddy', 'DIrektur', 'Marketing', 'michael.teddy@SLR.com', '021-33434439', '0832-32309999', '1', '1980-03-05', 5, 1, 1, '2020-03-11 13:52:44', 1, '2020-03-11 13:52:44', 0),
	(93, '', 148, 1, 5, 'Harold', 'Lee', 'General Manager', 'Marketing', 'harold.lee@gmail.com', '02309499999', '0239990033', '', '1980-01-01', 2, 1, 1, '2020-03-11 14:55:24', 1, '2020-04-07 17:50:03', 7),
	(94, '', 149, 104, 1, 'Terry', 'Lewis', 'Regional Head', 'Warehouse', 'terry.lewis@baltimore.com', '021-343434434', '023-23340045', '1', '1972-01-06', 6, 1, 1, '2020-03-12 11:26:17', 104, '2020-03-12 11:26:17', 0),
	(95, '', 150, 1, 1, 'Felix', 'Halim', 'Direktur', 'Techonology', 'felix@halim.com', '0343434343343', '02343434334', '1', '1980-03-05', 2, 1, 1, '2020-03-12 14:22:56', 1, '2020-03-12 14:22:56', 0),
	(96, '', 151, 104, 1, 'Elvis', 'Presley', 'General Affair', 'Procurement', 'elvis@tiktok.com', '021-32434000', '012-23239349', '1', '1970-01-01', 4, 1, 1, '2020-03-12 15:25:37', 104, '2020-03-12 15:25:37', 0),
	(97, '', 147, 103, 2, 'Betty', '', 'IT Staff', 'IT', 'betty@disney.com', '0216555555', '', '', '1980-01-01', 0, 1, 1, '2020-03-13 09:55:17', 103, '2020-03-13 09:55:17', 0),
	(98, '', 152, 104, 1, 'Mike', 'Dumboard', 'Salesman', 'Marketing', 'mike@yahoo.com', '021-32343444', '09119330434', '1', '1977-01-04', 3, 1, 1, '2020-03-14 16:36:00', 104, '2020-03-14 16:36:00', 0),
	(99, '', 147, 103, 2, 'Dessy', 'B', 'Purchasing', 'Procurement', 'dessyb@disney.com', '0216555555', '081111111', '', '1980-01-01', 0, 1, 1, '2020-03-23 11:16:09', 103, '2020-03-23 11:16:09', 0),
	(100, '', 153, 103, 1, 'Donald B', '', '', '', '', '', '', '1', '1980-03-05', 1, 1, 1, '2020-03-23 14:38:44', 103, '2020-03-23 14:38:44', 0),
	(101, '', 155, 103, 3, 'Richard ', 'Bronson', 'IT Manager', 'IT', 'richard.b@majukaryabersama.com', '021-6255225', '081311119999', '', '1980-01-01', 0, 1, 1, '2020-03-23 16:44:29', 103, '2020-03-23 16:44:29', 0),
	(102, '', 161, 103, 1, 'Richard', 'Bronson', 'IT Manager', 'IT', 'richard.b@majukaryabersama.com', '021-6255225', '', '1', '1980-03-05', 1, 1, 1, '2020-03-23 17:20:25', 103, '2020-03-23 17:20:25', 0),
	(103, '', 162, 103, 1, 'Richard', 'Bronson', 'IT Manager', 'IT', 'richard.b@majukaryabersama.com', '', '081311119999', '1', '1980-03-05', 1, 1, 1, '2020-03-24 09:32:41', 103, '2020-03-24 09:32:41', 0),
	(104, '', 163, 1, 3, 'Erick', 'Jordan', 'DIrektur', 'Techonlogy', 'erik.jodan@perkasa.com', '9343434', '923434343', '', '1980-01-01', 0, 1, 1, '2020-03-24 15:25:52', 1, '2020-03-24 15:25:52', 0),
	(105, '', 164, 103, 2, 'Belle', 'Bellamy', 'Business Development Manager', '', 'belle@berkahjaya.co.id', '', '08196600000', '', '1980-01-01', 0, 1, 1, '2020-03-26 15:17:42', 103, '2020-03-26 15:17:42', 0),
	(106, '', 164, 103, 2, 'Belle', 'Bellamy', '', '', 'belle@berkahjaya.co.id', '', '08196600000', '2', '1980-03-05', 1, 1, 1, '2020-03-27 11:03:23', 103, '2020-03-27 11:03:23', 0),
	(107, '', 169, 103, 1, 'Arifin', '', 'IT Staff', 'IT', 'arifin@retailbs.com', '021-7498888', '', '1', '1980-03-05', 3, 1, 1, '2020-04-01 15:22:19', 103, '2020-07-01 09:14:21', 103),
	(108, '', 169, 103, 1, 'Mike', 'Lewis', '', '', 'mike.l@retailbs.co.id', '', '', '1', '1980-03-05', 1, 1, 1, '2020-04-01 16:11:14', 103, '2020-04-01 16:11:14', 0),
	(109, '', 170, 107, 2, 'Barbie', '-', 'Finance Head', 'FA', 'barbie@jayamakmur.co.id', '', '081111112', '', '1980-01-01', 0, 1, 1, '2020-04-01 17:00:51', 107, '2020-04-01 17:00:51', 0),
	(110, '', 170, 107, 2, 'Barbie', '', '', '', 'barbie@jayamakmur.co.id', '', '', '2', '1980-03-05', 3, 1, 1, '2020-04-01 17:18:00', 107, '2020-04-01 17:18:00', 0),
	(111, '', 163, 103, 3, 'Chris', 'Evans', 'Business Development Manager', 'Sales & Marketing', 'chris.evans@perkasa.com', '', '081111113', '', '1980-01-01', 0, 1, 1, '2020-04-02 14:33:43', 103, '2020-04-02 14:33:43', 0),
	(112, '', 163, 103, 1, 'Erick', 'Jordan', 'IT Manager', 'IT', 'bangun@perkasa.com', '02300000000', '', '1', '1980-03-05', 4, 1, 1, '2020-04-02 14:40:12', 103, '2020-04-02 14:52:22', 103),
	(113, '', 170, 108, 2, 'Barbie', '-', 'Finance Head', 'FA', 'barbie@jayamakmur.co.id', '021-33433456', '081111112', '2', '1980-03-05', 1, 1, 1, '2020-04-02 16:30:26', 108, '2020-04-02 16:30:26', 0),
	(114, '', 171, 108, 1, 'Rocky', '-', 'IT Staff', 'IT', 'rocky@suburmakmur.com', '021-6900000', '081111114', '', '1980-01-01', 0, 1, 1, '2020-04-03 10:30:22', 108, '2020-04-03 10:30:22', 0),
	(115, '', 171, 108, 1, 'Rocky', '', 'IT Staff', 'IT', 'rocky@suburmakmur.com', '021-6900000', '', '1', '1980-03-05', 3, 1, 1, '2020-04-03 11:21:30', 108, '2020-04-03 11:21:30', 0),
	(116, '', 172, 107, 1, 'John', 'Doe', 'IT Manager', 'IT', 'john.doe@taiho.co.id', '021-8999999', '081111115', '', '1980-01-01', 0, 1, 1, '2020-04-03 13:53:15', 107, '2020-06-25 14:46:20', 107),
	(117, '', 172, 108, 1, 'John', 'Doe', 'IT Manager', 'IT', 'john.doe@taiho.co.id', '021-8999999', '081111115', '1', '1980-03-05', 3, 1, 1, '2020-04-03 14:25:32', 108, '2020-04-03 14:25:32', 0),
	(118, '', 173, 112, 1, 'Hengki', 'Kusumo', 'Manager', 'Operational', 'hengki.kusumo@gmail.com', '021-3430000', '08110349944', '1', '1980-01-31', 2, 1, 1, '2020-04-04 14:38:42', 112, '2020-04-04 14:38:42', 0),
	(119, '', 173, 112, 3, 'Edward', 'Halim', 'Direktor', 'Techonlogy Group', 'edward@gmail.com', '0811234344', '0811234309', '', '1980-01-01', 0, 1, 1, '2020-04-04 14:45:45', 112, '2020-04-04 14:45:45', 0),
	(120, '', 174, 108, 1, 'Michael', 'Owen', 'Finance & Accounting Manager', 'FA', 'michael.owen@craneequipindo.com', '', '081111116', '', '1980-01-01', 0, 1, 1, '2020-04-06 10:04:09', 108, '2020-04-06 10:04:09', 0),
	(121, '', 174, 108, 1, 'Michael', 'Owen', 'Finance & Accounting Manager', 'FA', 'michael.owen@craneequipindo.com', '021-7899999', '081111116', '1', '1980-03-05', 1, 1, 1, '2020-04-06 10:40:09', 108, '2020-04-06 10:40:09', 0),
	(122, '', 174, 108, 2, 'Alicia', 'Moore', 'Sales Manager', 'Sales ', 'alicia.moore@craneequipindo.com', '021-7498888', '08122222277', '', '1980-01-01', 0, 1, 1, '2020-04-06 14:19:41', 108, '2020-04-06 14:19:41', 0),
	(123, '', 174, 108, 2, 'Alicia', 'Moore', 'Sales Manager', 'Sales', 'alicia.moore@craneequipindo.com', '021-7899999', '08122222277', '2', '1980-03-05', 2, 1, 1, '2020-04-06 15:08:27', 108, '2020-04-06 15:08:27', 0),
	(124, '', 175, 106, 1, 'Robert', 'Liem', 'Manager', 'Purchasing', 'robertliem@gmail.com', '021-2343443', '0823-2343499', '1', '1977-04-01', 7, 1, 1, '2020-04-06 16:20:28', 106, '2020-04-06 16:20:28', 0),
	(125, '', 175, 1, 1, 'Erik', 'Ciputar', 'Direktur', 'HRD', 'erik@ciputra.com', '0343443434', '0234434434', '', '1980-01-01', 0, 1, 1, '2020-04-06 16:40:33', 1, '2020-04-06 16:40:33', 0),
	(126, '', 176, 106, 1, 'Chris', 'Sada', 'Manager', 'Marketing', 'chrissada@gmail.com', '23043430440', '0213434000', '', '1980-01-01', 0, 1, 1, '2020-04-06 16:56:55', 106, '2020-04-06 16:56:55', 0),
	(127, '', 177, 108, 1, 'Thomas', 'Edison', 'IT Manager', 'IT', 'thomas.edison@fooddistribusindo.com', '', '0812222288', '', '1980-01-01', 3, 1, 1, '2020-04-07 09:53:26', 107, '2020-04-07 10:35:33', 107),
	(128, '', 177, 108, 1, 'Thomas', 'Edison', 'IT Manager', 'IT', 'thomas.edison@fooddistribusindo.com', '021-8998888', '0812222288', '1', '1980-03-05', 1, 1, 1, '2020-04-07 14:13:58', 108, '2020-04-07 14:13:58', 0),
	(129, '', 176, 1, 2, 'Megwawti', 'Kencana', 'Direktur', 'Procurement', 'megawati@kencana.com', '023443444', '092330444', '', '1980-01-01', 0, 1, 1, '2020-04-07 14:47:09', 1, '2020-04-07 14:47:09', 0),
	(130, '', 178, 106, 1, 'Michael', 'Jordan', 'Direktur', 'Sport', 'mj23@gmail.com', '02343443443', '02343434344', '1', '1980-03-05', 2, 1, 1, '2020-04-07 15:11:25', 106, '2020-04-07 15:11:25', 0),
	(131, '', 179, 107, 1, 'Jason ', 'Besos', 'IT Director', 'IT', 'jason.besos@amazone.co.id', '021-6333333', '081111117', '', '1980-01-01', 0, 1, 1, '2020-04-07 16:45:25', 107, '2020-04-07 16:45:25', 0),
	(132, '', 179, 107, 1, 'Jason', 'Besos', 'IT Director', 'IT', 'jason.besos@amazone.co.id', '021-6333333', '081111117', '1', '1980-03-05', 3, 1, 1, '2020-04-07 16:59:26', 107, '2020-04-07 16:59:26', 0),
	(133, '', 180, 103, 5, 'Vesper', 'Lynd', 'General Manager', '', 'vesper@indosehat.com', '', '0812222266', '', '1980-01-01', 5, 1, 1, '2020-04-08 10:37:37', 103, '2020-04-08 10:37:37', 0),
	(134, '', 180, 103, 5, 'Vesper', 'Lynd', 'General Manager', '', 'vesper@indosehat.com', '021-5366666', '0812222288', '2', '1980-03-05', 1, 1, 1, '2020-04-08 13:56:56', 103, '2020-04-08 13:56:56', 0),
	(135, '', 181, 109, 0, 'Preston', 'Galloway', 'Manager', 'Techonlogy Group', 'reeserocha@cuvox.de', '', '+618045743677', '', '1980-01-01', 1, 1, 1, '2020-04-08 14:13:29', 109, '2020-05-28 21:37:21', 1),
	(136, '', 182, 107, 5, 'Sara', 'Lance', 'HR Manager', 'Human Resources', 'sara.lance@elektrodaindo.com', '021-8997777', '08211111111', '2', '1980-03-05', 6, 1, 1, '2020-04-09 11:17:37', 107, '2020-04-09 11:17:37', 0),
	(137, '', 183, 103, 1, 'Ryan ', 'Johnson', 'IT Manager', 'IT', 'ryan.johnson@amexindo.com', '021-5444444', '', '1', '0000-00-00', 3, 1, 1, '2020-04-14 11:04:58', 103, '2020-04-14 11:04:58', 0),
	(138, '', 167, 103, 1, 'Fero', 'Yammi', '', '', '', '', '', '1', '1980-03-05', 1, 1, 1, '2020-04-14 11:12:05', 103, '2020-04-14 11:12:05', 0),
	(139, '', 174, 7, 1, 'Preston', 'Galloway', 'Position', 'Department', 'reeserocha@cuvox.de', '15002999', '+618045743677', '2', '1988-01-15', 1, 1, 1, '2020-05-11 14:46:50', 7, '2020-05-12 17:04:19', 7),
	(140, '', 162, 7, 1, 'Edo', 'Suhendra', '', 'Department', 'esuhendra@8thinktank.com', '', '+6281808880181', '', '1980-01-01', 3, 1, 0, '2020-05-11 15:34:40', 7, '2020-05-11 15:34:40', 0),
	(141, '', 171, 7, 3, 'Alexandra', 'Abigail', '', '', 'felix@cuvox.de', '', '8077666665', '', '1980-01-01', 5, 1, 1, '2020-05-11 15:37:13', 7, '2020-05-12 19:25:58', 7),
	(142, '', 149, 7, 1, 'Preston', 'Galloway', '', '', 'reeserocha@cuvox.de', '', '+618045743677', '', '1980-01-01', 1, 1, 1, '2020-05-13 16:24:27', 7, '2020-05-13 16:24:27', 0),
	(143, '', 149, 7, 1, 'Preston', 'Galloway', 'Position 123', 'Department', 'reeserocha@cuvox.de', '', '+618045743677', '', '1980-01-01', 2, 1, 1, '2020-05-13 16:33:17', 7, '2020-05-13 16:33:17', 0),
	(144, '', 184, 103, 1, 'Philips', 'Baker', 'IT Manager', '', 'philips.baker@erabersama.com', '021-3345566', '081222288877', '1', '0002-02-02', 1, 1, 1, '2020-05-20 13:47:31', 103, '2020-05-20 13:47:31', 0),
	(145, '', 185, 1, 1, 'Edo', 'Suhendra', 'Direktur', 'Management', 'esuhendra@8thinktank.com', '0822-23432443', '0811-23443434', '', '1980-01-01', 4, 1, 1, '2020-05-21 22:39:48', 1, '2020-05-21 22:39:48', 0),
	(146, '', 186, 1, 2, 'Yunita', 'Hooi', 'Direktur', 'Finance', 'yunita.hooi@asabari.com', '02394494', '023439494', '', '1980-01-01', 3, 1, 1, '2020-05-27 22:09:04', 1, '2020-05-27 22:09:04', 0),
	(147, '', 181, 1, 1, 'Fiil', 'Kurniawan', 'Supervisor', 'Marketing', 'fiil.kurniawan@gmail.com', '021-23400000', '0811-233000', '', '1980-01-01', 4, 1, 1, '2020-05-28 21:36:41', 1, '2020-05-28 21:36:41', 0),
	(148, '', 188, 1, 1, 'Fusch', 'Qweee', 'Direktur', 'Procurement', 'fusch.qwee@management.com', '021-233333', '0923300000', '1', '1977-01-01', 5, 1, 1, '2020-06-20 22:05:57', 1, '2020-06-20 22:05:57', 0),
	(149, '', 164, 103, 1, 'Fachry', 'Ali', 'IT Manager', '', 'fachry.ali@berkahjaya.co.id', '021-5444666', '08221177888', '1', '0002-02-02', 1, 1, 1, '2020-06-22 14:26:40', 103, '2020-06-22 14:26:40', 0),
	(150, '', 189, 103, 2, 'Aurelia', 'Aurelium', 'Accounting Manager', 'FA', 'aurelia.a@marveluniverse.com', '021-5444445', '081111119', '2', '1980-03-05', 5, 1, 1, '2020-06-25 11:26:31', 103, '2020-06-26 11:54:30', 1),
	(151, '', 190, 103, 1, 'Anthony', ' Hopkins', 'IT Manager', 'IT', 'anthony.hopkins@jtrading.com', '0215488888', '08111333444', '1', '1980-03-05', 3, 1, 1, '2020-07-01 09:38:01', 103, '2020-07-01 09:38:01', 0),
	(152, '', 191, 103, 1, 'Fero', 'Galloway', '', '', 'reeserocha@cuvox.de', '', '8045743677', '1', '1980-03-05', 1, 1, 1, '2020-07-01 13:46:42', 103, '2020-07-01 13:46:42', 0),
	(153, '', 192, 1, 1, 'Johanes', 'Kim', 'Direktur', 'IT', 'jkim@gmail.com', '0234344', '00234342', '1', '1980-02-20', 4, 1, 1, '2020-07-29 16:32:33', 1, '2020-07-29 16:32:33', 0),
	(154, '', 193, 1, 1, 'Deddy', 'Oktomeo', 'Direktur', 'Techonlogy Group', 'deddyokt@gmail.com', '02343444', '023434434', '1', '1980-01-31', 1, 1, 1, '2020-08-05 17:17:45', 1, '2020-08-05 17:17:45', 0),
	(155, '', 194, 116, 1, 'Andi', 'Tenggara', 'Direktur', 'IT', 'andi@tenggara.com', '2343434', '0234433333', '1', '1980-01-31', 4, 1, 1, '2021-04-23 12:11:22', 116, '2021-04-23 12:11:22', 0),
	(156, '', 195, 109, 1, 'Alexandra', 'Abigail', '', '', 'Axe@cuvox.de', '', '8077666665', '1', '1980-03-05', 1, 1, 1, '2021-04-23 12:25:57', 109, '2021-04-23 12:25:57', 0),
	(157, '', 196, 108, 1, 'Andi', 'R', 'IT Manager', 'IT', 'andi.r@ptberkat.com', '021-3444444', '0811111111', '1', '1980-03-05', 5, 1, 1, '2021-06-14 17:23:49', 108, '2021-06-14 17:23:49', 0),
	(158, '', 197, 108, 1, 'Firmanudin', '', 'IT staff', 'IT', 'firmanudin@pipesteelindo.com', '0215433333', '0877711222', '1', '0002-02-02', 1, 1, 1, '2021-06-15 08:58:29', 108, '2021-06-15 08:58:29', 0),
	(159, '', 198, 108, 1, 'Kiki', '', 'IT Manager', 'IT', 'kiki@majujaya.com', '021-3444555', '', '1', '1980-03-05', 1, 1, 1, '2021-07-02 14:55:20', 108, '2021-07-02 14:55:20', 0),
	(160, '', 199, 108, 1, 'Albert', 'Wesker', 'CEO', '', 'albert.wesker@umbrella..com', '021-5400000', '', '1', '1980-03-05', 1, 1, 1, '2021-07-30 16:20:34', 108, '2021-07-30 16:20:34', 0),
	(161, '', 200, 108, 1, 'Andrew ', 'Berry', 'Finance Manager', 'F&A', 'andrew.berry@foodindo.com', '021 5366666', '081233334444', '1', '1980-03-05', 3, 1, 0, '2021-08-03 15:19:46', 108, '2021-08-03 15:19:46', 0),
	(162, '', 201, 108, 1, 'Andrew ', 'Berry', 'Finance Manager', 'F&A', 'andrew.berry@foodindo.com', '021 5366666', '081233334444', '1', '1980-03-05', 3, 1, 1, '2021-08-03 16:08:04', 108, '2021-08-03 16:08:04', 0),
	(163, '', 202, 108, 1, 'Alfred ', 'Musk', 'Accounting Manager', 'FA', 'alfred.musk@techadvance.com', '021-6500077', '08111245000', '1', '1980-03-05', 1, 1, 1, '2021-08-13 14:43:27', 108, '2021-08-13 14:43:27', 0),
	(164, '', 203, 108, 1, 'Coriolanus ', 'Snow', 'Director', 'NA', 'csnow@indohealth.com', '021-5488888', '0812888999', '1', '1980-03-05', 2, 1, 1, '2021-08-13 15:11:39', 108, '2021-08-13 15:11:39', 0),
	(165, '', 204, 108, 1, 'Ali ', 'Imran', 'General Manager', 'NA', 'aimran@universalcrane.com', '021-4580000', '081988888', '1', '1980-03-05', 1, 1, 1, '2021-08-13 16:05:11', 108, '2021-08-13 16:05:11', 0),
	(166, '', 205, 1, 1, 'Hkj', 'Hkh', 'Direktyr', 'It', 'edo.suhendra@gmail.com', '077e77e7e', '0888888', '1', '1980-03-05', 6, 1, 1, '2021-12-26 13:40:58', 1, '2021-12-26 13:40:58', 0),
	(167, '', 206, 103, 1, 'Rucky', 'HIMM', 'Direktyr', 'It', 'rhim@gmail.com', '08828283', '08888877', '1', '1980-03-05', 5, 1, 1, '2022-01-18 12:22:27', 103, '2022-01-18 12:22:27', 0),
	(168, '', 207, 103, 1, 'Budi', 'Santoso', '', '', 'budi@gmail.com', '', '0811111112', '1', '1980-03-05', 1, 1, 1, '2022-01-18 15:56:06', 103, '2022-01-18 15:56:06', 0),
	(169, '', 208, 103, 1, 'Tony', 'Sparks', 'Director', '', 'toni.sparks@sparkscorp.com', '0214702000', '0811111119', '1', '0002-02-02', 1, 1, 1, '2022-08-23 16:22:22', 103, '2022-08-23 16:22:55', 103),
	(170, '', 209, 1, 1, 'Herry', 'Susanto', 'Direktur', 'Marketing', 'herry@susanto.com', '023-343439', '092334343', '1', '1978-01-06', 1, 1, 1, '2022-09-15 11:53:57', 1, '2022-09-15 11:53:57', 0),
	(171, '', 210, 1, 1, 'Anton', 'Kusuma', 'Direktur', 'Management', 'anton.kusuma@gmail.com', '02323303', '082333000', '1', '1977-01-04', 5, 1, 1, '2022-09-15 14:34:38', 1, '2022-09-15 14:34:38', 0),
	(172, '', 210, 1, 1, 'Joni', 'Kusuma', 'GM', 'Marketing', 'joni@gmail.com', '023043243', '02034030240', '', '1980-01-01', 4, 1, 1, '2022-09-15 14:35:53', 1, '2022-09-15 14:35:53', 0),
	(173, '', 211, 103, 1, 'Andi', 'Salim', 'DIrektur', 'Purchasing', 'salaim@gmail.com', '234343434', '09334-434343', '1', '1980-01-03', 1, 1, 1, '2022-12-22 16:14:39', 103, '2022-12-22 16:14:39', 0),
	(174, '', 211, 1, 1, 'Xdb', 'Hermanto', '', '', 'hermatno@gmail.com', '', '', '', '1980-01-01', 5, 1, 1, '2022-12-22 16:18:39', 1, '2022-12-22 16:18:39', 0),
	(175, '', 212, 106, 1, 'Andi', 'Hermawan', 'Direktur', 'Purcahsing', 'andi@gmail.com', '023-23434234', '081119349334', '1', '1980-01-01', 3, 1, 1, '2023-01-26 14:26:20', 106, '2023-01-26 14:26:20', 0),
	(176, '', 192, 0, 0, 'Selfi', 'Meliati', 'Director', 'Operation', 'smeliati@8thinktank.com', '', '08126789999', '', '1980-01-01', 3, 1, 1, '2026-06-19 14:05:54', 0, '2026-06-19 14:05:54', 0),
	(177, '', 192, 118, 1, 'Contact1', '', '', '', '', '', '', '', '1980-01-01', 4, 1, 1, '2026-07-02 13:26:30', 118, '2026-07-02 13:26:30', 0),
	(178, '', 213, 118, 1, 'A1-1', '', '', '', '', '', '', '', '1980-01-01', 4, 1, 1, '2026-07-02 13:31:55', 118, '2026-07-02 13:31:55', 0);

-- Dumping structure for table crm.co.id.crm3_currency
CREATE TABLE IF NOT EXISTS `crm3_currency` (
  `id` int(6) NOT NULL AUTO_INCREMENT,
  `isDefault` int(1) NOT NULL DEFAULT 0,
  `name` varchar(50) NOT NULL DEFAULT '',
  `symbol` varchar(4) NOT NULL DEFAULT '',
  `code` varchar(4) NOT NULL DEFAULT '',
  `value` float(9,0) NOT NULL DEFAULT 1,
  `input_date` datetime NOT NULL DEFAULT '2019-01-01 00:00:00',
  `update_date` datetime NOT NULL DEFAULT '2019-01-01 00:00:00',
  `update_by` int(6) NOT NULL DEFAULT 0,
  `input_by` int(6) NOT NULL DEFAULT 0,
  PRIMARY KEY (`id`),
  UNIQUE KEY `code` (`code`)
) ENGINE=InnoDB AUTO_INCREMENT=3 DEFAULT CHARSET=latin1 COLLATE=latin1_swedish_ci;

-- Dumping data for table crm.co.id.crm3_currency: ~2 rows (approximately)
INSERT INTO `crm3_currency` (`id`, `isDefault`, `name`, `symbol`, `code`, `value`, `input_date`, `update_date`, `update_by`, `input_by`) VALUES
	(1, 1, 'Rupiah', 'Rp', 'IDR', 1, '2019-01-01 00:00:00', '2019-01-01 00:00:00', 0, 0),
	(2, 0, 'US Dollar', '$', 'USD', 16000, '2020-04-08 09:56:28', '2020-04-08 09:57:24', 107, 107);

-- Dumping structure for table crm.co.id.crm3_global
CREATE TABLE IF NOT EXISTS `crm3_global` (
  `id` int(11) NOT NULL AUTO_INCREMENT,
  `name` varchar(250) DEFAULT '',
  `value` varchar(250) DEFAULT '',
  PRIMARY KEY (`id`)
) ENGINE=InnoDB AUTO_INCREMENT=11 DEFAULT CHARSET=latin1 COLLATE=latin1_swedish_ci;

-- Dumping data for table crm.co.id.crm3_global: ~0 rows (approximately)
INSERT INTO `crm3_global` (`id`, `name`, `value`) VALUES
	(10, 'id_currency', '1');

-- Dumping structure for table crm.co.id.crm3_industry
CREATE TABLE IF NOT EXISTS `crm3_industry` (
  `id` int(11) NOT NULL AUTO_INCREMENT,
  `name` varchar(250) NOT NULL DEFAULT '',
  `backgroundColor` varchar(250) NOT NULL DEFAULT '',
  `status` int(1) NOT NULL DEFAULT 1,
  `presence` int(1) NOT NULL DEFAULT 1,
  `input_date` datetime NOT NULL DEFAULT '2019-01-01 00:00:00',
  `input_by` int(11) NOT NULL DEFAULT 0,
  `update_date` datetime NOT NULL DEFAULT '2019-01-01 00:00:00',
  `update_by` int(11) NOT NULL DEFAULT 0,
  PRIMARY KEY (`id`)
) ENGINE=InnoDB AUTO_INCREMENT=9 DEFAULT CHARSET=latin1 COLLATE=latin1_swedish_ci;

-- Dumping data for table crm.co.id.crm3_industry: ~8 rows (approximately)
INSERT INTO `crm3_industry` (`id`, `name`, `backgroundColor`, `status`, `presence`, `input_date`, `input_by`, `update_date`, `update_by`) VALUES
	(1, 'Heavy Equipment', 'rgb(255, 99, 132)', 1, 1, '2019-01-01 00:00:00', 0, '2020-03-07 15:02:57', 1),
	(2, 'Services', 'rgb(54, 162, 235)', 1, 1, '2019-01-01 00:00:00', 0, '2020-03-07 15:03:08', 1),
	(3, 'Consumer Product', 'rgb(255, 206, 86)', 1, 1, '2019-01-01 00:00:00', 0, '2020-03-07 15:03:05', 1),
	(4, 'Healthcare', 'rgb(75, 192, 192)', 1, 1, '2019-01-01 00:00:00', 0, '2020-03-07 15:02:44', 1),
	(5, 'Travel', 'rgb(153, 102, 255)', 1, 1, '2019-01-01 00:00:00', 0, '2019-01-01 00:00:00', 0),
	(6, 'Retail', 'rgb(255, 159, 64)', 1, 1, '2019-01-01 00:00:00', 0, '2020-03-07 15:02:48', 1),
	(7, 'Technology', 'rgb(157, 166, 229)', 1, 1, '2020-03-07 15:07:13', 1, '2020-03-07 15:07:13', 0),
	(8, 'Others', 'rgb(159, 222, 218)', 1, 1, '2020-03-24 10:57:04', 1, '2020-03-24 10:57:04', 0);

-- Dumping structure for table crm.co.id.crm3_label
CREATE TABLE IF NOT EXISTS `crm3_label` (
  `id` int(11) NOT NULL AUTO_INCREMENT,
  `id_module` int(4) NOT NULL DEFAULT 0,
  `name` varchar(50) NOT NULL DEFAULT '',
  `lang1` varchar(50) NOT NULL DEFAULT '',
  `lang2` varchar(50) NOT NULL DEFAULT '',
  `lang3` varchar(50) NOT NULL DEFAULT '',
  `status` int(1) NOT NULL DEFAULT 1,
  `presence` int(1) NOT NULL DEFAULT 1,
  `input_date` datetime NOT NULL DEFAULT '2019-01-01 00:00:00',
  `input_by` int(11) NOT NULL DEFAULT 0,
  `update_date` datetime NOT NULL DEFAULT '2019-01-01 00:00:00',
  `update_by` int(11) NOT NULL DEFAULT 0,
  PRIMARY KEY (`id`)
) ENGINE=InnoDB AUTO_INCREMENT=24 DEFAULT CHARSET=latin1 COLLATE=latin1_swedish_ci;

-- Dumping data for table crm.co.id.crm3_label: ~20 rows (approximately)
INSERT INTO `crm3_label` (`id`, `id_module`, `name`, `lang1`, `lang2`, `lang3`, `status`, `presence`, `input_date`, `input_by`, `update_date`, `update_by`) VALUES
	(1, 100, 'home', 'Home', 'Home', 'Home', 1, 1, '2019-01-01 00:00:00', 0, '2019-01-01 00:00:00', 0),
	(2, 200, 'name', 'Name', 'Name', 'Name', 1, 1, '2019-01-01 00:00:00', 0, '2019-01-01 00:00:00', 0),
	(3, 200, 'first_name', 'First Name', 'First Name', 'First Name', 1, 1, '2019-01-01 00:00:00', 0, '2019-01-01 00:00:00', 0),
	(4, 200, 'last_name', 'Last Name', 'Last Name', 'Last Name', 1, 1, '2019-01-01 00:00:00', 0, '2019-01-01 00:00:00', 0),
	(5, 200, 'mobile', 'Mobile', 'Mobile', 'Mobile', 1, 1, '2019-01-01 00:00:00', 0, '2019-01-01 00:00:00', 0),
	(6, 200, 'phone', 'Phone', 'Phone', 'Phone', 1, 1, '2019-01-01 00:00:00', 0, '2019-01-01 00:00:00', 0),
	(7, 200, 'email', 'Email', 'Email', 'Email', 1, 1, '2019-01-01 00:00:00', 0, '2019-01-01 00:00:00', 0),
	(8, 200, 'lead_owner', 'Lead Owner', 'Lead Owner', 'Lead Owner', 1, 1, '2019-01-01 00:00:00', 0, '2019-01-01 00:00:00', 0),
	(9, 200, 'lead_source', 'Lead Source', 'Lead Source', 'Lead Source', 1, 1, '2019-01-01 00:00:00', 0, '2019-01-01 00:00:00', 0),
	(10, 0, 'create_date', 'create_date', 'create_date', 'create_date', 1, 1, '2019-01-01 00:00:00', 0, '2019-01-01 00:00:00', 0),
	(11, 0, 'update_date', 'update_date', 'update_date', 'update_date', 1, 1, '2019-01-01 00:00:00', 0, '2019-01-01 00:00:00', 0),
	(14, 200, 'lead_status', 'Lead Status', 'Lead Status', 'Lead Status', 1, 1, '2019-01-01 00:00:00', 0, '2019-01-01 00:00:00', 0),
	(16, 0, 'print', 'Print', 'Print', 'Print', 1, 1, '2019-01-01 00:00:00', 0, '2019-01-01 00:00:00', 0),
	(17, 0, 'search', 'Search', 'Search', 'Search', 1, 1, '2019-01-01 00:00:00', 0, '2019-01-01 00:00:00', 0),
	(18, 0, 'new', 'New', 'New', 'New', 1, 1, '2019-01-01 00:00:00', 0, '2019-01-01 00:00:00', 0),
	(19, 0, 'edit', 'Edit', 'Edit', 'Edit', 1, 1, '2019-01-01 00:00:00', 0, '2019-01-01 00:00:00', 0),
	(20, 0, 'delete', 'Delete', 'Delete', 'Delete', 1, 1, '2019-01-01 00:00:00', 0, '2019-01-01 00:00:00', 0),
	(21, 0, 'add', 'Add', 'Add', 'Add', 1, 1, '2019-01-01 00:00:00', 0, '2019-01-01 00:00:00', 0),
	(22, 0, 'save', 'Save', 'Save', 'Save', 1, 1, '2019-01-01 00:00:00', 0, '2019-01-01 00:00:00', 0),
	(23, 0, 'cancel', 'Cancel', 'Cancel', 'Cancel', 1, 1, '2019-01-01 00:00:00', 0, '2019-01-01 00:00:00', 0);

-- Dumping structure for table crm.co.id.crm3_lead
CREATE TABLE IF NOT EXISTS `crm3_lead` (
  `id` int(11) NOT NULL AUTO_INCREMENT,
  `isDuplicate` int(1) NOT NULL DEFAULT 0,
  `convert` int(1) NOT NULL DEFAULT 0,
  `id_user` int(6) NOT NULL DEFAULT 0,
  `id_company_class` int(6) NOT NULL DEFAULT 0,
  `id_lead_status` int(6) NOT NULL DEFAULT 1,
  `id_title` int(3) NOT NULL DEFAULT 0,
  `first_name` varchar(250) NOT NULL DEFAULT '',
  `last_name` varchar(250) NOT NULL DEFAULT '',
  `position` varchar(250) NOT NULL DEFAULT '',
  `department` varchar(250) NOT NULL DEFAULT '',
  `company` varchar(250) NOT NULL DEFAULT '',
  `id_company` int(6) NOT NULL DEFAULT 0,
  `id_lead_source` int(3) NOT NULL DEFAULT 1,
  `id_industry` int(3) NOT NULL DEFAULT 1,
  `website` varchar(250) NOT NULL DEFAULT '',
  `email` varchar(250) NOT NULL DEFAULT '',
  `mobile` varchar(250) NOT NULL DEFAULT '',
  `phone` varchar(250) NOT NULL DEFAULT '',
  `fax` varchar(250) NOT NULL DEFAULT '',
  `opportunity` varchar(250) NOT NULL DEFAULT '',
  `amount` float(10,0) NOT NULL DEFAULT 0,
  `address_street` text NOT NULL,
  `address_city` varchar(250) NOT NULL DEFAULT '',
  `address_state` varchar(250) NOT NULL DEFAULT '',
  `address_code` varchar(250) NOT NULL DEFAULT '',
  `address_country` varchar(250) NOT NULL DEFAULT '',
  `sex` varchar(2) NOT NULL DEFAULT '',
  `birthdate` date NOT NULL DEFAULT '2020-01-01',
  `status` int(1) NOT NULL DEFAULT 1,
  `presence` int(1) NOT NULL DEFAULT 1,
  `input_date` datetime NOT NULL DEFAULT '2019-01-01 00:00:00',
  `input_by` int(11) NOT NULL DEFAULT 0,
  `update_date` datetime NOT NULL DEFAULT '2019-01-01 00:00:00',
  `update_by` int(11) NOT NULL DEFAULT 0,
  PRIMARY KEY (`id`)
) ENGINE=InnoDB AUTO_INCREMENT=1161 DEFAULT CHARSET=latin1 COLLATE=latin1_swedish_ci;

-- Dumping data for table crm.co.id.crm3_lead: ~117 rows (approximately)
INSERT INTO `crm3_lead` (`id`, `isDuplicate`, `convert`, `id_user`, `id_company_class`, `id_lead_status`, `id_title`, `first_name`, `last_name`, `position`, `department`, `company`, `id_company`, `id_lead_source`, `id_industry`, `website`, `email`, `mobile`, `phone`, `fax`, `opportunity`, `amount`, `address_street`, `address_city`, `address_state`, `address_code`, `address_country`, `sex`, `birthdate`, `status`, `presence`, `input_date`, `input_by`, `update_date`, `update_by`) VALUES
	(1038, 0, 1, 1, 2, 2, 1, 'David', 'Beckham', 'Director', 'Marketing', 'PT. AYO MAJU BELI', 0, 2, 1, 'www.ayomaju..com', 'dbeckham@salesforce.co.id', '091232220099', '023323233', '023322333', '', 0, 'Jalan Testring Street No 23', 'Jakarta', 'Jakarta', '12322', 'Indonesia', '', '2020-01-01', 1, 0, '2020-03-05 17:53:24', 1, '2020-03-07 13:53:12', 1),
	(1039, 0, 1, 103, 3, 2, 1, 'Eko', 'Sureko', 'IT Staff', 'IT', 'PT Maju Makmur', 0, 1, 4, 'www.majumakmur.com', 'eko.sureko@gmail.com', '081234567890', '021-6345678', '-', '', 0, 'Jl. Raya Roxy', 'Jakarta Barat', 'DKI Jakarta', '12345', 'Indonesia', '', '2020-01-01', 1, 0, '2020-03-09 09:21:39', 103, '2020-03-09 09:26:22', 103),
	(1040, 0, 1, 103, 1, 1, 1, 'Donald', 'B', 'Finance', 'FA', 'PT Disney Corporation', 0, 1, 3, 'www.disney.com', 'donald.b@disney.com', '08111222111', '0215661111', '-', '', 0, 'Jl. Mickey Mouse No 22', 'Jakarta', 'DKI Jakarta', '11111', 'Indonesia', '', '2020-01-01', 1, 0, '2020-03-09 09:46:59', 103, '2020-03-09 09:46:59', 0),
	(1041, 0, 1, 1, 4, 2, 1, 'Michael', 'Teddy', 'DIrektur', 'Marketing', 'PT Bangung Jaya Perkasa', 0, 5, 7, 'www.bangungjaya.com', 'michael.teddy@SLR.com', '0832-32309999', '021-33434439', '021-34340999', '', 0, 'Jalan Abdul Muis no 923', 'Jakarta', 'Jakarta', '120323', 'Indonesia', '1', '1980-03-05', 1, 0, '2020-03-11 13:46:27', 1, '2020-03-11 13:46:27', 0),
	(1042, 0, 0, 1, 2, 2, 1, 'Erick', 'Tahjadi', 'Direktur', 'Marketing', 'PT. ASSEMBLY JAYA', 0, 4, 3, '', 'erick.tahjadi@bangun.com', '0833-32309999', '021-23399999', '', '', 0, 'Jalan ABC no 323', 'Bandung', 'Bandung', '123200', 'Indonesia', '1', '1980-03-05', 1, 1, '2020-03-11 13:54:34', 1, '2020-03-11 13:59:38', 1),
	(1043, 0, 1, 104, 2, 2, 1, 'Terry', 'Lewis', 'Regional Head', 'Warehouse', 'PT. BALTIMORE RAVENS', 0, 6, 5, 'www.baltimore.com', 'terry.lewis@baltimore.com', '023-23340045', '021-343434434', '', '', 0, 'Jalan Marah Meriah No 83', 'Surabaya', 'Jawa Timur', '12323', 'Indonesia', '1', '1972-01-06', 1, 0, '2020-03-11 17:48:52', 104, '2020-03-11 17:48:52', 0),
	(1044, 0, 1, 104, 4, 4, 1, 'Elvis', 'Presley', 'General Affair', 'Procurement', 'PT. ELVIS CORPORATION', 0, 4, 3, 'www.elvis.com', 'elvis@tiktok.com', '012-23239349', '021-32434000', '', '', 0, 'Jalan Customer no 89', 'Medan', 'Sumatra Utara', '102343', 'Indonesia', '1', '1970-01-01', 1, 0, '2020-03-12 10:36:25', 104, '2020-03-12 14:41:12', 104),
	(1045, 0, 1, 103, 3, 2, 1, 'Ryan ', 'Johnson', 'IT Manager', 'IT', 'PT Amexindo ', 0, 3, 1, 'www.amexindo.com', 'ryan.johnson@amexindo.com', '', '021-5444444', '', '', 0, '', '', '', '', '', '1', '0000-00-00', 1, 0, '2020-03-12 11:49:54', 103, '2020-03-12 11:49:54', 0),
	(1046, 0, 1, 1, 3, 2, 1, 'Felix', 'Halim', 'Direktur', 'Techonology', 'PT. ABFC MAju yaja', 0, 2, 5, '', 'felix@halim.com', '02343434334', '0343434343343', '', '', 0, 'Jalan Utara', 'Jaakrta', 'Jakatra Timur', '213434', 'Indonesia', '1', '1980-03-05', 1, 0, '2020-03-12 14:20:56', 1, '2020-03-12 14:21:53', 1),
	(1047, 0, 0, 103, 3, 5, 1, 'Michael', 'Teddy', 'IT Head', 'IT', 'PT Bangung Jaya Perkasa', 148, 1, 7, '', '', '', '', '', '', 0, '', '', '', '', '', '1', '1980-03-05', 1, 1, '2020-03-13 11:25:52', 103, '2020-04-07 14:26:48', 7),
	(1048, 0, 0, 104, 6, 4, 1, 'Tom', 'Burkhard', 'Manager', 'Marketing', 'PT. Hellyes Maju Sekali', 0, 4, 7, 'www.hellyes.com', 'tom.b@gmail.com', '021-39990233', '021-2343444', '', '', 0, 'Jalan Palmerah Utara no14', 'Jakarta', 'Jakarta', '10330', 'Indonesia', '1', '1980-01-29', 1, 1, '2020-03-14 16:19:38', 104, '2020-03-14 16:32:04', 104),
	(1049, 0, 1, 104, 6, 2, 1, 'Mike', 'Dumboard', 'Salesman', 'Marketing', 'PT. Maju Sukses Jaya', 0, 3, 6, '', 'mike@yahoo.com', '09119330434', '021-32343444', '', '', 0, 'Jalan Merbury Street', 'Jakarta', 'Jakarta', '10330', 'Indonesia', '1', '1977-01-04', 1, 0, '2020-03-14 16:21:05', 104, '2020-03-14 16:26:47', 1),
	(1050, 0, 1, 103, 3, 1, 1, 'Donald B', '', '', '', 'PT Disney Corporation', 147, 1, 3, '', '', '', '', '', '', 0, '', '', '', '', '', '1', '1980-03-05', 1, 0, '2020-03-23 14:33:15', 103, '2020-03-23 14:33:15', 0),
	(1051, 0, 1, 103, 3, 2, 1, 'Richard', 'Bronson', 'IT Manager', 'IT', 'PT Maju Karya Bersama ', 155, 1, 3, '', 'richard.b@majukaryabersama.com', '', '021-6255225', '', '', 0, '', '', '', '', '', '1', '1980-03-05', 1, 0, '2020-03-23 17:11:45', 103, '2020-03-23 17:11:45', 0),
	(1052, 0, 1, 103, 3, 1, 1, 'Richard', 'Bronson', 'IT Manager', 'IT', 'PT Maju Karya Bersama ', 155, 1, 3, '', 'richard.b@majukaryabersama.com', '081311119999', '', '', '', 0, '', '', '', '', '', '1', '1980-03-05', 1, 0, '2020-03-24 09:30:19', 103, '2020-03-24 09:30:56', 103),
	(1053, 0, 0, 106, 1, 1, 1, 'Alexandra', 'Abigail', 'VR Manager', 'IT', 'PT Disney Corporation', 153, 1, 3, '', 'felix@cuvox.de', '8077666665', '', '', '', 0, '', '', '', '', '', '1', '1980-03-05', 1, 1, '2020-03-24 10:37:23', 106, '2020-06-23 23:01:09', 1),
	(1054, 0, 1, 0, 3, 1, 2, 'Belle', 'Bellamy', '', '', 'PT Berkah Jaya', 164, 1, 8, '', 'belle@berkahjaya.co.id', '08196600000', '', '', '', 0, '', '', '', '', '', '2', '1980-03-05', 1, 0, '2020-03-27 10:46:02', 103, '2020-03-27 10:46:02', 0),
	(1055, 0, 0, 0, 0, 1, 1, 'Feve', '', '', '', 'Fecom Inc', 0, 1, 0, '', '', '', '', '', '', 0, '', '', '', '', '', '1', '1980-03-05', 1, 1, '2020-03-27 18:14:19', 104, '2020-03-27 18:14:19', 0),
	(1056, 0, 0, 104, 0, 1, 1, 'Feco', '', '', '', 'Fecom Ink', 0, 1, 0, '', '', '', '', '', '', 0, '', '', '', '', '', '1', '1980-03-05', 1, 1, '2020-03-27 18:14:48', 104, '2020-03-27 18:15:21', 104),
	(1057, 0, 0, 104, 0, 1, 1, 'John wo', '', '', '', 'Wo Inc', 0, 1, 0, '', '', '', '', '', '', 0, '', '', '', '', '', '1', '1980-03-05', 1, 1, '2020-03-27 18:17:22', 104, '2020-03-27 18:17:22', 0),
	(1058, 0, 1, 103, 1, 2, 1, 'Arifin', '', 'IT Staff', 'IT', 'PT Retail Bahagia Selalu', 165, 3, 6, '', 'arifin@retailbs.com', '', '021-7498888', '', '', 0, '', '', '', '', '', '1', '1980-03-05', 1, 0, '2020-04-01 15:17:20', 103, '2020-04-01 15:17:20', 0),
	(1059, 0, 1, 103, 1, 1, 1, 'Mike', 'Lewis', '', '', 'PT Retail Bahagia Selalu', 169, 1, 6, '', 'mike.l@retailbs.co.id', '', '', '', '', 0, '', '', '', '', '', '1', '1980-03-05', 1, 0, '2020-04-01 16:06:11', 103, '2020-04-01 16:06:11', 0),
	(1060, 0, 1, 107, 3, 1, 2, 'Barbie', '', '', '', 'PT Jaya Makmur', 170, 3, 8, '', 'barbie@jayamakmur.co.id', '', '', '', '', 0, '', '', '', '', '', '2', '1980-03-05', 1, 0, '2020-04-01 17:11:20', 107, '2020-04-01 17:11:20', 0),
	(1061, 0, 1, 103, 2, 1, 1, 'Erick ', 'Jordan', 'IT Manager', 'IT', 'PT. BANGUN PERKASA', 163, 4, 3, '', 'bangun@perkasa.com', '', '02300000000', '03999999999', '', 0, '', '', '', '', '', '1', '1980-03-05', 1, 0, '2020-04-02 14:23:05', 103, '2020-04-02 14:23:05', 0),
	(1062, 0, 1, 108, 3, 2, 2, 'Barbie', '-', 'Finance Head', 'FA', 'PT Jaya Makmur', 170, 1, 8, '', 'barbie@jayamakmur.co.id', '081111112', '021-33433456', '', '', 0, '', '', '', '', 'Indonesia', '2', '1980-03-05', 1, 0, '2020-04-02 16:00:43', 107, '2020-04-02 16:08:16', 107),
	(1063, 0, 1, 108, 3, 2, 1, 'Rocky', '', 'IT Staff', 'IT', 'PT Subur Makmur', 171, 3, 2, '', 'rocky@suburmakmur.com', '', '021-6900000', '', '', 0, '', '', '', '', 'Indonesia', '1', '1980-03-05', 1, 0, '2020-04-03 10:35:20', 108, '2020-04-03 10:35:20', 0),
	(1064, 0, 1, 108, 2, 2, 1, 'John', 'Doe', 'IT Manager', 'IT', 'PT Taiho Indonesia', 172, 3, 8, '', 'john.doe@taiho.co.id', '081111115', '021-8999999', '', '', 0, '', '', '', '', 'Indonesia', '1', '1980-03-05', 1, 0, '2020-04-03 13:55:56', 107, '2020-04-03 13:57:49', 107),
	(1065, 0, 1, 112, 2, 4, 1, 'Hengki', 'Kusumo', 'Manager', 'Operational', 'PT. HINGGA MAJU TERUS', 0, 2, 6, 'www.hinggamajuterus.com', 'hengki.kusumo@gmail.com', '08110349944', '021-3430000', '021-3430000', '', 0, 'Jalan Raya Merdeka No 84', 'Jakarta', 'Jakarta', '10034', 'Indonesia', '1', '1980-01-31', 1, 0, '2020-04-04 12:30:02', 112, '2020-04-04 14:28:44', 112),
	(1066, 0, 0, 115, 5, 6, 1, 'Michele', 'Reis', 'Finance Director', 'Finance', 'PT. Netflix Indonesia', 0, 1, 7, 'www.netflix.com', 'mreis@gmail.com', '0812-34300999', '021-3434009', '021-3434999', '', 0, 'Jalan. Jendral Sudirman Kav 89', 'Jakarta', 'Jakarta', '10034', 'Indonesia', '2', '1980-04-30', 1, 1, '2020-04-04 12:46:07', 113, '2020-04-07 14:19:26', 7),
	(1067, 0, 0, 113, 5, 1, 1, 'Tommy', 'Andreas', 'Manager', 'HRD', 'Hingga Maju Terus', 0, 7, 7, 'hingga.com', 'andreas@gmail.com', '09234343', '023434344', '030343444', '', 0, 'Jalan testing', 'Jakarta', 'Jakarta', '10300', 'Indonesia', '1', '1980-03-04', 1, 1, '2020-04-04 14:50:42', 113, '2020-04-04 14:50:42', 0),
	(1068, 0, 1, 108, 3, 1, 1, 'Michael', 'Owen', 'Finance & Accounting Manager', 'FA', 'PT Crane Equipindo ', 174, 1, 1, '', 'michael.owen@craneequipindo.com', '081111116', '021-7899999', '', '', 0, '', '', '', '', 'Indonesia', '1', '1980-03-05', 1, 0, '2020-04-06 10:32:06', 108, '2020-04-06 10:32:06', 0),
	(1069, 0, 1, 108, 3, 2, 2, 'Alicia', 'Moore', 'Sales Manager', 'Sales', 'PT Crane Equipindo ', 174, 2, 1, '', 'alicia.moore@craneequipindo.com', '08122222277', '021-7899999', '', '', 0, '', '', '', '', 'Indonesia', '2', '1980-03-05', 1, 0, '2020-04-06 14:26:46', 108, '2020-04-06 14:26:46', 0),
	(1070, 0, 1, 106, 2, 2, 1, 'Robert', 'Liem', 'Manager', 'Purchasing', 'PT. Indofood Sukses Mandiri', 0, 7, 8, 'www.indofood.com', 'robertliem@gmail.com', '0823-2343499', '021-2343443', '021-2343444', '', 0, 'Jalan Indofood Kav 093', 'Bandung', 'Bandung', '10023', 'Indonesia', '1', '1977-04-01', 1, 0, '2020-04-06 16:16:32', 106, '2020-04-06 16:16:32', 0),
	(1071, 0, 0, 106, 6, 2, 2, 'Mulan ', 'Jamilah', 'Direktur', 'Marketing', 'Jamilah Enterprise', 0, 6, 4, 'www.jamilah.com', 'mulan@jamilah.com', '0811-234344', '023-3434439', '021-234344', '', 0, 'Jalan Jamilah Enerprise no 8', 'Surabaya', 'Surabaya', '12300', 'Indonesia', '2', '1977-08-08', 1, 1, '2020-04-06 16:25:00', 106, '2020-04-06 16:25:00', 0),
	(1072, 0, 1, 108, 3, 2, 1, 'Thomas', 'Edison', 'IT Manager', 'IT', 'PT Food Distribusindo', 177, 1, 3, '', 'thomas.edison@fooddistribusindo.com', '0812222288', '021-8998888', '', '', 0, '', '', '', '', 'Indonesia', '1', '1980-03-05', 1, 0, '2020-04-07 10:28:56', 107, '2020-04-07 10:29:51', 107),
	(1073, 0, 1, 106, 6, 2, 1, 'Michael', 'Jordan', 'Direktur', 'Sport', 'PT. Chicago Bulls', 0, 2, 6, 'www.bulss.com', 'mj23@gmail.com', '02343434344', '02343443443', '02134343444', '', 0, 'Jalan Madisson Squre no 23', 'Jakarta', 'Jakarta', '102323', 'Indonesia', '1', '1980-03-05', 1, 0, '2020-04-07 15:06:10', 106, '2020-04-07 15:06:10', 0),
	(1074, 0, 1, 107, 4, 2, 1, 'Jason', 'Besos', 'IT Director', 'IT', 'PT Amazone Indonesia Technology', 179, 3, 7, '', 'jason.besos@amazone.co.id', '081111117', '021-6333333', '', '', 0, '', '', '', '', 'Indonesia', '1', '1980-03-05', 1, 0, '2020-04-07 16:53:35', 107, '2020-04-07 16:53:35', 0),
	(1075, 0, 1, 109, 0, 6, 1, 'Alexandra', 'Abigail', '', '', 'Harapan Rezeki', 0, 1, 7, '', 'Axe@cuvox.de', '8077666665', '', '', '', 0, 'graha bernadette building\njl. claire selatan ii/4\njakarta barat 11160, indonesia', '', '', '', '', '1', '1980-03-05', 1, 0, '2020-04-07 20:19:21', 109, '2020-04-07 20:19:21', 0),
	(1076, 0, 1, 103, 3, 1, 5, 'Vesper', 'Lynd', 'General Manager', '', 'PT Indosehat Makmur', 180, 1, 4, '', 'vesper@indosehat.com', '0812222288', '021-5366666', '', '', 0, '', '', '', '', 'Indonesia', '2', '1980-03-05', 1, 0, '2020-04-08 13:55:56', 103, '2020-04-08 13:55:56', 0),
	(1077, 0, 0, 1, 5, 5, 1, 'Merry', 'Haridjaja', 'Direktur', 'Finance', 'PT. HILLSONG INDONSIEA', 0, 1, 7, 'www.8thinktank.com', 'merry@gmail.com', '0123232333', '02343434', '02343444', '', 0, 'Jalan Indonesi no 34', 'Jakarta', 'Jakarta', '12330', 'Indonesia', '2', '1980-03-05', 1, 1, '2020-04-08 15:20:58', 1, '2020-04-08 15:20:58', 0),
	(1078, 0, 0, 110, 0, 4, 1, 'Preston', 'Galloway', '', '', 'QUAILCOM, INC', 0, 1, 0, '', 'reeserocha@cuvox.de', '8045743677', '', '', '', 0, '661 Wallabout Street, Chelsea, Arkansas, 375', '', '', '', '', '1', '1980-03-05', 1, 1, '2020-04-08 16:10:55', 110, '2020-05-18 16:22:11', 7),
	(1079, 0, 1, 107, 5, 2, 5, 'Sara', 'Lance', 'HR Manager', 'Human Resources', 'PT Elektroda Indonesia', 182, 6, 8, '', 'sara.lance@elektrodaindo.com', '08211111111', '021-8997777', '', '', 0, '', '', '', '', 'Indonesia', '2', '1980-03-05', 1, 0, '2020-04-09 11:13:51', 107, '2020-04-09 11:13:51', 0),
	(1080, 0, 0, 108, 5, 2, 3, 'Ray', 'Palmer', 'IT Manager', 'IT', 'PT Elektroda Indonesia', 182, 2, 8, '', 'ray.palmer@elektrodaindo.com', '08211111119', '021-8997777', '', '', 0, '', '', '', '', 'Indonesia', '1', '1980-03-05', 1, 1, '2020-04-13 14:34:26', 107, '2020-05-27 14:44:34', 108),
	(1081, 0, 1, 103, 0, 1, 1, 'Fero', 'Galloway', '', '', 'QUAILCOM, INC', 0, 1, 0, '', 'reeserocha@cuvox.de', '8045743677', '', '', '', 0, '661 Wallabout Street, Chelsea, Arkansas, 375', '', '', '', '', '1', '1980-03-05', 1, 0, '2020-04-14 11:04:36', 103, '2020-04-14 11:04:36', 0),
	(1082, 0, 1, 103, 0, 1, 1, 'Fero', 'Yammi', '', '', 'PT PHR', 0, 1, 0, '', '', '', '', '', '', 0, 'Graha Bernadette Building\nJl. Claire Selatan II/4', '', '', '', '', '1', '1980-03-05', 1, 0, '2020-04-14 11:11:36', 103, '2020-04-14 11:11:36', 0),
	(1083, 0, 0, 7, 4, 2, 1, 'Alexandra123', 'Abigail', 'Position 123', 'Department 53', 'QUAILCOM, INC', 0, 1, 7, 'Website	', 'felix@cuvox.de', '8077666665', 'Phone', 'Fax', 'Opportunity Opportunity Opportunity', 23457670, 'graha bernadette building\njl. claire selatan ii/4\njakarta barat 11160, indonesia', 'Bangka Barat', 'Bangka Belitung', '12356', 'Australia', '1', '1980-03-05', 1, 0, '2020-05-06 16:32:44', 7, '2020-05-08 17:18:08', 7),
	(1084, 0, 0, 7, 3, 3, 1, 'Kazama3', 'Yammi', '13', 'Department', 'PT Amexindo ', 183, 2, 1, '', 'terry.lewis@baltimore.com', '021343434434', '021-5444444', '', '', 0, '', '', '', '', '', '1', '0002-02-02', 1, 1, '2020-05-14 16:46:56', 7, '2020-05-21 10:02:31', 7),
	(1085, 0, 0, 7, 3, 2, 1, 'Jessy', 'Rey', '', 'Dep', 'PT Indosehat Makmur', 180, 1, 4, '', '', '', '021-5366666', '', '', 0, '', '', '', '', 'Indonesia', '1', '0002-02-02', 1, 0, '2020-05-18 19:06:25', 7, '2020-05-18 19:06:25', 0),
	(1086, 0, 0, 7, 3, 2, 1, 'Jessy', 'Rey', '', 'Dep', 'PT Indosehat Makmur', 180, 1, 4, '', '', '', '021-5366666', '', '', 0, '', '', '', '', 'Indonesia', '1', '0002-02-02', 1, 1, '2020-05-18 19:06:32', 7, '2020-05-18 19:06:32', 0),
	(1087, 0, 0, 7, 3, 1, 1, 'Preston5', 'Galloway', '1', '2', 'PT Maju Karya Bersama ', 155, 1, 3, '', 'reeserocha@cuvox.de', '+618045743677', '021-6255225', '', '', 0, '', '', '', '', 'Indonesia', '1', '1980-03-05', 1, 1, '2020-05-19 11:09:28', 7, '2020-05-19 11:09:28', 0),
	(1088, 0, 0, 7, 0, 4, 1, 'Preston', 'Galloway', '', '', 'QUAILCOM, INC', 0, 1, 4, '', 'reeserocha@cuvox.de', '+618045743677', '', '', '', 0, '661 Wallabout Street, Chelsea, Arkansas, 375', 'Sidney', 'Sidney', '', 'Australia', '1', '1980-03-05', 1, 1, '2020-05-19 11:14:28', 7, '2020-05-21 10:02:44', 7),
	(1089, 0, 0, 7, 0, 2, 1, 'Preston', 'Galloway', '', '', 'QUAILCOM, INC', 0, 1, 4, '', 'reeserocha@cuvox.de', '+618045743677', '', '', '', 0, '661 Wallabout Street, Chelsea, Arkansas, 375', 'Sidney', 'Sidney', '', 'Australia', '1', '1980-03-05', 1, 1, '2020-05-19 11:14:44', 7, '2020-05-19 11:14:44', 0),
	(1090, 0, 0, 7, 0, 0, 1, 'test 1', '', '', '', '', 0, 1, 0, '', '', '', '', '', '', 0, '', '', '', '', '', '1', '1980-03-05', 1, 1, '2020-05-19 11:15:19', 7, '2020-05-19 11:15:19', 0),
	(1091, 0, 0, 7, 2, 0, 1, 'Te2', '', '', '', 'PT. BANGUN PERKASA', 163, 1, 3, '', '', '', '02300000000', '03999999999', '', 0, '', '', '', '', 'Indonesia', '1', '1980-03-05', 1, 1, '2020-05-19 11:16:45', 7, '2020-05-19 11:16:45', 0),
	(1092, 0, 0, 7, 0, 0, 1, 'Te4', '', '', '', '', 0, 1, 0, '', '', '', '', '', '', 0, '', '', '', '', '', '1', '1980-03-05', 1, 1, '2020-05-19 11:16:55', 7, '2020-05-19 11:16:55', 0),
	(1093, 0, 0, 7, 0, 0, 1, 'Te5', '', '', '', '', 0, 1, 0, '', '', '', '', '', '', 0, '', '', '', '', '', '1', '1980-03-05', 1, 1, '2020-05-19 11:24:38', 7, '2020-05-19 11:24:38', 0),
	(1094, 0, 0, 7, 0, 0, 1, 'T3', '', '', '', '', 0, 1, 0, '', '', '', '', '', '', 0, '', '', '', '', '', '1', '1980-03-05', 1, 1, '2020-05-19 11:28:58', 7, '2020-05-19 11:28:58', 0),
	(1095, 0, 0, 7, 0, 1, 1, 'A1', '', '', '', '', 0, 1, 0, '', '', '', '', '', '', 0, '', '', '', '', '', '1', '1980-03-05', 1, 1, '2020-05-19 11:33:39', 7, '2020-05-21 12:28:56', 7),
	(1096, 0, 0, 1, 3, 2, 1, 'Michael', 'Jordan', 'Direktur', 'Sport', 'PT. CHICAGO BULLS', 0, 2, 4, 'chicagobulls1234.net', 'mj23bulls@gmail.com', '09233-2343434', '0232343434', '0234344443', '', 0, 'Jalan Madison Squaare Garden', 'Chicago', 'IL', '023434', 'USA', '1', '1980-01-25', 1, 1, '2020-05-19 21:51:21', 1, '2020-05-21 15:40:50', 1),
	(1097, 0, 0, 103, 3, 2, 1, 'Philips', 'Baker', 'IT Manager', '', 'PT Era Bersama', 0, 1, 2, '', 'philips.baker@erabersama.com', '081222288877', '021-3345566', '', '', 0, 'Jl RE Martadinata', 'Jakarta', 'DKI Jakarta', '11530', 'Indonesia', '1', '0002-02-02', 1, 0, '2020-05-20 13:37:20', 103, '2020-05-20 13:37:20', 0),
	(1098, 0, 1, 103, 3, 2, 1, 'Philips', 'Baker', 'IT Manager', '', 'PT Era Bersama', 0, 1, 2, '', 'philips.baker@erabersama.com', '081222288877', '021-3345566', '', '', 0, 'Jl RE Martadinata', 'Jakarta', 'DKI Jakarta', '11530', 'Indonesia', '1', '0002-02-02', 1, 0, '2020-05-20 13:37:33', 103, '2020-05-20 13:37:33', 0),
	(1099, 0, 1, 103, 6, 2, 2, 'Aurelia', 'Aurelium', 'Accounting Manager', 'FA', 'PT Marvel Universe ', 0, 5, 7, '', 'aurelia.a@marveluniverse.com', '081111119', '021-5444445', '', '', 0, 'Gedung SCBD Sudirman Lantai 4 Suite 402', '', 'DKI Jakarta', '11550', 'Indonesia', '2', '1980-03-05', 1, 0, '2020-05-20 14:35:23', 103, '2020-05-28 15:27:10', 103),
	(1100, 0, 0, 1, 1, 2, 1, 'Ryan', 'Renold', 'Supervisor', 'Human Resources', 'PT. SONY Indonesia', 0, 5, 6, 'www.sonyindoneis.com', 'ryan.renold@gmail.com', '0822-34340089', '023-23333333', '023-233331111', '', 0, 'Jalan Mega Kuningan No 23', 'Jakarta', 'Jakrta', '23434', 'Indonesia', '1', '0001-01-01', 1, 1, '2020-05-21 13:50:08', 1, '2020-05-21 14:10:44', 1),
	(1101, 0, 0, 1, 0, 2, 1, 'Ryan', 'Renold', 'Supervisor', 'Human Resources', 'PT. SONY Indonesia', 0, 5, 0, '', 'ryan.renold@gmail.com', '0822-34340089', '', '', '', 0, '', '', '', '', '', '1', '0001-01-01', 1, 1, '2020-05-21 13:50:48', 1, '2020-05-21 13:50:48', 0),
	(1102, 0, 0, 1, 0, 2, 1, 'Ryan', 'Renold', 'Supervisor', 'Human Resources', 'PT. SONY Indonesia', 0, 5, 8, 'www.sonyindonesia.com', 'ryan.renold@gmail.com', '0822-34340089', '023-23333333', '023-233331111', '', 0, '', '', '', '', '', '1', '0001-01-01', 1, 1, '2020-05-21 13:52:58', 1, '2020-05-21 13:52:58', 0),
	(1103, 0, 0, 1, 5, 3, 1, 'Jack', 'Ma', 'Direktur', 'Management', 'ALIBABA', 0, 2, 8, 'www.alibaba.com', 'jack.ma@alibaba.com', '+65324444450', '023330099299', '019293939393', '', 0, 'Xing Road no 23', 'Shanghai', 'Shanghai', '023434', 'China', '1', '0001-01-01', 1, 1, '2020-05-21 14:15:40', 1, '2020-05-21 14:15:40', 0),
	(1104, 0, 0, 1, 5, 3, 1, 'Jack', 'Ma', 'Direktur', 'Management', 'ALIBABA', 0, 2, 8, 'www.alibaba.com', 'jack.ma@alibaba.com', '+65324444450', '023330099299', '019293939393', '', 0, 'Xing Road no 23', 'Shanghai', 'Shanghai', '023434', 'China', '1', '0001-01-01', 1, 1, '2020-05-21 14:16:08', 1, '2020-05-21 14:16:08', 0),
	(1105, 0, 0, 1, 0, 0, 1, 'Abc', 'Felix', '', '', '', 0, 1, 0, '', '', '', '', '', '', 0, '', '', '', '', '', '1', '1980-03-05', 1, 1, '2020-05-21 14:54:29', 1, '2020-05-28 15:35:29', 1),
	(1106, 0, 0, 1, 3, 2, 1, 'Irwan', 'Julis', 'Senior Manager', 'Techonlogy Group', 'think tank', 185, 5, 7, '', 'ijulis@8thinktank.com', '023434344', '021-53675015', '', '', 0, '', '', '', '', 'Indonesia', '1', '0001-01-01', 1, 1, '2020-05-21 22:43:09', 1, '2020-05-21 23:04:22', 1),
	(1107, 0, 1, 103, 0, 2, 1, 'Tony', 'Sparks', 'Director', '', 'Sparks Corporation', 0, 1, 7, '', 'toni.sparks@sparkscorp.com', '0811111119', '0214702000', '', '', 0, 'Gedung UOB Sudirman suite 506', 'Jakarta', 'DKI Jakarta', '11550', '', '1', '0002-02-02', 1, 0, '2020-05-22 11:46:33', 103, '2020-05-22 11:46:33', 0),
	(1108, 0, 1, 103, 3, 2, 1, 'Fachry', 'Ali', 'IT Manager', '', 'PT Berkah Jaya', 164, 1, 8, '', 'fachry.ali@berkahjaya.co.id', '08221177888', '021-5444666', '', '', 0, '', '', '', '', 'Indonesia', '1', '0002-02-02', 1, 0, '2020-05-22 12:11:35', 103, '2020-05-22 14:36:38', 103),
	(1109, 0, 1, 108, 0, 2, 1, 'Firmanudin', '', 'IT staff', 'IT', 'Pipe Steel Indonesia', 0, 1, 3, '', 'firmanudin@pipesteelindo.com', '0877711222', '0215433333', '', '', 0, '', '', '', '', '', '1', '0002-02-02', 1, 0, '2020-05-22 14:59:18', 107, '2020-06-25 14:20:56', 107),
	(1110, 0, 0, 107, 0, 2, 1, 'Firmanudin', '', 'IT staff', 'IT', 'Pipe Steel Indonesia', 0, 1, 3, '', 'firmanudin@pipesteelindo.com', '0877711222', '0215433333', '', '', 0, 'Kawasan jababeka lot 5f', 'Cikarang', 'Bekasi', '', '', '1', '0002-02-02', 1, 1, '2020-05-22 15:03:17', 107, '2020-05-22 15:03:17', 0),
	(1111, 0, 0, 103, 3, 2, 1, 'Ryan', 'Johnson', 'IT Manager', 'IT', 'PT Amexindo ', 183, 1, 1, '', 'ryan.johnson@amexindo.com', '', '021-5444444', '', '', 0, '', '', '', '', '', '1', '1980-03-05', 1, 1, '2020-05-27 11:09:00', 103, '2020-05-27 11:23:32', 103),
	(1112, 0, 0, 1, 2, 2, 1, 'Abraham', 'Salim', 'Direktur', 'IT', 'Abraham Kinerja Sukses', 0, 2, 4, 'www.abaraham.com', 'abraham.salim@gmail.com', '0892-23434033', '0233434444', '02123444440', '', 0, 'Jalan Abraham no 23', 'Jakarta', 'Jakarta', '11003', 'Indonesia', '1', '0001-01-01', 1, 0, '2020-05-27 21:26:07', 1, '2020-05-27 21:26:07', 0),
	(1113, 0, 0, 1, 2, 2, 1, 'Abraham', 'Salim', 'Direktur', 'IT', 'Abraham Kinerja Sukses', 0, 2, 4, 'www.abaraham.com', 'abraham.salim@gmail.com', '0892-23434033', '0233434444', '02123444440', '', 0, 'Jalan Abraham no 23', 'Jakarta', 'Jakarta', '11003', 'Indonesia', '1', '0001-01-01', 1, 0, '2020-05-27 21:27:01', 1, '2020-05-27 21:27:01', 0),
	(1114, 0, 0, 1, 2, 2, 1, 'Abe', 'Salim', 'Direktur', 'IT', 'Abe Indonesia', 0, 2, 4, 'www.abaraham.com', 'abraham.salim@gmail.com', '0892-23434033', '0233434444', '02123444440', '', 0, 'Jalan Abraham no 23', 'Jakarta 123', 'Jakarta', '11003', 'Indonesia', '1', '0001-01-01', 1, 1, '2020-05-27 21:27:19', 1, '2020-05-28 17:23:37', 1),
	(1115, 0, 0, 1, 2, 2, 1, 'Abraham', 'Salim', 'Direktur', 'IT', 'Abraham Kinerja Sukses', 0, 2, 4, 'www.abaraham.com', 'abraham.salim@gmail.com', '0892-23434033', '0233434444', '02123444440', '', 0, 'Jalan Abraham no 23', 'Jakarta', 'Jakarta', '11003', 'Indonesia', '1', '0001-01-01', 1, 1, '2020-05-27 21:35:29', 1, '2020-05-27 21:45:47', 1),
	(1116, 0, 0, 1, 5, 1, 1, 'Fero', 'Galloway', 'actress2', 'Department', 'PT jagoan neon', 0, 6, 4, 'webaste', 'reeserocha@cuvox.de', '+618045743677', '12354678', '4546456456', '', 0, '661 Wallabout Street, Chelsea, Arkansas, 375', 'Sidney', 'Sidney', '', 'Australia', '1', '0002-02-02', 1, 1, '2020-05-28 15:44:46', 1, '2020-05-28 15:44:46', 0),
	(1117, 0, 0, 1, 0, 0, 1, 'Fero Jo', '', '', '', '', 0, 1, 0, '', '', '', '', '', '', 0, '', '', '', '', '', '1', '1990-01-28', 1, 1, '2020-05-28 15:49:06', 1, '2020-05-28 15:50:00', 1),
	(1118, 0, 0, 1, 3, 2, 1, 'Abbrian', 'Summer', 'DIrektur', 'Techonlogy', 'Abigail Corp', 0, 5, 4, 'www.abigail.com', 'asal@gmail.com', '0234034234', '023430404', '0230304243', '', 0, 'Jalan helath care no 23', 'Jakarta', 'Jakarta', '29344', 'Indonesia', '1', '1979-10-12', 1, 1, '2020-05-29 15:42:02', 1, '2020-06-26 11:22:21', 1),
	(1119, 0, 0, 1, 0, 0, 1, 'Aba', 'Masri', '', '', '', 0, 1, 0, '', '', '', '', '', '', 0, '', '', '', '', '', '1', '1980-03-05', 1, 0, '2020-05-29 15:59:43', 1, '2020-05-29 15:59:59', 1),
	(1120, 0, 0, 1, 2, 2, 1, 'Daniel', 'Bontor', 'DIrektur', 'Advertising', 'Cleveland Cavs', 0, 4, 1, 'www.cavs.com', 'daniel@bontor.com', '98797987987', '234343442', '343434', '', 0, 'Jalan Cavs no 23', 'Jakarta', 'Jakarta', '234343', 'Indonesia', '1', '1980-03-05', 1, 1, '2020-06-02 17:26:15', 1, '2020-06-02 17:50:42', 1),
	(1121, 0, 0, 1, 2, 2, 1, 'Erick', 'Johnson', 'Direktur', 'Marketing', 'AXY', 0, 1, 4, 'www.8think.com', 'erick.johnson@gmail.com', '023-343444', '023999999', '023999999', '', 0, 'Jlana Testing data saja', 'Jakarta', 'Jakarta', '12344', 'Indonesia', '1', '1980-03-05', 1, 1, '2020-06-03 11:10:29', 1, '2020-06-03 11:10:29', 0),
	(1122, 0, 0, 1, 6, 2, 1, 'Mark', 'Zuckerbergh', 'Direktur', 'IT', 'Facebook', 0, 5, 3, 'www.facebook.com', 'mark@facebook.com', '02343444', '0234344343444', '435454555', '', 0, 'Jalan Facebook no 23', 'San Diego', 'California', '12333', 'USA', '1', '1980-03-05', 1, 1, '2020-06-03 21:44:40', 1, '2020-06-03 21:44:40', 0),
	(1123, 0, 1, 1, 1, 2, 1, 'Fusch', 'Qweee', 'Direktur', 'Procurement', 'Satria Baja Hitam', 0, 5, 2, 'www.abc.com', 'fusch.qwee@management.com', '0923300000', '021-233333', '023-2334344', '', 0, 'Jalan Aji Mumpung no 89', 'Jakarta', 'Jakarta', '12999', 'Indonesia', '1', '1977-01-01', 1, 0, '2020-06-20 21:59:15', 1, '2020-06-20 22:00:20', 1),
	(1124, 0, 1, 103, 3, 2, 1, 'Anthony', ' Hopkins', 'IT Manager', 'IT', 'PT J Trading Indonesia', 0, 3, 8, 'www.jtrading.com', 'anthony.hopkins@jtrading.com', '08111333444', '0215488888', '', '', 0, 'Jl. Raya Kebon Jeruk No 9', 'Jakarta', 'DKI Jakarta', '11530', 'Indonesia', '1', '1980-03-05', 1, 0, '2020-06-30 16:00:39', 103, '2020-06-30 16:00:39', 0),
	(1125, 0, 0, 1, 3, 1, 1, 'Tomy', 'Aprianto', 'Manager', 'IT', 'AJ CAR', 0, 4, 2, 'www.abaraham.com', 'tomy@car.co.id', '023434344', '234342434', '23434', '', 0, 'Jalan ', 'Jakarta', 'Jakarta', '11111', 'Indonesia', '1', '1980-01-01', 1, 1, '2020-07-08 12:24:31', 1, '2020-07-08 12:24:31', 0),
	(1126, 0, 1, 1, 3, 2, 1, 'Johanes', 'Kim', 'Direktur', 'IT', 'Abc Consultaing', 0, 4, 2, 'www.adi.com', 'jkim@gmail.com', '00234342', '0234344', '2343444', '', 0, 'jalan abc no 923', 'Jakarta', 'Indonesia', '23434', 'Indonesia', '1', '1980-02-20', 1, 0, '2020-07-29 16:28:37', 1, '2020-07-29 16:31:04', 1),
	(1127, 0, 1, 1, 5, 2, 1, 'Deddy', 'Oktomeo', 'Direktur', 'Techonlogy Group', 'Kineerja Pay', 0, 1, 3, 'www.kpay.com', 'deddyokt@gmail.com', '023434434', '02343444', '02344444', '', 0, 'Jlana camar indah 5 no 26', 'Jakarta', 'Jakarta', '90099', 'Indonesia', '1', '1980-01-31', 1, 0, '2020-08-05 17:12:22', 1, '2020-08-05 17:16:54', 1),
	(1128, 0, 0, 103, 2, 1, 1, 'Julius', 'Caesar', 'IT Manager', 'IT', 'Roman Empire', 0, 1, 3, 'www.romanempire.com', 'julius.caesar@romanempire.com', '0811122233', '021-5466688', '', '', 0, 'Taman Kebon Jeruk', 'Jakarta', 'DKI Jakarta', '11530', 'Indonesia', '1', '1980-03-05', 1, 1, '2020-12-10 17:04:18', 103, '2020-12-10 17:05:22', 103),
	(1129, 0, 1, 116, 3, 2, 1, 'Andi', 'Tenggara', 'Direktur', 'IT', 'ABC XYX solution', 0, 4, 4, 'www.kdjlkjafr.com', 'andi@tenggara.com', '0234433333', '2343434', '', '', 0, 'dsafdsaffsa', 'dsafdf', 'sdfd', '23434', 'Indonesia', '1', '1980-01-31', 1, 0, '2021-04-23 11:58:41', 116, '2021-04-23 12:10:56', 116),
	(1130, 0, 0, 107, 3, 2, 1, 'Jefri', 'N', 'IT Manager', 'IT', 'PT Makmur', 0, 1, 7, '-', 'jefri@ptmakmur.com', '08122222222', '021-5455555', '', '', 0, 'Jl XYZ', 'Jakarta', 'DKI Jakarta', '11100', 'Indonesia', '1', '1980-03-05', 1, 1, '2021-06-14 17:07:27', 107, '2021-06-14 17:07:27', 0),
	(1131, 0, 1, 108, 3, 2, 1, 'Andi', 'R', 'IT Manager', 'IT', 'PT Berkat', 0, 5, 7, 'www.ptberkat.com', 'andi.r@ptberkat.com', '0811111111', '021-3444444', '', '', 0, '', 'Jakarta', 'DKI Jakarta', '11000', 'Indonesia', '1', '1980-03-05', 1, 0, '2021-06-14 17:15:20', 108, '2021-06-14 17:23:04', 108),
	(1132, 0, 1, 108, 3, 2, 1, 'Kiki', '', 'IT Manager', 'IT', 'Maju Jaya', 0, 1, 4, 'www.majujaya.com', 'kiki@majujaya.com', '', '021-3444555', '', '', 0, 'Jl. Bunder no 75', 'Jakarta', 'DKI Jakarta', '', 'Indonesia', '1', '1980-03-05', 1, 0, '2021-07-02 14:47:29', 108, '2021-07-02 14:47:29', 0),
	(1133, 0, 1, 108, 3, 2, 1, 'Albert', 'Wesker', 'CEO', '', '', 0, 1, 4, '', 'albert.wesker@umbrella..com', '', '021-5400000', '', '', 0, 'Kawasan industri pulogadung kav A5', 'Jakarta', 'DKI Jakarta', '11000', 'Indonesia', '1', '1980-03-05', 1, 0, '2021-07-30 16:16:09', 108, '2021-07-30 16:16:09', 0),
	(1134, 0, 0, 108, 3, 3, 1, 'Andrew', 'Berry', 'IT Manager', 'IT', 'Foodindo PT', 0, 3, 3, '', 'andrew.berry@foodindo.com', '', '021-5488888', '', '', 0, 'Kawasan industri manis kav A4', 'Tangerang', 'Banten', '11000', 'Indonesia', '1', '1980-03-05', 1, 0, '2021-08-02 17:25:43', 108, '2021-08-02 17:25:43', 0),
	(1135, 0, 1, 108, 3, 2, 1, 'Andrew ', 'Berry', 'Finance Manager', 'F&A', 'Foodindo PT', 0, 3, 8, 'Www.foodindo.com', 'andrew.berry@foodindo.com', '081233334444', '021 5366666', '', '', 0, 'Kawasan industri manis kav E5', 'Tangerang', 'Banten', '15148', 'Indonesia', '1', '1980-03-05', 1, 0, '2021-08-03 15:10:59', 108, '2021-08-03 15:10:59', 0),
	(1136, 0, 1, 108, 3, 2, 1, 'Andrew ', 'Berry', 'Finance Manager', 'F&A', 'Foodindo PT', 0, 3, 8, 'Www.foodindo.com', 'andrew.berry@foodindo.com', '081233334444', '021 5366666', '', '', 0, 'Kawasan industri manis kav E5', 'Tangerang', 'Banten', '15148', 'Indonesia', '1', '1980-03-05', 1, 0, '2021-08-03 15:25:26', 108, '2021-08-03 15:25:26', 0),
	(1137, 0, 1, 108, 3, 3, 1, 'Alfred ', 'Musk', 'Accounting Manager', 'FA', 'Techadvance Indonesia', 0, 1, 7, '', 'alfred.musk@techadvance.com', '08111245000', '021-6500077', '', '', 0, 'Jl Tambora no 99', 'Jakarta', 'DKI Jakarta', '14000', 'Indonesia', '1', '1980-03-05', 1, 0, '2021-08-13 14:37:08', 108, '2021-08-13 14:37:08', 0),
	(1138, 0, 1, 108, 3, 2, 1, 'Coriolanus ', 'Snow', 'Director', 'NA', 'Indohealth Indonesia', 0, 2, 4, 'www.indohealth.com', 'csnow@indohealth.com', '0812888999', '021-5488888', '', '', 0, 'Jl kebon jeruk no 40', 'Jakarta', 'DKI Jakarta', '11530', 'Indonesia', '1', '1980-03-05', 1, 0, '2021-08-13 15:06:51', 108, '2021-08-13 15:06:51', 0),
	(1139, 0, 1, 108, 3, 2, 1, 'Ali ', 'Imran', 'General Manager', 'NA', 'Universal Crane Indonesia', 0, 1, 1, '', 'aimran@universalcrane.com', '081988888', '021-4580000', '', '', 0, 'Jl kelapa gading no 38E', 'Jakarta', 'DKI Jakarta', '11400', 'Indonesia', '1', '1980-03-05', 1, 0, '2021-08-13 15:59:51', 108, '2021-08-13 15:59:51', 0),
	(1140, 0, 0, 109, 3, 3, 1, 'Daneil', 'Kurniwawn', 'Direktur', 'Purchasing', '', 0, 5, 1, 'www.apaja.com', 'apa aja@com.com', '0988188111', '234324324', '2432432', '', 0, 'dsfadfa', 'fdsafd', '', '', 'Indonesia', '1', '1980-01-31', 1, 1, '2021-09-23 16:50:00', 109, '2021-09-23 16:50:21', 109),
	(1142, 0, 0, 106, 2, 2, 1, 'Kristanto', 'Kristango', 'Direktur', 'IT', 'Jaya Abadi', 0, 1, 1, 'www.abi.com', 'kristango@mgial.com', '12323232', '2334', '', '', 0, 'Jalna apa saja', 'Jakarta', '', '11300', 'Indonesia', '1', '1980-03-05', 1, 1, '2021-12-16 16:59:41', 106, '2021-12-16 16:59:41', 0),
	(1143, 0, 1, 1, 3, 2, 1, 'Hkj', 'Hkh', 'Direktyr', 'It', 'ABC defg', 0, 6, 1, 'www.abc.con', 'edo.suhendra@gmail.com', '0888888', '077e77e7e', '', '', 0, 'Jakarta', '', '', '', 'Indonesia', '1', '1980-03-05', 1, 0, '2021-12-26 13:39:16', 1, '2021-12-26 13:39:16', 0),
	(1144, 0, 1, 103, 5, 2, 1, 'Rucky', 'HIMM', 'Direktyr', 'It', 'Mrsp', 0, 5, 1, 'www.abcdddd.com', 'rhim@gmail.com', '08888877', '08828283', '', '', 0, '38833', 'Jakarta', 'Jakarta', '11490', 'Indonesia', '1', '1980-03-05', 1, 0, '2022-01-18 12:15:41', 103, '2022-01-18 12:15:41', 0),
	(1145, 0, 0, 106, 0, 0, 1, 'Felix', '', '', '', '', 0, 1, 0, '', '', '', '', '', '', 0, '', '', '', '', '', '1', '1980-03-05', 1, 1, '2022-01-18 15:47:45', 106, '2022-01-18 15:47:45', 0),
	(1146, 0, 1, 103, 0, 0, 1, 'Budi', 'Santoso', '', '', '', 0, 1, 0, '', 'budi@gmail.com', '0811111112', '', '', '', 0, '', '', '', '', '', '1', '1980-03-05', 1, 0, '2022-01-18 15:47:53', 103, '2022-01-18 15:47:53', 0),
	(1147, 0, 0, 1, 3, 2, 1, 'Justin', 'Field', 'Direktur', 'Purchasing', 'Chicago Bears', 0, 1, 1, 'www.bearsnfl.com', 'justinfields01@gmail.com', '0823-4442349', '021-2343599', '021=2343043', '', 0, 'Jalan Permata Buana no 23', 'Jakarta', 'Jakarta', '10330', 'Indonesia', '1', '1980-01-01', 1, 1, '2022-09-01 15:46:49', 1, '2022-09-01 15:46:49', 0),
	(1148, 0, 0, 103, 5, 1, 1, 'Michael', 'Lewis', 'Direktur', 'Sales', 'NFL .com', 0, 1, 5, 'www.nfl.com', 'michael.lewis@nfl.com', '0822-3990234', '021-2223399', '021-2339994', '', 0, 'Jalan Cideng Timur No 23', 'Jakarta', 'Jakarta', '23000', 'Indonesia', '1', '1979-12-01', 1, 1, '2022-09-01 15:56:44', 103, '2022-09-01 15:56:44', 0),
	(1149, 0, 1, 1, 5, 2, 1, 'Herry', 'Susanto', 'Direktur', 'Marketing', 'PT. ABC Slimmy Team', 0, 1, 2, 'www.8thinktank.com', 'herry@susanto.com', '092334343', '023-343439', '023-3243434', '', 0, 'Jalan Indah 9 no 23', 'Jakarta', 'Jakarta', '12000', 'Indonesia', '1', '1978-01-06', 1, 0, '2022-09-15 11:48:36', 1, '2022-09-15 11:48:36', 0),
	(1150, 0, 1, 1, 3, 3, 1, 'Anton', 'Kusuma', 'Direktur', 'Management', 'PT. XYZ Consulting', 0, 5, 6, 'www.abc.com', 'anton.kusuma@gmail.com', '082333000', '02323303', '023343434', '', 0, 'Jlana Aman Jaya', 'Jakarta', 'Jakarta', 'Jakart', 'Indonesia', '1', '1977-01-04', 1, 0, '2022-09-15 14:32:26', 1, '2022-09-15 14:32:26', 0),
	(1151, 0, 0, 103, 5, 2, 1, 'Ferdi', 'Samboro', 'Direktur', 'Management', 'Samboro ABC', 0, 7, 4, 'www.somboro.com', 'ferdi@gmail.com', '012343434', '020343434', '23434344', '', 0, 'jalan jalan', 'Jakarta', 'Jakarta', '102300', 'Indonesia', '1', '1980-03-05', 1, 1, '2022-09-15 14:47:09', 103, '2022-09-15 14:47:09', 0),
	(1152, 0, 1, 103, 3, 2, 1, 'Andi', 'Salim', 'DIrektur', 'Purchasing', 'PT. XYZ', 0, 1, 4, 'apaja.com', 'salaim@gmail.com', '09334-434343', '234343434', '2343', '', 0, 'jalan ambon', 'jakarta', 'jakarta', '1223', 'Indonesia', '1', '1980-01-03', 1, 0, '2022-12-22 16:08:50', 103, '2022-12-22 16:08:50', 0),
	(1153, 0, 1, 106, 3, 3, 1, 'Andi', 'Hermawan', 'Direktur', 'Purcahsing', 'Andi Maju Makmur', 0, 3, 4, 'www.andi.com', 'andi@gmail.com', '081119349334', '023-23434234', '203-2343434', '', 0, 'Jlana Merdika no 21', 'Jakarta', 'Jakarta', '123230', 'Indonesia', '1', '1980-01-01', 1, 0, '2023-01-26 14:20:51', 106, '2023-01-26 14:25:33', 106),
	(1155, 0, 0, 118, 3, 1, 1, 'Baba', '', '', '', 'PT Amexindo ', 183, 1, 1, '', '', '', '021-5444444', '', '', 0, '', '', '', '', '', '1', '1980-03-05', 1, 1, '2026-07-01 18:16:29', 118, '2026-07-01 18:16:29', 118),
	(1157, 0, 0, 118, 5, 1, 1, 'A4', '', '', '', 'Mrsp', 206, 1, 1, '', '', '', '08828283', '', '', 0, '', '', '', '', 'Indonesia', '1', '1980-03-05', 1, 1, '2026-07-01 18:52:13', 118, '2026-07-01 18:52:13', 0),
	(1158, 0, 0, 118, 3, 1, 1, 'B2', '', '', '', 'PT Berkah Jaya', 164, 1, 8, '', '', '', '021-5444666', '', '', 0, '', '', '', '', 'Indonesia', '1', '1980-03-05', 1, 1, '2026-07-01 18:56:13', 118, '2026-07-01 18:56:13', 0),
	(1160, 0, 0, 118, 3, 1, 1, 'Anto', '', '', '', 'Indohealth Indonesia', 203, 1, 4, '', '', '', '021-5488888', '', '', 0, '', '', '', '', 'Indonesia', '1', '1980-03-05', 1, 1, '2026-07-02 13:26:06', 118, '2026-07-02 13:26:06', 0);

-- Dumping structure for table crm.co.id.crm3_lead_convert
CREATE TABLE IF NOT EXISTS `crm3_lead_convert` (
  `id` int(11) NOT NULL AUTO_INCREMENT,
  `id_user` int(6) NOT NULL DEFAULT 0,
  `id_lead` int(6) NOT NULL DEFAULT 0,
  `id_company` int(6) NOT NULL DEFAULT 0,
  `id_contact` int(6) NOT NULL DEFAULT 0,
  `id_opportunity` int(6) NOT NULL DEFAULT 0,
  `status` int(1) NOT NULL DEFAULT 1,
  `presence` int(1) NOT NULL DEFAULT 1,
  `convert_date` datetime NOT NULL DEFAULT '2019-01-01 00:00:00',
  `convert_by` int(11) NOT NULL DEFAULT 0,
  `input_date` datetime NOT NULL DEFAULT '2019-01-01 00:00:00',
  `input_by` int(11) NOT NULL DEFAULT 0,
  `update_date` datetime NOT NULL DEFAULT '2019-01-01 00:00:00',
  `update_by` int(11) NOT NULL DEFAULT 0,
  PRIMARY KEY (`id`)
) ENGINE=InnoDB AUTO_INCREMENT=78 DEFAULT CHARSET=latin1 COLLATE=latin1_swedish_ci;

-- Dumping data for table crm.co.id.crm3_lead_convert: ~57 rows (approximately)
INSERT INTO `crm3_lead_convert` (`id`, `id_user`, `id_lead`, `id_company`, `id_contact`, `id_opportunity`, `status`, `presence`, `convert_date`, `convert_by`, `input_date`, `input_by`, `update_date`, `update_by`) VALUES
	(21, 1, 1038, 145, 87, 170, 1, 1, '2020-03-07 13:57:04', 1, '2020-03-07 13:57:04', 1, '2020-03-07 13:57:04', 0),
	(22, 103, 1039, 146, 90, 171, 1, 1, '2020-03-09 09:28:18', 103, '2020-03-09 09:28:18', 103, '2020-03-09 09:28:18', 0),
	(23, 103, 1040, 147, 91, 172, 1, 1, '2020-03-09 09:50:25', 103, '2020-03-09 09:50:25', 103, '2020-03-09 09:50:25', 0),
	(24, 1, 1041, 148, 92, 0, 1, 1, '2020-03-11 13:52:44', 1, '2020-03-11 13:52:44', 1, '2020-03-11 13:52:44', 0),
	(25, 104, 1043, 149, 94, 0, 1, 1, '2020-03-12 11:26:17', 104, '2020-03-12 11:26:17', 104, '2020-03-12 11:26:17', 0),
	(26, 1, 1046, 150, 95, 0, 1, 1, '2020-03-12 14:22:56', 1, '2020-03-12 14:22:56', 1, '2020-03-12 14:22:56', 0),
	(27, 104, 1044, 151, 96, 174, 1, 1, '2020-03-12 15:25:37', 104, '2020-03-12 15:25:37', 104, '2020-03-12 15:25:37', 0),
	(28, 104, 1049, 152, 98, 175, 1, 1, '2020-03-14 16:36:00', 104, '2020-03-14 16:36:00', 104, '2020-03-14 16:36:00', 0),
	(29, 103, 1050, 153, 100, 177, 1, 1, '2020-03-23 14:38:44', 103, '2020-03-23 14:38:44', 103, '2020-03-23 14:38:44', 0),
	(30, 103, 1051, 161, 102, 178, 1, 1, '2020-03-23 17:20:25', 103, '2020-03-23 17:20:25', 103, '2020-03-23 17:20:25', 0),
	(31, 103, 1052, 162, 103, 179, 1, 1, '2020-03-24 09:32:41', 103, '2020-03-24 09:32:41', 103, '2020-03-24 09:32:41', 0),
	(32, 103, 1054, 164, 106, 180, 1, 1, '2020-03-27 11:03:23', 103, '2020-03-27 11:03:23', 103, '2020-03-27 11:03:23', 0),
	(33, 103, 1058, 169, 107, 0, 1, 1, '2020-04-01 15:22:19', 103, '2020-04-01 15:22:19', 103, '2020-04-01 15:22:19', 0),
	(34, 103, 1059, 169, 108, 182, 1, 1, '2020-04-01 16:11:15', 103, '2020-04-01 16:11:15', 103, '2020-04-01 16:11:15', 0),
	(35, 107, 1060, 170, 110, 183, 1, 1, '2020-04-01 17:18:00', 107, '2020-04-01 17:18:00', 107, '2020-04-01 17:18:00', 0),
	(36, 103, 1061, 163, 112, 184, 1, 1, '2020-04-02 14:40:12', 103, '2020-04-02 14:40:12', 103, '2020-04-02 14:40:12', 0),
	(37, 108, 1062, 170, 113, 185, 1, 1, '2020-04-02 16:30:27', 108, '2020-04-02 16:30:27', 108, '2020-04-02 16:30:27', 0),
	(38, 108, 1063, 171, 115, 186, 1, 1, '2020-04-03 11:21:30', 108, '2020-04-03 11:21:30', 108, '2020-04-03 11:21:30', 0),
	(39, 108, 1064, 172, 117, 187, 1, 1, '2020-04-03 14:25:32', 108, '2020-04-03 14:25:32', 108, '2020-04-03 14:25:32', 0),
	(40, 112, 1065, 173, 118, 0, 1, 1, '2020-04-04 14:38:42', 112, '2020-04-04 14:38:42', 112, '2020-04-04 14:38:42', 0),
	(41, 108, 1068, 174, 121, 188, 1, 1, '2020-04-06 10:40:09', 108, '2020-04-06 10:40:09', 108, '2020-04-06 10:40:09', 0),
	(42, 108, 1069, 174, 123, 189, 1, 1, '2020-04-06 15:08:27', 108, '2020-04-06 15:08:27', 108, '2020-04-06 15:08:27', 0),
	(43, 106, 1070, 175, 124, 0, 1, 1, '2020-04-06 16:20:28', 106, '2020-04-06 16:20:28', 106, '2020-04-06 16:20:28', 0),
	(44, 108, 1072, 177, 128, 190, 1, 1, '2020-04-07 14:13:58', 108, '2020-04-07 14:13:58', 108, '2020-04-07 14:13:58', 0),
	(45, 106, 1073, 178, 130, 193, 1, 1, '2020-04-07 15:11:25', 106, '2020-04-07 15:11:25', 106, '2020-04-07 15:11:25', 0),
	(46, 107, 1074, 179, 132, 194, 1, 1, '2020-04-07 16:59:26', 107, '2020-04-07 16:59:26', 107, '2020-04-07 16:59:26', 0),
	(47, 103, 1076, 180, 134, 195, 1, 1, '2020-04-08 13:56:56', 103, '2020-04-08 13:56:56', 103, '2020-04-08 13:56:56', 0),
	(48, 107, 1079, 182, 136, 197, 1, 1, '2020-04-09 11:17:38', 107, '2020-04-09 11:17:38', 107, '2020-04-09 11:17:38', 0),
	(49, 103, 1045, 183, 137, 0, 1, 1, '2020-04-14 11:04:58', 103, '2020-04-14 11:04:58', 103, '2020-04-14 11:04:58', 0),
	(50, 103, 1082, 167, 138, 198, 1, 1, '2020-04-14 11:12:05', 103, '2020-04-14 11:12:05', 103, '2020-04-14 11:12:05', 0),
	(51, 103, 1098, 184, 144, 200, 1, 1, '2020-05-20 13:47:31', 103, '2020-05-20 13:47:31', 103, '2020-05-20 13:47:31', 0),
	(52, 1, 1123, 188, 148, 201, 1, 1, '2020-06-20 22:05:57', 1, '2020-06-20 22:05:57', 1, '2020-06-20 22:05:57', 0),
	(53, 103, 1108, 164, 149, 202, 1, 1, '2020-06-22 14:26:40', 103, '2020-06-22 14:26:40', 103, '2020-06-22 14:26:40', 0),
	(54, 103, 1099, 189, 150, 0, 1, 1, '2020-06-25 11:26:31', 103, '2020-06-25 11:26:31', 103, '2020-06-25 11:26:31', 0),
	(55, 103, 1124, 190, 151, 206, 1, 1, '2020-07-01 09:38:01', 103, '2020-07-01 09:38:01', 103, '2020-07-01 09:38:01', 0),
	(56, 103, 1081, 191, 152, 207, 1, 1, '2020-07-01 13:46:42', 103, '2020-07-01 13:46:42', 103, '2020-07-01 13:46:42', 0),
	(57, 1, 1126, 192, 153, 208, 1, 1, '2020-07-29 16:32:33', 1, '2020-07-29 16:32:33', 1, '2020-07-29 16:32:33', 0),
	(58, 1, 1127, 193, 154, 209, 1, 1, '2020-08-05 17:17:45', 1, '2020-08-05 17:17:45', 1, '2020-08-05 17:17:45', 0),
	(59, 116, 1129, 194, 155, 0, 1, 1, '2021-04-23 12:11:22', 116, '2021-04-23 12:11:22', 116, '2021-04-23 12:11:22', 0),
	(60, 109, 1075, 195, 156, 210, 1, 1, '2021-04-23 12:25:57', 109, '2021-04-23 12:25:57', 109, '2021-04-23 12:25:57', 0),
	(61, 108, 1131, 196, 157, 211, 1, 1, '2021-06-14 17:23:49', 108, '2021-06-14 17:23:49', 108, '2021-06-14 17:23:49', 0),
	(62, 108, 1109, 197, 158, 212, 1, 1, '2021-06-15 08:58:29', 108, '2021-06-15 08:58:29', 108, '2021-06-15 08:58:29', 0),
	(63, 108, 1132, 198, 159, 213, 1, 1, '2021-07-02 14:55:20', 108, '2021-07-02 14:55:20', 108, '2021-07-02 14:55:20', 0),
	(64, 108, 1133, 199, 160, 214, 1, 1, '2021-07-30 16:20:34', 108, '2021-07-30 16:20:34', 108, '2021-07-30 16:20:34', 0),
	(65, 108, 1135, 200, 161, 0, 1, 1, '2021-08-03 15:19:46', 108, '2021-08-03 15:19:46', 108, '2021-08-03 15:19:46', 0),
	(66, 108, 1136, 201, 162, 215, 1, 1, '2021-08-03 16:08:04', 108, '2021-08-03 16:08:04', 108, '2021-08-03 16:08:04', 0),
	(67, 108, 1137, 202, 163, 216, 1, 1, '2021-08-13 14:43:27', 108, '2021-08-13 14:43:27', 108, '2021-08-13 14:43:27', 0),
	(68, 108, 1138, 203, 164, 217, 1, 1, '2021-08-13 15:11:39', 108, '2021-08-13 15:11:39', 108, '2021-08-13 15:11:39', 0),
	(69, 108, 1139, 204, 165, 218, 1, 1, '2021-08-13 16:05:11', 108, '2021-08-13 16:05:11', 108, '2021-08-13 16:05:11', 0),
	(70, 1, 1143, 205, 166, 219, 1, 1, '2021-12-26 13:40:58', 1, '2021-12-26 13:40:58', 1, '2021-12-26 13:40:58', 0),
	(71, 103, 1144, 206, 167, 220, 1, 1, '2022-01-18 12:22:27', 103, '2022-01-18 12:22:27', 103, '2022-01-18 12:22:27', 0),
	(72, 103, 1146, 207, 168, 221, 1, 1, '2022-01-18 15:56:06', 103, '2022-01-18 15:56:06', 103, '2022-01-18 15:56:06', 0),
	(73, 103, 1107, 208, 169, 0, 1, 1, '2022-08-23 16:22:22', 103, '2022-08-23 16:22:22', 103, '2022-08-23 16:22:22', 0),
	(74, 1, 1149, 209, 170, 222, 1, 1, '2022-09-15 11:53:57', 1, '2022-09-15 11:53:57', 1, '2022-09-15 11:53:57', 0),
	(75, 1, 1150, 210, 171, 223, 1, 1, '2022-09-15 14:34:38', 1, '2022-09-15 14:34:38', 1, '2022-09-15 14:34:38', 0),
	(76, 103, 1152, 211, 173, 224, 1, 1, '2022-12-22 16:14:39', 103, '2022-12-22 16:14:39', 103, '2022-12-22 16:14:39', 0),
	(77, 106, 1153, 212, 175, 0, 1, 1, '2023-01-26 14:26:20', 106, '2023-01-26 14:26:20', 106, '2023-01-26 14:26:20', 0);

-- Dumping structure for table crm.co.id.crm3_lead_product
CREATE TABLE IF NOT EXISTS `crm3_lead_product` (
  `id` int(11) NOT NULL AUTO_INCREMENT,
  `id_lead` int(11) NOT NULL DEFAULT 0,
  `id_product` int(11) NOT NULL DEFAULT 0,
  `id_price_list` int(11) NOT NULL DEFAULT 0,
  `price` float(12,0) NOT NULL DEFAULT 0,
  `qty` int(6) NOT NULL DEFAULT 0,
  `discount` float(2,0) NOT NULL DEFAULT 0,
  `total` float(12,0) NOT NULL DEFAULT 0,
  `status` int(1) NOT NULL DEFAULT 1,
  `presence` int(1) NOT NULL DEFAULT 1,
  `input_date` datetime NOT NULL DEFAULT '2019-01-01 00:00:00',
  `input_by` int(11) NOT NULL DEFAULT 0,
  `update_date` datetime NOT NULL DEFAULT '2019-01-01 00:00:00',
  `update_by` int(11) NOT NULL DEFAULT 0,
  PRIMARY KEY (`id`)
) ENGINE=InnoDB AUTO_INCREMENT=49 DEFAULT CHARSET=latin1 COLLATE=latin1_swedish_ci;

-- Dumping data for table crm.co.id.crm3_lead_product: ~48 rows (approximately)
INSERT INTO `crm3_lead_product` (`id`, `id_lead`, `id_product`, `id_price_list`, `price`, `qty`, `discount`, `total`, `status`, `presence`, `input_date`, `input_by`, `update_date`, `update_by`) VALUES
	(1, 1038, 1, 0, 15000000, 1, 0, 15000000, 1, 0, '2020-03-07 13:53:05', 1, '2020-03-07 13:53:05', 0),
	(2, 1038, 1, 0, 15000000, 1, 0, 15000000, 1, 1, '2020-03-07 13:53:15', 1, '2020-03-07 13:53:15', 0),
	(3, 1039, 1, 0, 15000000, 1, 0, 15000000, 1, 0, '2020-03-09 09:26:08', 103, '2020-03-09 09:26:08', 0),
	(4, 1039, 1, 0, 15000000, 1, 0, 15000000, 1, 1, '2020-03-09 09:26:33', 103, '2020-03-09 09:26:33', 0),
	(5, 1049, 1, 0, 15000000, 1, 0, 15000000, 1, 1, '2020-03-14 16:26:54', 1, '2020-03-14 16:26:54', 0),
	(6, 1049, 2, 0, 25000000, 1, 0, 25000000, 1, 1, '2020-03-14 16:26:54', 1, '2020-03-14 16:26:54', 0),
	(7, 1052, 4, 0, 1000000, 1, 0, 1000000, 1, 1, '2020-03-24 09:31:04', 103, '2020-03-24 09:31:04', 0),
	(8, 1083, 5, 0, 50000000, 1, 0, 50000000, 1, 1, '2020-05-08 14:48:47', 7, '2020-05-08 14:48:47', 0),
	(9, 1083, 6, 0, 15000000, 1, 0, 15000000, 1, 1, '2020-05-08 14:48:47', 7, '2020-05-08 14:48:47', 0),
	(10, 1083, 3, 0, 60000000, 1, 0, 60000000, 1, 1, '2020-05-08 16:56:23', 7, '2020-05-08 16:56:23', 0),
	(11, 1078, 3, 0, 60000000, 1, 0, 60000000, 1, 0, '2020-05-11 12:45:19', 7, '2020-05-11 12:45:19', 0),
	(12, 1078, 5, 0, 50000000, 1, 0, 50000000, 1, 0, '2020-05-11 12:45:19', 7, '2020-05-11 12:45:19', 0),
	(13, 1078, 4, 0, 1000000, 1, 0, 1000000, 1, 1, '2020-05-11 12:45:19', 7, '2020-05-11 12:45:19', 0),
	(14, 1078, 3, 0, 60000000, 1, 0, 60000000, 1, 0, '2020-05-11 12:45:26', 7, '2020-05-11 12:45:26', 0),
	(15, 1078, 5, 0, 50000000, 1, 0, 50000000, 1, 0, '2020-05-11 12:45:26', 7, '2020-05-11 12:45:26', 0),
	(16, 1078, 4, 0, 1000000, 1, 0, 1000000, 1, 0, '2020-05-11 12:45:26', 7, '2020-05-11 12:45:26', 0),
	(17, 1078, 5, 0, 50000000, 1, 0, 50000000, 1, 0, '2020-05-11 12:47:40', 7, '2020-05-11 12:47:40', 0),
	(18, 1078, 4, 0, 1000000, 1, 0, 1000000, 1, 0, '2020-05-11 12:56:33', 7, '2020-05-11 12:56:33', 0),
	(19, 1078, 2, 0, 25000000, 1, 0, 25000000, 1, 1, '2020-05-12 15:04:41', 7, '2020-05-12 15:04:41', 0),
	(20, 1078, 5, 0, 50000000, 1, 0, 50000000, 1, 1, '2020-05-15 15:31:19', 7, '2020-05-15 15:31:19', 0),
	(21, 1078, 3, 0, 60000000, 1, 0, 60000000, 1, 1, '2020-05-15 15:31:19', 7, '2020-05-15 15:31:19', 0),
	(22, 1078, 4, 0, 1000000, 1, 0, 1000000, 1, 1, '2020-05-15 15:31:19', 7, '2020-05-15 15:31:19', 0),
	(23, 1096, 1, 0, 15000000, 1, 0, 15000000, 1, 0, '2020-05-19 23:32:53', 1, '2020-05-19 23:32:53', 0),
	(24, 1099, 3, 0, 60000000, 1, 0, 60000000, 1, 0, '2020-05-20 16:02:10', 103, '2020-05-20 16:02:10', 0),
	(25, 1096, 3, 0, 60000000, 1, 0, 60000000, 1, 1, '2020-05-21 15:41:06', 1, '2020-05-21 15:41:06', 0),
	(26, 1096, 5, 0, 50000000, 1, 0, 50000000, 1, 0, '2020-05-21 15:41:06', 1, '2020-05-21 15:41:06', 0),
	(27, 1096, 3, 0, 60000000, 1, 0, 60000000, 1, 1, '2020-05-21 15:41:06', 1, '2020-05-21 15:41:06', 0),
	(28, 1105, 3, 0, 60000000, 1, 0, 60000000, 1, 1, '2020-05-21 15:41:37', 1, '2020-05-21 15:41:37', 0),
	(29, 1105, 5, 0, 50000000, 1, 0, 50000000, 1, 1, '2020-05-21 15:41:37', 1, '2020-05-21 15:41:37', 0),
	(30, 1105, 4, 0, 1000000, 1, 0, 1000000, 1, 1, '2020-05-21 15:41:37', 1, '2020-05-21 15:41:37', 0),
	(31, 1106, 1, 0, 15000000, 1, 0, 15000000, 1, 1, '2020-05-21 23:04:33', 1, '2020-05-21 23:04:33', 0),
	(32, 1099, 7, 0, 50000000, 1, 0, 50000000, 1, 0, '2020-05-22 11:42:19', 103, '2020-05-22 11:42:19', 0),
	(33, 1099, 1, 0, 15000000, 1, 0, 15000000, 1, 0, '2020-05-22 11:42:19', 103, '2020-05-22 11:42:19', 0),
	(34, 1099, 1, 0, 15000000, 1, 0, 15000000, 1, 0, '2020-05-22 11:42:19', 103, '2020-05-22 11:42:19', 0),
	(35, 1109, 5, 0, 50000000, 1, 0, 50000000, 1, 0, '2020-05-22 15:37:07', 108, '2020-05-22 15:37:07', 0),
	(36, 1114, 3, 0, 60000000, 1, 0, 60000000, 1, 1, '2020-05-27 21:46:08', 1, '2020-05-27 21:46:08', 0),
	(37, 1053, 5, 0, 50000000, 1, 0, 50000000, 1, 1, '2020-06-23 23:01:04', 1, '2020-06-23 23:01:04', 0),
	(38, 1053, 6, 0, 15000000, 1, 0, 15000000, 1, 1, '2020-06-23 23:01:04', 1, '2020-06-23 23:01:04', 0),
	(39, 1053, 1, 0, 15000000, 1, 0, 15000000, 1, 1, '2020-06-23 23:01:04', 1, '2020-06-23 23:01:04', 0),
	(40, 1118, 3, 0, 60000000, 1, 0, 60000000, 1, 1, '2020-06-26 11:22:26', 1, '2020-06-26 11:22:26', 0),
	(41, 1118, 5, 0, 50000000, 1, 0, 50000000, 1, 1, '2020-06-26 11:22:26', 1, '2020-06-26 11:22:26', 0),
	(42, 1126, 7, 0, 50000000, 1, 0, 50000000, 1, 1, '2020-07-29 16:31:13', 1, '2020-07-29 16:31:13', 0),
	(43, 1128, 2, 0, 25000000, 1, 0, 25000000, 1, 1, '2020-12-10 17:05:26', 103, '2020-12-10 17:05:26', 0),
	(44, 1129, 5, 0, 50000000, 1, 0, 50000000, 1, 1, '2021-04-23 12:10:59', 116, '2021-04-23 12:10:59', 0),
	(45, 1131, 1, 0, 15000000, 1, 0, 15000000, 1, 1, '2021-06-14 17:23:11', 108, '2021-06-14 17:23:11', 0),
	(46, 1140, 14, 0, 5000000, 1, 0, 5000000, 1, 1, '2021-09-23 16:50:31', 109, '2021-09-23 16:50:31', 0),
	(47, 1140, 13, 0, 10000000, 1, 0, 10000000, 1, 1, '2021-09-23 16:50:31', 109, '2021-09-23 16:50:31', 0),
	(48, 1153, 5, 0, 50000000, 1, 0, 50000000, 1, 1, '2023-01-26 14:25:34', 106, '2023-01-26 14:25:34', 0);

-- Dumping structure for table crm.co.id.crm3_lead_source
CREATE TABLE IF NOT EXISTS `crm3_lead_source` (
  `id` int(11) NOT NULL AUTO_INCREMENT,
  `name` varchar(250) NOT NULL DEFAULT '',
  `backgroundColor` varchar(50) NOT NULL DEFAULT 'rgb(136,199,201)',
  `status` int(1) NOT NULL DEFAULT 1,
  `presence` int(1) NOT NULL DEFAULT 1,
  `input_date` datetime NOT NULL DEFAULT '2019-01-01 00:00:00',
  `input_by` int(11) NOT NULL DEFAULT 0,
  `update_date` datetime NOT NULL DEFAULT '2019-01-01 00:00:00',
  `update_by` int(11) NOT NULL DEFAULT 0,
  PRIMARY KEY (`id`)
) ENGINE=InnoDB AUTO_INCREMENT=8 DEFAULT CHARSET=latin1 COLLATE=latin1_swedish_ci;

-- Dumping data for table crm.co.id.crm3_lead_source: ~7 rows (approximately)
INSERT INTO `crm3_lead_source` (`id`, `name`, `backgroundColor`, `status`, `presence`, `input_date`, `input_by`, `update_date`, `update_by`) VALUES
	(1, 'Database', 'rgb(98,160,203)', 1, 1, '2019-01-01 00:00:00', 0, '2019-01-01 00:00:00', 0),
	(2, 'Refferal', 'rgb(75,192,192)', 1, 1, '2019-01-01 00:00:00', 0, '2019-01-01 00:00:00', 0),
	(3, 'Call Out', 'rgb(255,206,86)', 1, 1, '2020-03-07 15:00:30', 1, '2020-03-07 15:00:30', 0),
	(4, 'Call In', 'rgb(255,159,64)', 1, 1, '2020-03-07 15:00:44', 1, '2020-03-07 15:00:44', 0),
	(5, 'Event', 'rgb(153,102,255)', 1, 1, '2020-03-07 15:02:17', 1, '2020-03-07 15:02:17', 0),
	(6, 'Website', 'rgb(255,99,132)', 1, 1, '2020-03-07 15:02:23', 1, '2020-03-07 15:02:23', 0),
	(7, 'Strategic Partner', 'rgb(136,199,201)', 1, 1, '2020-03-24 09:46:57', 1, '2020-03-24 09:46:57', 0);

-- Dumping structure for table crm.co.id.crm3_lead_status
CREATE TABLE IF NOT EXISTS `crm3_lead_status` (
  `id` int(11) NOT NULL AUTO_INCREMENT,
  `name` varchar(250) NOT NULL DEFAULT '',
  `value` int(3) NOT NULL DEFAULT 0,
  `color` varchar(50) NOT NULL DEFAULT '',
  `ilock` int(1) NOT NULL DEFAULT 0,
  `status` int(1) NOT NULL DEFAULT 1,
  `presence` int(1) NOT NULL DEFAULT 1,
  `input_date` datetime NOT NULL DEFAULT '2019-01-01 00:00:00',
  `input_by` int(11) NOT NULL DEFAULT 0,
  `update_date` datetime NOT NULL DEFAULT '2019-01-01 00:00:00',
  `update_by` int(11) NOT NULL DEFAULT 0,
  PRIMARY KEY (`id`)
) ENGINE=InnoDB AUTO_INCREMENT=5 DEFAULT CHARSET=latin1 COLLATE=latin1_swedish_ci;

-- Dumping data for table crm.co.id.crm3_lead_status: ~4 rows (approximately)
INSERT INTO `crm3_lead_status` (`id`, `name`, `value`, `color`, `ilock`, `status`, `presence`, `input_date`, `input_by`, `update_date`, `update_by`) VALUES
	(1, 'Low', 0, 'light', 1, 1, 1, '2019-01-01 00:00:00', 0, '2019-01-01 00:00:00', 0),
	(2, 'Normal', 25, 'green', 0, 1, 1, '2019-01-01 00:00:00', 0, '2019-01-01 00:00:00', 0),
	(3, 'High', 50, 'brown', 0, 1, 1, '2019-01-01 00:00:00', 0, '2019-01-01 00:00:00', 0),
	(4, 'Priority', 90, 'red', 0, 1, 1, '2019-01-01 00:00:00', 0, '2019-01-01 00:00:00', 0);

-- Dumping structure for table crm.co.id.crm3_module
CREATE TABLE IF NOT EXISTS `crm3_module` (
  `id` int(11) NOT NULL AUTO_INCREMENT,
  `name` varchar(50) NOT NULL DEFAULT '',
  `lang1` varchar(50) NOT NULL DEFAULT '',
  `lang2` varchar(50) NOT NULL DEFAULT '',
  `lang3` varchar(50) NOT NULL DEFAULT '',
  `status` int(1) NOT NULL DEFAULT 1,
  `presence` int(1) NOT NULL DEFAULT 1,
  `input_date` datetime NOT NULL DEFAULT '2019-01-01 00:00:00',
  `input_by` int(11) NOT NULL DEFAULT 0,
  `update_date` datetime NOT NULL DEFAULT '2019-01-01 00:00:00',
  `update_by` int(11) NOT NULL DEFAULT 0,
  PRIMARY KEY (`id`),
  UNIQUE KEY `name` (`name`)
) ENGINE=InnoDB AUTO_INCREMENT=2002 DEFAULT CHARSET=latin1 COLLATE=latin1_swedish_ci;

-- Dumping data for table crm.co.id.crm3_module: ~18 rows (approximately)
INSERT INTO `crm3_module` (`id`, `name`, `lang1`, `lang2`, `lang3`, `status`, `presence`, `input_date`, `input_by`, `update_date`, `update_by`) VALUES
	(10, 'dashboard', 'Dashboard', 'Dashboard', 'Dashboard', 1, 1, '2019-01-01 00:00:00', 0, '2019-01-01 00:00:00', 0),
	(100, 'user', 'User', 'User', 'User', 1, 1, '2019-01-01 00:00:00', 0, '2019-01-01 00:00:00', 0),
	(110, 'accessRight', 'Access Right', 'Access Right', 'Access Right', 1, 1, '2019-01-01 00:00:00', 0, '2019-01-01 00:00:00', 0),
	(111, 'accessData', 'Access Data', 'Access Data', 'Access Data', 1, 1, '2019-01-01 00:00:00', 0, '2019-01-01 00:00:00', 0),
	(200, 'lead', 'Lead', 'Lead', 'Lead', 1, 1, '2019-01-01 00:00:00', 0, '2019-01-01 00:00:00', 0),
	(300, 'contact', 'Contact', 'Contact', 'Contact', 1, 1, '2019-01-01 00:00:00', 0, '2019-01-01 00:00:00', 0),
	(400, 'company', 'Company', 'Company', 'Company', 1, 1, '2019-01-01 00:00:00', 0, '2019-01-01 00:00:00', 0),
	(410, 'companyClass', 'Company Class', 'Company Class', 'Company Class', 1, 1, '2019-01-01 00:00:00', 0, '2019-01-01 00:00:00', 0),
	(411, 'CCPriceList', 'Class Price List', 'Class Price List', 'Class Price List', 1, 1, '2019-01-01 00:00:00', 0, '2019-01-01 00:00:00', 0),
	(500, 'opportunity', 'Opportunity', 'Opportunity', 'Opportunity', 1, 1, '2019-01-01 00:00:00', 0, '2019-01-01 00:00:00', 0),
	(510, 'lost', 'Closed Lost', 'Closed Lost', 'Closed Lost', 1, 1, '2019-01-01 00:00:00', 0, '2019-01-01 00:00:00', 0),
	(520, 'deal', 'Deal', 'Deal', 'Deal', 1, 1, '2019-01-01 00:00:00', 0, '2019-01-01 00:00:00', 0),
	(550, 'salesOrder', 'Sales Order', 'Sales Order', 'Sales Order', 1, 1, '2019-01-01 00:00:00', 0, '2019-01-01 00:00:00', 0),
	(600, 'activity', 'Activity', 'Activity', 'Activity', 1, 1, '2019-01-01 00:00:00', 0, '2019-01-01 00:00:00', 0),
	(700, 'product', 'Product', 'Product', 'Product', 1, 1, '2019-01-01 00:00:00', 0, '2019-01-01 00:00:00', 0),
	(710, 'priceList', 'Price List', 'Price List', 'Price List', 1, 1, '2019-01-01 00:00:00', 0, '2019-01-01 00:00:00', 0),
	(800, 'quote', 'Quotation', 'Quotation', 'Quotation', 1, 1, '2019-01-01 00:00:00', 0, '2019-01-01 00:00:00', 0),
	(1000, 'master', 'Master Data', 'Master Data', 'Master Data', 1, 1, '2019-01-01 00:00:00', 0, '2019-01-01 00:00:00', 0),
	(2001, 'po', 'Purchased Order', 'Purchased Order', 'Purchased Order', 1, 1, '2019-01-01 00:00:00', 0, '2019-01-01 00:00:00', 0);

-- Dumping structure for table crm.co.id.crm3_number
CREATE TABLE IF NOT EXISTS `crm3_number` (
  `id` int(4) NOT NULL AUTO_INCREMENT,
  `name` varchar(50) NOT NULL DEFAULT '',
  `runing_number` int(9) NOT NULL DEFAULT 0,
  `digit` int(9) NOT NULL DEFAULT 1,
  `rules` varchar(50) NOT NULL DEFAULT '',
  `latest_request_date` datetime NOT NULL DEFAULT '2019-01-01 00:00:00',
  `latest_request_by` int(9) NOT NULL DEFAULT 0,
  `input_date` datetime NOT NULL DEFAULT '2019-01-01 00:00:00',
  `input_by` int(6) NOT NULL DEFAULT 0,
  `update_date` datetime NOT NULL DEFAULT '2019-01-01 00:00:00',
  `update_by` int(6) NOT NULL DEFAULT 0,
  PRIMARY KEY (`id`),
  UNIQUE KEY `name` (`name`)
) ENGINE=InnoDB AUTO_INCREMENT=12 DEFAULT CHARSET=latin1 COLLATE=latin1_swedish_ci;

-- Dumping data for table crm.co.id.crm3_number: ~11 rows (approximately)
INSERT INTO `crm3_number` (`id`, `name`, `runing_number`, `digit`, `rules`, `latest_request_date`, `latest_request_by`, `input_date`, `input_by`, `update_date`, `update_by`) VALUES
	(1, 'lead', 1160, 1, '', '2026-07-02 13:26:06', 118, '2019-01-01 00:00:00', 0, '2019-01-01 00:00:00', 0),
	(2, 'company', 213, 1, '', '2026-07-02 13:31:19', 118, '2019-01-01 00:00:00', 0, '2019-01-01 00:00:00', 0),
	(3, 'contact', 178, 5, 'CONT', '2026-07-02 13:31:55', 118, '2019-01-01 00:00:00', 0, '2019-01-01 00:00:00', 0),
	(4, 'branch', 11, 1, '', '2019-07-16 19:07:16', 1, '2019-01-01 00:00:00', 0, '2019-01-01 00:00:00', 0),
	(5, 'opportunity', 226, 1, '', '2026-07-02 13:32:24', 118, '2019-01-01 00:00:00', 0, '2019-01-01 00:00:00', 0),
	(6, 'lead_convert', 77, 1, '', '2023-01-26 14:26:20', 106, '2019-01-01 00:00:00', 0, '2019-01-01 00:00:00', 0),
	(7, 'activity', 216, 1, '', '2020-01-22 00:04:46', 7, '2019-01-01 00:00:00', 0, '2019-01-01 00:00:00', 0),
	(8, 'quote', 64, 6, '', '2026-07-02 13:33:15', 118, '2019-01-01 00:00:00', 0, '2019-01-01 00:00:00', 0),
	(9, 'sales_order', 68, 6, '', '2022-09-15 14:43:18', 1, '2019-01-01 00:00:00', 0, '2019-01-01 00:00:00', 0),
	(10, 'deal', 0, 1, '', '2019-01-01 00:00:00', 0, '2019-01-01 00:00:00', 0, '2019-01-01 00:00:00', 0),
	(11, 'user', 117, 1, '', '2020-05-29 17:12:38', 107, '2019-01-01 00:00:00', 0, '2019-01-01 00:00:00', 0);

-- Dumping structure for table crm.co.id.crm3_opportunity
CREATE TABLE IF NOT EXISTS `crm3_opportunity` (
  `id` int(11) NOT NULL AUTO_INCREMENT,
  `code_number` varchar(50) NOT NULL DEFAULT '',
  `closed` int(1) NOT NULL DEFAULT 0,
  `id_closed_reason` int(1) NOT NULL DEFAULT 0,
  `id_stage` int(6) NOT NULL DEFAULT 0,
  `id_opportunity_business` int(3) NOT NULL DEFAULT 0,
  `id_user` int(6) NOT NULL DEFAULT 0,
  `id_lead` int(6) NOT NULL DEFAULT 0,
  `id_contact` int(6) NOT NULL DEFAULT 0,
  `id_company` int(6) NOT NULL DEFAULT 0,
  `id_currency` int(2) NOT NULL DEFAULT 1,
  `id_quote` int(8) NOT NULL DEFAULT 0,
  `sales_order` varchar(50) NOT NULL DEFAULT '',
  `name` varchar(250) NOT NULL DEFAULT '',
  `amount` decimal(15,0) NOT NULL DEFAULT 0,
  `id_lead_source` int(6) NOT NULL DEFAULT 0,
  `start_date` date NOT NULL DEFAULT '2019-01-01',
  `expecting_closing_date` date NOT NULL DEFAULT '2019-01-01',
  `budget` int(11) NOT NULL DEFAULT 0,
  `closed_date` date NOT NULL DEFAULT '2019-01-01',
  `competitor` text NOT NULL,
  `comparison_with_competitor` text NOT NULL,
  `critical_point` text NOT NULL,
  `our_proposal` text NOT NULL,
  `other` text NOT NULL,
  `po` text NOT NULL,
  `notes1` text NOT NULL,
  `notes2` text NOT NULL,
  `notes3` text NOT NULL,
  `status` int(1) NOT NULL DEFAULT 1,
  `presence` int(1) NOT NULL DEFAULT 1,
  `input_date` datetime NOT NULL DEFAULT '2019-01-01 00:00:00',
  `input_by` int(11) NOT NULL DEFAULT 0,
  `update_date` datetime NOT NULL DEFAULT '2019-01-01 00:00:00',
  `update_by` int(11) NOT NULL DEFAULT 0,
  PRIMARY KEY (`id`)
) ENGINE=InnoDB AUTO_INCREMENT=227 DEFAULT CHARSET=latin1 COLLATE=latin1_swedish_ci;

-- Dumping data for table crm.co.id.crm3_opportunity: ~56 rows (approximately)
INSERT INTO `crm3_opportunity` (`id`, `code_number`, `closed`, `id_closed_reason`, `id_stage`, `id_opportunity_business`, `id_user`, `id_lead`, `id_contact`, `id_company`, `id_currency`, `id_quote`, `sales_order`, `name`, `amount`, `id_lead_source`, `start_date`, `expecting_closing_date`, `budget`, `closed_date`, `competitor`, `comparison_with_competitor`, `critical_point`, `our_proposal`, `other`, `po`, `notes1`, `notes2`, `notes3`, `status`, `presence`, `input_date`, `input_by`, `update_date`, `update_by`) VALUES
	(170, '', 1, 0, 1000, 0, 1, 1038, 87, 145, 1, 1, '', 'Project ERP - Core System', 20000000000, 2, '2020-03-07', '2020-10-30', 2000000000, '2020-03-07', 'Netsuite, SAP Business One dan Microsoft Dynamic NAV', 'Proudct kita cukup bersaing tehadap module', 'Harga sangan sentivive', 'Kita akan prpose solusi PCS dan mandays 200 hari', '', '', 'TBD', 'Submit', 'Nunggu keputusan', 1, 1, '2020-03-07 13:57:04', 1, '2020-03-07 14:48:33', 1),
	(171, '', 1, 11, 1000, 0, 103, 1039, 90, 146, 1, 0, '', 'Maju Makmur - Acumatica', 750000000, 1, '2020-03-09', '2020-12-31', 500000000, '2020-04-13', 'MS Dynamics Navision', 'Number of users', 'Features', 'Secara produk OK tapi masih melebihi budgetnya', '', '', '', 'Coba ajukan diskon license tambahan ke Acumatica', 'Sudah OK untuk angka penawaran di 750,000,000', 1, 1, '2020-03-09 09:28:18', 103, '2020-04-13 14:00:50', 103),
	(172, '', 0, 0, 104, 0, 103, 1040, 91, 147, 1, 0, '', 'CRM - Disney Corporation', 1234567936, 1, '2020-03-09', '2020-03-29', 250000000, '2019-01-01', 'MS Dynamics CRM', 'Pricing', 'Feature and Pricing', 'Harganya OK', '', '', '', 'Negosiasi', 'Deal di angka 60,000,000', 1, 1, '2020-03-09 09:50:25', 103, '2020-06-24 15:03:54', 1),
	(173, '', 1, 0, 1000, 0, 1, 0, 95, 150, 1, 2, '', 'CRM dmozzz', 200000000, 4, '2020-03-12', '2020-03-31', 0, '2020-03-12', '', '', '', '', '', '', '', '', '', 1, 1, '2020-03-12 14:26:16', 1, '2020-03-12 15:49:51', 1),
	(174, '', 0, 0, 100, 0, 104, 1044, 96, 151, 1, 0, '', 'Testing Test', 2000000000, 4, '2020-03-12', '2020-06-27', 100000000, '2019-01-01', '', '', '', '', '', '', '', '', '', 1, 1, '2020-03-12 15:25:37', 104, '2020-04-07 14:59:40', 1),
	(175, '', 0, 0, 100, 0, 104, 1049, 98, 152, 1, 0, '', 'Project CRM - Hengki Lucas', 200000000, 3, '2020-03-14', '2020-03-14', 0, '2019-01-01', '', '', '', '', '', '', '', '', '', 1, 1, '2020-03-14 16:36:00', 104, '2020-03-27 14:22:38', 7),
	(176, '', 0, 0, 0, 0, 1, 0, 98, 152, 1, 0, '', 'Project HRIS -  Edo Suhendra', 30000000, 2, '2020-03-14', '2020-03-28', 0, '2019-01-01', '', '', '', '', '', '', '', '', '', 1, 1, '2020-03-14 16:38:12', 1, '2020-03-27 14:22:28', 7),
	(177, '', 1, 0, 3000, 0, 103, 1050, 100, 153, 1, 0, '', 'ERP - Disney Corporation', 250000000, 1, '2020-03-23', '2020-10-31', 200000000, '2020-03-23', 'Oodo', 'Harga Oodo lebih murah, secara fitur menurut bapaknya sama tapi Oodo tidak fleksibel', 'minta dinego harganya', '250,000,000', '', '', '', '', 'Kalah karena harga Oodo lebih kompetitif', 1, 1, '2020-03-23 14:38:44', 103, '2020-03-23 14:51:35', 103),
	(178, '', 1, 0, 1000, 0, 103, 1051, 102, 161, 1, 3, '', 'CRM - Maju Karya Bersama', 0, 1, '2020-03-23', '2020-03-23', 60000000, '2020-03-23', 'Soho', '', '', '', '', '', '', 'Revisi 2 sudah approved', '', 1, 1, '2020-03-23 17:20:25', 103, '2020-03-23 17:31:14', 103),
	(179, '', 1, 11, 1000, 0, 103, 1052, 103, 162, 1, 0, '', 'CR - Maju Karya Bersama Ver 2', 20000000, 5, '2020-03-24', '2020-08-15', 0, '2020-06-16', '', '', '', '', '', '', '', '', 'manang', 1, 1, '2020-03-24 09:32:41', 103, '2020-06-16 15:52:10', 1),
	(180, '', 0, 0, 1000, 0, 103, 1054, 106, 164, 1, 4, '', 'CRM - Berkah Jaya', 0, 1, '2020-03-27', '2020-03-27', 30000000, '2020-03-27', 'belum ada', 'NA', 'bisa untuk trace mulai dari company, lead, opportunity sampai deal', 'harga 25,000,000', '', '', '', '', '', 1, 1, '2020-03-27 11:03:23', 103, '2020-06-16 15:50:55', 1),
	(181, '', 1, 7, 1000, 0, 103, 0, 107, 169, 1, 5, '', 'CRM - Retail Bahagia Selalu', 60000000, 3, '2020-04-01', '2020-04-30', 40000000, '2020-04-01', 'Zoho', 'User friendly', 'UI and accessibilty', 'Out of budget, do the negotiation', '', '', '', 'Revisi', 'Sudah diapprove customernya', 1, 1, '2020-04-01 15:24:30', 103, '2020-04-01 15:35:46', 103),
	(182, '', 1, 9, 3000, 0, 103, 1059, 108, 169, 1, 6, '', 'ERP - Retail Bahagia Selalu', 150000000, 1, '2020-04-01', '2020-04-30', 0, '2020-04-01', 'Erasoft, Gold, Accurate, Oodo', 'Price, fitur perlu simple', 'price', '', '', '', '', '', '', 1, 1, '2020-04-01 16:11:15', 103, '2020-04-01 16:38:17', 103),
	(183, '', 1, 7, 1000, 0, 107, 1060, 110, 170, 1, 7, '', 'ERP - Jaya Makmur', 150000000, 3, '2020-04-01', '2020-04-30', 0, '2020-04-01', 'SAP, Oracle, Navision', 'Price, feature dan UI. ', 'Feature, ibunya mau yang bisa akomodir kebutuhannya', '', '', '', '', 'Kirim quote ke ibunya', 'Ibunya sudah ok mau pakai acumatica', 1, 1, '2020-04-01 17:18:00', 107, '2020-04-01 17:30:44', 107),
	(184, '', 1, 7, 1000, 0, 103, 1061, 112, 163, 1, 8, '', 'CRM - Bangun Perkasa', 50000000, 4, '2020-04-02', '2020-04-30', 40000000, '2020-04-02', 'NA', '', '', '', '', '', '', 'Direject oleh customernya karena budget tidak masuk. Coba submit lagi pakai diskon', 'Revisi quotation dengan diskon 10% dan diapprove', 1, 1, '2020-04-02 14:40:12', 103, '2020-04-02 15:03:49', 103),
	(185, '', 1, 7, 1000, 0, 108, 1062, 113, 170, 1, 10, '', 'Custom - Jaya Makmur', 25000000, 1, '2020-04-02', '2020-04-30', 0, '2020-04-02', '', '', '', '', '', '', '', '', '', 1, 1, '2020-04-02 16:30:27', 108, '2020-04-02 17:01:48', 108),
	(186, '', 1, 7, 1000, 0, 108, 1063, 115, 171, 1, 11, '', 'Support - Subur Makmur', 20000000, 3, '2020-04-03', '2020-04-30', 0, '2020-04-03', '', '', '', '', '', '', '', 'Sudah diapprove dengan diskon 10%', '', 1, 1, '2020-04-03 11:21:30', 108, '2020-04-03 11:35:04', 108),
	(187, '', 1, 9, 3000, 0, 108, 1064, 117, 172, 1, 12, '', 'ERP - Taiho Indonesia', 600000000, 3, '2020-04-03', '2020-04-30', 0, '2020-04-06', 'SAP, Oracle, NAV', '', '', '', '', '', '', 'Ditolak oleh customernya katanya kemahalan.', '', 1, 1, '2020-04-03 14:25:32', 108, '2020-04-06 11:55:31', 108),
	(188, '', 1, 7, 1000, 0, 108, 1068, 121, 174, 1, 13, '', 'ERP - Crane Equipindo', 450000000, 1, '2020-04-06', '2020-05-31', 300000000, '2020-04-06', 'Infor Sunsystem, MS Dynamics NAV, SAP B1', 'Fitur dan harga', 'Harga dan apakah sistemnya bisa mengakomodir kebutuhan bapaknya.', 'Coba ajukan dulu', '', '', '', 'Untuk quotation ini direject customernya karena dinilai terlalu mahal, coba revisi dengan submit diskon tapi masih direject juga. Coba assign ke ang untuk tambahan diskon.\n(Ang) Ok sudah diberikan diskon 20% coba disubmit lagi', '', 1, 1, '2020-04-06 10:40:09', 108, '2020-04-06 11:48:29', 108),
	(189, '', 1, 7, 1000, 0, 108, 1069, 123, 174, 1, 14, '', 'CRM - Crane Equipindo', 0, 2, '2020-04-06', '2020-04-30', 25000000, '2020-04-06', 'belum ada, kalo cocok fitur dan harga bisa langsung sama kita', '', '', '', '', '', '', 'Sudah approved oleh ibunya', '', 1, 1, '2020-04-06 15:08:27', 108, '2020-04-06 16:40:59', 108),
	(190, '', 1, 7, 1000, 0, 108, 1072, 128, 177, 1, 15, '', 'ERP - Food Distribusindo', 450000000, 1, '2020-04-07', '2020-04-30', 400000000, '2020-04-07', 'NA', 'Fitur dan harga', '', 'Revisi harga dengan menggunakan diskon karena budget mereka di Rp. 400,000,000', '', '', '', 'Sudah diapprove oleh customernya', '', 1, 1, '2020-04-07 14:13:58', 108, '2020-04-07 15:17:14', 108),
	(191, '', 0, 0, 0, 0, 1, 0, 129, 176, 1, 0, '', 'ERP Project', 100000000, 4, '2020-04-07', '2020-04-30', 0, '2019-01-01', '', '', '', '', '', '', '', '', '', 1, 1, '2020-04-07 14:51:40', 1, '2020-04-07 14:51:40', 0),
	(192, '', 0, 0, 101, 0, 106, 0, 126, 176, 1, 0, '', 'Project HRIS', 80000000, 1, '2020-04-07', '2020-04-30', 0, '2019-01-01', '', '', '', '', '', '', '', '', '', 1, 1, '2020-04-07 14:53:54', 106, '2023-01-26 14:27:44', 106),
	(193, '', 1, 7, 1000, 0, 106, 1073, 130, 178, 1, 16, '', 'Project ERP', 23000000, 2, '2020-04-07', '2020-05-30', 100000000, '2020-04-07', 'ERP lainnya', 'Bla... bla... bla..Bla... bla... bla..Bla... bla... bla..Bla... bla... bla..', 'Bla... bla... bla..Bla... bla... bla..Bla... bla... bla..Bla... bla... bla..Bla... bla... bla..', 'Bla... bla... bla..Bla... bla... bla..Bla... bla... bla..Bla... bla... bla..Bla... bla... bla..Bla... bla... bla..', '', '', 'Bla... bla... bla..Bla... bla... bla..Bla... bla... bla..', '', '', 1, 1, '2020-04-07 15:11:25', 106, '2020-04-07 15:27:28', 106),
	(194, '', 1, 11, 1000, 0, 107, 1074, 132, 179, 1, 20, '', 'HRIS - Amazone Indonesia Technology', 0, 3, '2020-04-07', '2020-06-30', 0, '2020-06-16', 'Belum ada karena baru review dulu', 'NA', 'Fitur ', 'Sudah submit tapi masih pending karena untuk kebutuhan ini di bulan juni', '', '', '', 'Revisi harga', 'Customer sudah setuju dengan harga yang sudah direvisi', 1, 1, '2020-04-07 16:59:26', 107, '2020-06-16 09:35:58', 107),
	(195, '', 0, 0, 100, 0, 103, 1076, 134, 180, 1, 0, '', 'HRIS - Indosehat Makmur', 0, 1, '2020-04-08', '2020-04-30', 0, '2019-01-01', '', '', '', '', '', '', '', '', '', 1, 1, '2020-04-08 13:56:56', 103, '2020-04-08 13:56:56', 0),
	(196, '', 0, 0, 101, 0, 109, 0, 135, 181, 1, 0, '', 'Project Design Banner ', 0, 3, '2020-04-08', '2020-07-18', 0, '2019-01-01', '', '', '', '', '', '', '', '', '', 1, 1, '2020-04-08 14:13:58', 109, '2020-06-24 16:57:23', 1),
	(197, '', 0, 0, 100, 0, 107, 1079, 136, 182, 1, 0, '', 'HRIS - Elektroda Indonesia', 0, 6, '2020-04-09', '2020-04-30', 0, '2019-01-01', '', '', '', '', '', '', '', '', '', 1, 1, '2020-04-09 11:17:38', 107, '2020-04-09 11:17:38', 0),
	(198, '', 0, 0, 100, 0, 103, 1082, 138, 167, 1, 0, '', 'Metal Gear Games project ', 1000000000, 1, '2020-04-14', '2020-05-23', 0, '2019-01-01', '', '', '', '', '', '', '', '', '', 1, 1, '2020-04-14 11:12:05', 103, '2020-04-14 11:12:05', 0),
	(199, '', 0, 0, 101, 0, 103, 0, 137, 183, 1, 19, '', 'ERP - Amexindo', 450000000, 1, '2020-04-14', '2020-04-30', 0, '2019-01-01', '', '', '', 'Ditolak karena harga terlalu mahal, coba kasih diskon', '', '', '', 'Pending karena menurut bapaknya masih mahal', '', 1, 1, '2020-04-14 11:20:54', 103, '2020-06-24 17:19:50', 1),
	(200, '', 0, 0, 103, 0, 103, 1098, 144, 184, 1, 0, '', 'ERP - Era Bersama', 150000000, 1, '2020-05-20', '2020-07-01', 0, '2019-01-01', '', '', '', '', '', '', '', '', '', 1, 1, '2020-05-20 13:47:31', 103, '2020-06-24 17:20:56', 1),
	(201, '', 1, 11, 1000, 0, 1, 1123, 148, 188, 1, 22, '', 'Project HRIS', 200000000, 5, '2020-06-20', '2020-07-30', 200000000, '2020-06-20', '', 'Andal Software\nZahir\nMaketo', 'Harga yang murah', 'Unlimiteid license', '', '', 'Note only', '', '', 1, 1, '2020-06-20 22:05:57', 1, '2020-06-20 22:30:22', 1),
	(202, '', 0, 0, 104, 0, 103, 1108, 149, 164, 1, 23, '', 'Berkah Jaya - ERP', 0, 1, '2020-06-22', '2020-07-05', 100000000, '2019-01-01', '', 'SAP', 'Feature', '', '', '', '', '', '', 1, 1, '2020-06-22 14:26:40', 103, '2020-07-03 16:15:48', 103),
	(203, '', 0, 0, 101, 0, 116, 0, 146, 186, 1, 0, '', 'Prestasi Mandiri ve r1', 1234567894, 1, '2020-06-24', '2020-06-28', 0, '2019-01-01', '', '', '', '', '', '', '', '', '', 1, 1, '2020-06-24 17:29:09', 1, '2020-06-24 17:29:21', 1),
	(204, '', 0, 0, 0, 0, 1, 0, 146, 186, 1, 0, '', 'Testing ver 2 jangan update stage', 123456789, 1, '2020-06-24', '2020-06-27', 0, '2019-01-01', '', '', '', '', '', '', '', '', '', 1, 0, '2020-06-24 17:30:00', 1, '2020-06-24 17:30:24', 1),
	(205, '', 0, 0, 100, 0, 1, 0, 146, 186, 1, 0, '', 'Jangan update stage ini', 1234567890, 5, '2020-06-24', '2020-06-28', 0, '2019-01-01', '', '', '', '', '', '', '', '', '', 1, 1, '2020-06-24 17:30:46', 1, '2020-06-24 17:30:46', 0),
	(206, '', 0, 0, 103, 0, 103, 1124, 151, 190, 1, 0, '', 'ERP - J Trading', 300000000, 3, '2020-07-01', '2020-08-31', 250000000, '2019-01-01', 'SAP B1, Netsuite', 'SAP B1 has desktop platform, Netsuite only available for SaaS', 'Feature and UI', 'Submit for standard implementation', '', '', '', '', '', 1, 1, '2020-07-01 09:38:01', 103, '2020-07-03 16:22:46', 103),
	(207, '', 1, 11, 1000, 0, 103, 1081, 152, 191, 1, 24, '', 'HRIS - QUAILCOM', 100000000, 1, '2020-07-01', '2020-07-31', 0, '2020-07-03', '', '', '', '', '', '', '', 'Customer approved the revised quotation', '', 1, 1, '2020-07-01 13:46:42', 103, '2020-07-03 17:22:31', 103),
	(208, '', 0, 0, 100, 0, 1, 1126, 153, 192, 1, 0, '', 'Project abc', 100000000, 4, '2020-07-29', '2020-09-30', 0, '2019-01-01', '', '', '', '', '', '', '', '', '', 1, 1, '2020-07-29 16:32:33', 1, '2020-07-29 16:32:33', 0),
	(209, '', 1, 11, 1000, 0, 1, 1127, 154, 193, 1, 27, '', 'Kebutuhan ERP', 1000000000, 1, '2020-08-05', '2020-09-30', 0, '2020-08-05', 'SAP', 'a', 'ab', 'c', '', '', 'd', 'fdsf', '', 1, 1, '2020-08-05 17:17:45', 1, '2020-08-05 17:23:38', 1),
	(210, '', 0, 0, 103, 0, 109, 1075, 156, 195, 1, 0, '', 'Testing', 120000000, 1, '2021-04-23', '2021-04-30', 0, '2019-01-01', 'sdfdf', 'Bang mrk mahal', 'harus mulus', 'masukin sofwtewr ini', '', '', 'wqerere', '', '', 1, 1, '2021-04-23 12:25:57', 109, '2021-04-23 12:27:05', 109),
	(211, '', 1, 11, 1000, 0, 108, 1131, 157, 196, 1, 28, '', 'Berkat - ERP', 15000000, 5, '2021-06-14', '2021-07-31', 15000000, '2021-06-14', 'Netsuite, SAP B1, Oracle', 'Jumlah user, fleksibilitas, harga', 'Harga', 'Harganya masih masuk', '', '', '', 'Submit Quotation', '', 1, 1, '2021-06-14 17:23:49', 108, '2021-06-14 17:32:37', 108),
	(212, '', 0, 0, 103, 0, 108, 1109, 158, 197, 1, 0, '', 'HRIS - Pipe Steel Indonesia', 0, 1, '2021-06-15', '2021-08-31', 30000000, '2019-01-01', 'Sunfish', 'Price & Feature', 'Price', 'belum disubmit', '', '', '', '', '', 1, 1, '2021-06-15 08:58:29', 108, '2021-06-15 09:00:55', 108),
	(213, '', 1, 11, 1000, 0, 108, 1132, 159, 198, 1, 30, '', 'ERP - Maju Jaya', 30000000, 1, '2021-07-02', '2021-07-31', 30000000, '2021-07-02', 'Tidak ada', 'NA', 'Fitur', 'Not yet submitted', '', '', '', '', '', 1, 1, '2021-07-02 14:55:20', 108, '2021-07-02 15:02:51', 108),
	(214, '', 1, 11, 1000, 0, 108, 1133, 160, 199, 1, 31, '', 'CRM - Umbrella', 25000000, 1, '2021-07-30', '2021-09-01', 25000000, '2021-07-30', '', 'Price and feature', 'Price', 'Not yet submitted', '', '', '', '', '', 1, 1, '2021-07-30 16:20:34', 108, '2021-07-30 16:26:13', 108),
	(215, '', 1, 11, 1000, 0, 108, 1136, 162, 201, 1, 0, '', 'ERP - Foodindo', 45000000, 3, '2021-08-03', '2021-10-01', 45000000, '2021-08-03', '', 'Price & Fitur', 'Price', 'Not yet', '', '', '', '', 'Menang', 1, 1, '2021-08-03 16:08:04', 108, '2021-08-03 16:14:06', 108),
	(216, '', 1, 11, 1000, 0, 108, 1137, 163, 202, 1, 33, '', 'ERP - Techadvance', 45000000, 1, '2021-08-13', '2021-08-31', 40000000, '2021-08-13', 'NA', 'Price & Feature', 'Feature', 'Not yet', '', '', '', '', '', 1, 1, '2021-08-13 14:43:27', 108, '2021-08-13 14:49:50', 107),
	(217, '', 1, 8, 1000, 0, 108, 1138, 164, 203, 1, 34, '', 'ERP - Indohealth', 30000000, 2, '2021-08-13', '2021-09-30', 30000000, '2021-08-13', 'Netsuite', 'Price and feature', 'Price', 'Not yet', '', '', '', '', '', 1, 1, '2021-08-13 15:11:39', 108, '2021-08-13 15:16:53', 107),
	(218, '', 1, 8, 1000, 0, 108, 1139, 165, 204, 1, 35, '', 'SalesTrax - Universal Crane Indonesia', 50000000, 1, '2021-08-13', '2021-09-30', 50000000, '2021-08-13', '', 'Price & Feature', 'Feature', 'Not yet', '', '', '', '', '', 1, 1, '2021-08-13 16:05:11', 108, '2021-08-13 16:12:57', 107),
	(219, '', 1, 8, 1000, 0, 1, 1143, 166, 205, 1, 36, '', 'Kenutuha  alat', 0, 6, '2021-12-26', '2021-12-26', 450000000, '2021-12-26', 'Pt xyz', 'Wah kita baggz', 'Di harga', 'Kita gaea', '', '', '', '', '', 1, 1, '2021-12-26 13:40:58', 1, '2021-12-26 14:40:30', 1),
	(220, '', 1, 11, 1000, 0, 103, 1144, 167, 206, 1, 37, '', 'Butuh alat operaso', 1000000000, 5, '2022-01-18', '2022-02-06', 2000000000, '2022-01-18', 'Pt xyz', 'Bal bla bla', 'Bla bla', 'Bla bla', '', '', '', '', '', 1, 1, '2022-01-18 12:22:27', 103, '2022-01-18 12:31:39', 103),
	(221, '', 1, 8, 1000, 0, 103, 1146, 168, 207, 1, 38, '', 'Butuh alat mri', 800000000, 1, '2022-01-18', '2022-01-29', 850000000, '2022-01-18', 'PT A dan PT B', 'Harga lbih ', 'desin mrk lebih mkokh', 'solusi masukin ini aja', '', '', 'Notes', 'yes ini proposal di setujui', '', 1, 1, '2022-01-18 15:56:06', 103, '2022-01-18 16:01:42', 1),
	(222, '', 1, 9, 3000, 0, 1, 1149, 170, 209, 1, 39, '', 'Investasi Emas', 20000000, 1, '2022-09-15', '2022-09-30', 250000000, '2022-09-15', 'bank lainnya', 'bagus an kita', 'bagus an kita', 'bagus an kita', '', '', 'bagus an kita', 'Test', 'Lost', 1, 1, '2022-09-15 11:53:57', 1, '2022-09-15 12:03:23', 1),
	(223, '', 1, 8, 1000, 0, 1, 1150, 171, 210, 1, 40, '', 'Mau beli Forex', 100000000, 5, '2022-09-15', '2022-09-30', 200000000, '2022-09-15', 'bank A, Bank B', 'Bank A ini bagus di sini bank bn bagus di mana', 'Bank A ini bagus di sini bank bn bagus di mana', 'Bank A ini bagus di sini bank bn bagus di mana', '', '', 'Bank A ini bagus di sini bank bn bagus di mana', 'ini harg terbaik kiita', '', 1, 1, '2022-09-15 14:34:38', 1, '2022-09-15 14:42:58', 1),
	(224, '', 1, 11, 1000, 0, 103, 1152, 173, 211, 1, 41, '', 'Kebuthan USD Deposito', 500000000, 1, '2022-12-22', '2022-12-31', 500000000, '2022-12-22', 'mandiri', 'solusi berjang', 'solusi berjang', 'solusi berjang', '', '', 'solusi berjang', '', '', 1, 1, '2022-12-22 16:14:39', 103, '2022-12-22 16:20:43', 1),
	(225, '', 0, 0, 100, 0, 0, 0, 176, 192, 1, 0, '', 'Acumatica ERP Implementation', 2000000000, 1, '2026-06-19', '2026-10-15', 0, '2019-01-01', '', '', '', '', '', '', '', '', '', 1, 1, '2026-06-19 14:06:56', 0, '2026-06-19 14:06:56', 0),
	(226, '', 1, 8, 1000, 0, 118, 0, 178, 213, 1, 0, '', 'A1-1-1', 100000000, 4, '2026-07-02', '2026-09-25', 0, '2026-07-02', '', '', '', '', '', '', '', '', '', 1, 1, '2026-07-02 13:32:24', 118, '2026-07-02 13:35:34', 118);

-- Dumping structure for table crm.co.id.crm3_opportunity_business
CREATE TABLE IF NOT EXISTS `crm3_opportunity_business` (
  `id` int(4) NOT NULL AUTO_INCREMENT,
  `name` varchar(250) NOT NULL DEFAULT '',
  `presence` int(9) NOT NULL DEFAULT 1,
  `input_date` datetime NOT NULL DEFAULT '2020-01-01 00:00:00',
  `input_by` int(9) NOT NULL DEFAULT 0,
  `update_date` datetime NOT NULL DEFAULT '2020-01-01 00:00:00',
  `update_by` int(9) NOT NULL DEFAULT 0,
  PRIMARY KEY (`id`)
) ENGINE=InnoDB AUTO_INCREMENT=3 DEFAULT CHARSET=latin1 COLLATE=latin1_swedish_ci;

-- Dumping data for table crm.co.id.crm3_opportunity_business: ~2 rows (approximately)
INSERT INTO `crm3_opportunity_business` (`id`, `name`, `presence`, `input_date`, `input_by`, `update_date`, `update_by`) VALUES
	(1, 'New Business', 1, '2020-01-01 00:00:00', 0, '2020-01-01 00:00:00', 0),
	(2, 'Existing Business', 1, '2020-01-01 00:00:00', 0, '2020-01-01 00:00:00', 0);

-- Dumping structure for table crm.co.id.crm3_opportunity_closed_reason
CREATE TABLE IF NOT EXISTS `crm3_opportunity_closed_reason` (
  `id` int(9) NOT NULL AUTO_INCREMENT,
  `note` varchar(250) DEFAULT '',
  `closed_win` int(1) DEFAULT 1,
  `presence` int(1) DEFAULT 1,
  `input_date` datetime DEFAULT '2020-01-01 00:00:00',
  `update_date` datetime DEFAULT '2020-01-01 00:00:00',
  PRIMARY KEY (`id`)
) ENGINE=InnoDB AUTO_INCREMENT=13 DEFAULT CHARSET=latin1 COLLATE=latin1_swedish_ci;

-- Dumping data for table crm.co.id.crm3_opportunity_closed_reason: ~6 rows (approximately)
INSERT INTO `crm3_opportunity_closed_reason` (`id`, `note`, `closed_win`, `presence`, `input_date`, `update_date`) VALUES
	(7, 'Menang Baik', 1, 1, '2020-03-31 01:21:14', '2020-03-31 01:21:14'),
	(8, 'Fitur Bagus', 1, 1, '2020-03-31 01:21:39', '2021-07-30 15:02:50'),
	(9, 'Gagal ', 0, 1, '2020-03-31 01:21:45', '2021-07-30 15:03:02'),
	(10, 'Kompetitor', 0, 1, '2020-03-31 01:21:53', '2021-07-30 15:02:57'),
	(11, 'Good Price', 1, 1, '2020-04-08 10:42:25', '2020-04-08 10:42:25'),
	(12, 'Not Competitive Price', 0, 1, '2020-04-08 10:42:49', '2020-04-08 10:42:49');

-- Dumping structure for table crm.co.id.crm3_opportunity_log
CREATE TABLE IF NOT EXISTS `crm3_opportunity_log` (
  `id` int(11) NOT NULL AUTO_INCREMENT,
  `id_opportunity` int(6) NOT NULL DEFAULT 0,
  `id_user` int(6) NOT NULL DEFAULT 0,
  `id_stage` int(6) NOT NULL DEFAULT 0,
  `id_currency` int(3) NOT NULL DEFAULT 0,
  `amount` float(12,0) NOT NULL DEFAULT 0,
  `status` int(1) NOT NULL DEFAULT 1,
  `presence` int(1) NOT NULL DEFAULT 1,
  `input_date` datetime NOT NULL DEFAULT '2019-01-01 00:00:00',
  `input_by` int(11) NOT NULL DEFAULT 0,
  `update_date` datetime NOT NULL DEFAULT '2019-01-01 00:00:00',
  `update_by` int(11) NOT NULL DEFAULT 0,
  PRIMARY KEY (`id`)
) ENGINE=InnoDB AUTO_INCREMENT=158 DEFAULT CHARSET=latin1 COLLATE=latin1_swedish_ci;

-- Dumping data for table crm.co.id.crm3_opportunity_log: ~154 rows (approximately)
INSERT INTO `crm3_opportunity_log` (`id`, `id_opportunity`, `id_user`, `id_stage`, `id_currency`, `amount`, `status`, `presence`, `input_date`, `input_by`, `update_date`, `update_by`) VALUES
	(1, 170, 1, 100, 1, 20000000000, 1, 1, '2020-03-07 14:28:56', 1, '2020-03-07 14:28:56', 0),
	(2, 170, 1, 101, 1, 20000000000, 1, 1, '2020-03-07 14:34:12', 1, '2020-03-07 14:34:12', 0),
	(3, 170, 1, 103, 1, 20000000000, 1, 1, '2020-03-07 14:46:42', 1, '2020-03-07 14:46:42', 0),
	(4, 170, 1, 104, 1, 20000000000, 1, 1, '2020-03-07 14:47:27', 1, '2020-03-07 14:47:27', 0),
	(5, 170, 1, 104, 1, 20000000000, 1, 1, '2020-03-07 14:48:33', 1, '2020-03-07 14:48:33', 0),
	(6, 170, 1, 0, 1, 20000000000, 1, 1, '2020-03-07 14:48:33', 1, '2020-03-07 14:48:33', 0),
	(7, 171, 103, 100, 1, 750000000, 1, 1, '2020-03-09 09:28:57', 103, '2020-03-09 09:28:57', 0),
	(8, 171, 103, 101, 1, 750000000, 1, 1, '2020-03-09 09:29:30', 103, '2020-03-09 09:29:30', 0),
	(9, 171, 103, 103, 1, 750000000, 1, 1, '2020-03-09 09:29:48', 103, '2020-03-09 09:29:48', 0),
	(10, 171, 103, 104, 1, 750000000, 1, 1, '2020-03-09 09:33:21', 103, '2020-03-09 09:33:21', 0),
	(11, 171, 103, 0, 1, 750000000, 1, 1, '2020-03-09 09:33:21', 103, '2020-03-09 09:33:21', 0),
	(12, 172, 103, 100, 1, 50000000, 1, 1, '2020-03-09 09:51:57', 103, '2020-03-09 09:51:57', 0),
	(13, 172, 103, 101, 1, 50000000, 1, 1, '2020-03-09 09:52:19', 103, '2020-03-09 09:52:19', 0),
	(14, 172, 103, 103, 1, 50000000, 1, 1, '2020-03-09 09:53:03', 103, '2020-03-09 09:53:03', 0),
	(15, 173, 1, 0, 1, 200000000, 1, 1, '2020-03-12 15:44:21', 1, '2020-03-12 15:44:21', 0),
	(16, 173, 1, 101, 1, 200000000, 1, 1, '2020-03-12 15:44:22', 1, '2020-03-12 15:44:22', 0),
	(17, 173, 1, 103, 1, 200000000, 1, 1, '2020-03-12 15:49:46', 1, '2020-03-12 15:49:46', 0),
	(18, 173, 1, 104, 1, 200000000, 1, 1, '2020-03-12 15:49:51', 1, '2020-03-12 15:49:51', 0),
	(19, 173, 1, 0, 1, 200000000, 1, 1, '2020-03-12 15:49:51', 1, '2020-03-12 15:49:51', 0),
	(20, 177, 103, 100, 1, 250000000, 1, 1, '2020-03-23 14:39:17', 103, '2020-03-23 14:39:17', 0),
	(21, 177, 103, 101, 1, 250000000, 1, 1, '2020-03-23 14:50:56', 103, '2020-03-23 14:50:56', 0),
	(22, 177, 103, 103, 1, 250000000, 1, 1, '2020-03-23 14:51:08', 103, '2020-03-23 14:51:08', 0),
	(23, 177, 103, 104, 1, 250000000, 1, 1, '2020-03-23 14:51:35', 103, '2020-03-23 14:51:35', 0),
	(24, 177, 103, 0, 1, 250000000, 1, 1, '2020-03-23 14:51:35', 103, '2020-03-23 14:51:35', 0),
	(25, 178, 103, 100, 1, 0, 1, 1, '2020-03-23 17:30:36', 103, '2020-03-23 17:30:36', 0),
	(26, 178, 103, 101, 1, 0, 1, 1, '2020-03-23 17:30:39', 103, '2020-03-23 17:30:39', 0),
	(27, 178, 103, 103, 1, 0, 1, 1, '2020-03-23 17:31:05', 103, '2020-03-23 17:31:05', 0),
	(28, 178, 103, 104, 1, 0, 1, 1, '2020-03-23 17:31:14', 103, '2020-03-23 17:31:14', 0),
	(29, 178, 103, 0, 1, 0, 1, 1, '2020-03-23 17:31:14', 103, '2020-03-23 17:31:14', 0),
	(30, 180, 103, 100, 1, 0, 1, 1, '2020-03-27 11:05:00', 103, '2020-03-27 11:05:00', 0),
	(31, 180, 103, 101, 1, 0, 1, 1, '2020-03-27 11:05:44', 103, '2020-03-27 11:05:44', 0),
	(32, 180, 103, 103, 1, 0, 1, 1, '2020-03-27 11:21:06', 103, '2020-03-27 11:21:06', 0),
	(33, 180, 103, 104, 1, 0, 1, 1, '2020-03-27 11:21:17', 103, '2020-03-27 11:21:17', 0),
	(34, 180, 103, 0, 1, 0, 1, 1, '2020-03-27 11:21:17', 103, '2020-03-27 11:21:17', 0),
	(35, 180, 103, 1000, 1, 0, 1, 1, '2020-03-27 11:21:43', 103, '2020-03-27 11:21:43', 0),
	(36, 180, 103, 101, 1, 0, 1, 1, '2020-03-27 11:21:56', 103, '2020-03-27 11:21:56', 0),
	(37, 180, 103, 103, 1, 0, 1, 1, '2020-03-27 11:32:39', 103, '2020-03-27 11:32:39', 0),
	(38, 180, 103, 0, 1, 0, 1, 1, '2020-03-27 11:32:39', 103, '2020-03-27 11:32:39', 0),
	(39, 181, 103, 0, 1, 60000000, 1, 1, '2020-04-01 15:30:39', 103, '2020-04-01 15:30:39', 0),
	(40, 181, 103, 101, 1, 60000000, 1, 1, '2020-04-01 15:31:13', 103, '2020-04-01 15:31:13', 0),
	(41, 181, 103, 103, 1, 60000000, 1, 1, '2020-04-01 15:31:23', 103, '2020-04-01 15:31:23', 0),
	(42, 182, 103, 100, 1, 150000000, 1, 1, '2020-04-01 16:13:49', 103, '2020-04-01 16:13:49', 0),
	(43, 182, 103, 101, 1, 150000000, 1, 1, '2020-04-01 16:14:22', 103, '2020-04-01 16:14:22', 0),
	(44, 182, 103, 103, 1, 150000000, 1, 1, '2020-04-01 16:14:32', 103, '2020-04-01 16:14:32', 0),
	(45, 183, 107, 100, 1, 150000000, 1, 1, '2020-04-01 17:22:11', 107, '2020-04-01 17:22:11', 0),
	(46, 183, 107, 101, 1, 150000000, 1, 1, '2020-04-01 17:23:12', 107, '2020-04-01 17:23:12', 0),
	(47, 183, 107, 103, 1, 150000000, 1, 1, '2020-04-01 17:29:55', 107, '2020-04-01 17:29:55', 0),
	(48, 184, 103, 100, 1, 50000000, 1, 1, '2020-04-02 14:50:06', 103, '2020-04-02 14:50:06', 0),
	(49, 184, 103, 101, 1, 50000000, 1, 1, '2020-04-02 14:50:14', 103, '2020-04-02 14:50:14', 0),
	(50, 184, 103, 103, 1, 50000000, 1, 1, '2020-04-02 14:53:23', 103, '2020-04-02 14:53:23', 0),
	(51, 185, 108, 100, 1, 25000000, 1, 1, '2020-04-02 16:53:38', 108, '2020-04-02 16:53:38', 0),
	(52, 185, 108, 101, 1, 25000000, 1, 1, '2020-04-02 16:56:15', 108, '2020-04-02 16:56:15', 0),
	(53, 185, 108, 101, 1, 25000000, 1, 1, '2020-04-02 16:57:03', 108, '2020-04-02 16:57:03', 0),
	(54, 185, 108, 103, 1, 25000000, 1, 1, '2020-04-02 17:01:18', 108, '2020-04-02 17:01:18', 0),
	(55, 186, 108, 100, 1, 20000000, 1, 1, '2020-04-03 11:30:04', 108, '2020-04-03 11:30:04', 0),
	(56, 186, 108, 101, 1, 20000000, 1, 1, '2020-04-03 11:30:11', 108, '2020-04-03 11:30:11', 0),
	(57, 186, 108, 103, 1, 20000000, 1, 1, '2020-04-03 11:30:26', 108, '2020-04-03 11:30:26', 0),
	(58, 187, 108, 100, 1, 600000000, 1, 1, '2020-04-03 15:56:46', 108, '2020-04-03 15:56:46', 0),
	(59, 188, 108, 100, 1, 450000000, 1, 1, '2020-04-06 10:47:36', 108, '2020-04-06 10:47:36', 0),
	(60, 188, 108, 101, 1, 450000000, 1, 1, '2020-04-06 11:07:36', 108, '2020-04-06 11:07:36', 0),
	(61, 188, 108, 103, 1, 450000000, 1, 1, '2020-04-06 11:09:52', 108, '2020-04-06 11:09:52', 0),
	(62, 187, 108, 101, 1, 600000000, 1, 1, '2020-04-06 11:55:23', 108, '2020-04-06 11:55:23', 0),
	(63, 189, 108, 100, 1, 0, 1, 1, '2020-04-06 16:40:37', 108, '2020-04-06 16:40:37', 0),
	(64, 189, 108, 101, 1, 0, 1, 1, '2020-04-06 16:40:42', 108, '2020-04-06 16:40:42', 0),
	(65, 189, 108, 103, 1, 0, 1, 1, '2020-04-06 16:40:52', 108, '2020-04-06 16:40:52', 0),
	(66, 190, 108, 100, 1, 450000000, 1, 1, '2020-04-07 14:18:31', 108, '2020-04-07 14:18:31', 0),
	(67, 190, 108, 101, 1, 450000000, 1, 1, '2020-04-07 15:12:59', 108, '2020-04-07 15:12:59', 0),
	(68, 190, 108, 103, 1, 450000000, 1, 1, '2020-04-07 15:13:23', 108, '2020-04-07 15:13:23', 0),
	(69, 193, 106, 100, 1, 23000000, 1, 1, '2020-04-07 15:17:26', 106, '2020-04-07 15:17:26', 0),
	(70, 193, 106, 103, 1, 23000000, 1, 1, '2020-04-07 15:17:29', 106, '2020-04-07 15:17:29', 0),
	(71, 193, 106, 101, 1, 23000000, 1, 1, '2020-04-07 15:17:32', 106, '2020-04-07 15:17:32', 0),
	(72, 193, 106, 103, 1, 23000000, 1, 1, '2020-04-07 15:27:09', 106, '2020-04-07 15:27:09', 0),
	(73, 194, 107, 100, 1, 0, 1, 1, '2020-04-07 17:04:53', 107, '2020-04-07 17:04:53', 0),
	(74, 194, 107, 101, 1, 0, 1, 1, '2020-04-07 17:05:20', 107, '2020-04-07 17:05:20', 0),
	(75, 199, 103, 0, 1, 450000000, 1, 1, '2020-04-14 11:30:39', 103, '2020-04-14 11:30:39', 0),
	(76, 179, 103, 100, 1, 20000000, 1, 1, '2020-06-10 00:03:48', 1, '2020-06-10 00:03:48', 0),
	(77, 179, 103, 103, 1, 20000000, 1, 1, '2020-06-10 00:03:50', 1, '2020-06-10 00:03:50', 0),
	(78, 179, 103, 101, 1, 20000000, 1, 1, '2020-06-10 00:04:23', 1, '2020-06-10 00:04:23', 0),
	(79, 179, 103, 101, 1, 20000000, 1, 1, '2020-06-10 00:04:24', 1, '2020-06-10 00:04:24', 0),
	(80, 179, 103, 103, 1, 20000000, 1, 1, '2020-06-11 22:16:58', 1, '2020-06-11 22:16:58', 0),
	(81, 194, 107, 103, 1, 0, 1, 1, '2020-06-16 09:35:11', 107, '2020-06-16 09:35:11', 0),
	(82, 200, 103, 100, 1, 150000000, 1, 1, '2020-06-19 13:11:37', 1, '2020-06-19 13:11:37', 0),
	(83, 201, 1, 100, 1, 200000000, 1, 1, '2020-06-20 22:11:32', 1, '2020-06-20 22:11:32', 0),
	(84, 201, 1, 101, 1, 200000000, 1, 1, '2020-06-20 22:12:44', 1, '2020-06-20 22:12:44', 0),
	(85, 201, 1, 103, 1, 200000000, 1, 1, '2020-06-20 22:29:08', 1, '2020-06-20 22:29:08', 0),
	(86, 202, 103, 100, 1, 0, 1, 1, '2020-06-22 14:41:45', 103, '2020-06-22 14:41:45', 0),
	(87, 202, 103, 101, 1, 0, 1, 1, '2020-06-22 14:42:00', 103, '2020-06-22 14:42:00', 0),
	(88, 202, 103, 103, 1, 0, 1, 1, '2020-06-22 14:42:14', 103, '2020-06-22 14:42:14', 0),
	(89, 202, 103, 104, 1, 0, 1, 1, '2020-06-22 17:05:20', 103, '2020-06-22 17:05:20', 0),
	(90, 202, 103, 101, 1, 0, 1, 1, '2020-06-22 17:05:22', 103, '2020-06-22 17:05:22', 0),
	(91, 196, 109, 0, 1, 0, 1, 1, '2020-06-24 16:57:23', 1, '2020-06-24 16:57:23', 0),
	(92, 199, 103, 103, 1, 450000000, 1, 1, '2020-06-24 17:19:50', 1, '2020-06-24 17:19:50', 0),
	(93, 200, 103, 101, 1, 150000000, 1, 1, '2020-06-24 17:20:56', 1, '2020-06-24 17:20:56', 0),
	(94, 203, 116, 0, 1, 1234567936, 1, 1, '2020-06-24 17:29:21', 1, '2020-06-24 17:29:21', 0),
	(95, 202, 103, 103, 1, 0, 1, 1, '2020-06-25 10:41:03', 1, '2020-06-25 10:41:03', 0),
	(96, 207, 103, 100, 1, 100000000, 1, 1, '2020-07-01 14:53:23', 103, '2020-07-01 14:53:23', 0),
	(97, 207, 103, 104, 1, 100000000, 1, 1, '2020-07-01 14:53:27', 103, '2020-07-01 14:53:27', 0),
	(98, 207, 103, 101, 1, 100000000, 1, 1, '2020-07-01 14:53:30', 103, '2020-07-01 14:53:30', 0),
	(99, 207, 103, 103, 1, 100000000, 1, 1, '2020-07-01 14:53:33', 103, '2020-07-01 14:53:33', 0),
	(100, 202, 103, 104, 1, 0, 1, 1, '2020-07-03 16:02:09', 103, '2020-07-03 16:02:09', 0),
	(101, 202, 103, 103, 1, 0, 1, 1, '2020-07-03 16:15:48', 103, '2020-07-03 16:15:48', 0),
	(102, 206, 103, 100, 1, 300000000, 1, 1, '2020-07-03 16:21:39', 103, '2020-07-03 16:21:39', 0),
	(103, 206, 103, 101, 1, 300000000, 1, 1, '2020-07-03 16:22:46', 103, '2020-07-03 16:22:46', 0),
	(104, 207, 103, 1000, 1, 100000000, 1, 1, '2020-07-03 17:17:48', 103, '2020-07-03 17:17:48', 0),
	(105, 209, 1, 100, 1, 1000000000, 1, 1, '2020-08-05 17:20:05', 1, '2020-08-05 17:20:05', 0),
	(106, 209, 1, 101, 1, 1000000000, 1, 1, '2020-08-05 17:20:42', 1, '2020-08-05 17:20:42', 0),
	(107, 209, 1, 103, 1, 1000000000, 1, 1, '2020-08-05 17:21:07', 1, '2020-08-05 17:21:07', 0),
	(108, 209, 1, 103, 1, 1000000000, 1, 1, '2020-08-05 17:23:21', 1, '2020-08-05 17:23:21', 0),
	(109, 210, 109, 100, 1, 120000000, 1, 1, '2021-04-23 12:26:45', 109, '2021-04-23 12:26:45', 0),
	(110, 210, 109, 101, 1, 120000000, 1, 1, '2021-04-23 12:27:05', 109, '2021-04-23 12:27:05', 0),
	(111, 211, 108, 100, 1, 15000000, 1, 1, '2021-06-14 17:25:50', 108, '2021-06-14 17:25:50', 0),
	(112, 211, 108, 101, 1, 15000000, 1, 1, '2021-06-14 17:26:53', 108, '2021-06-14 17:26:53', 0),
	(113, 211, 108, 103, 1, 15000000, 1, 1, '2021-06-14 17:30:58', 108, '2021-06-14 17:30:58', 0),
	(114, 212, 108, 100, 1, 0, 1, 1, '2021-06-15 09:00:35', 108, '2021-06-15 09:00:35', 0),
	(115, 212, 108, 101, 1, 0, 1, 1, '2021-06-15 09:00:55', 108, '2021-06-15 09:00:55', 0),
	(116, 213, 108, 100, 1, 30000000, 1, 1, '2021-07-02 14:57:00', 108, '2021-07-02 14:57:00', 0),
	(117, 213, 108, 101, 1, 30000000, 1, 1, '2021-07-02 14:57:30', 108, '2021-07-02 14:57:30', 0),
	(118, 213, 108, 103, 1, 30000000, 1, 1, '2021-07-02 15:02:13', 108, '2021-07-02 15:02:13', 0),
	(119, 214, 108, 100, 1, 25000000, 1, 1, '2021-07-30 16:21:30', 108, '2021-07-30 16:21:30', 0),
	(120, 214, 108, 101, 1, 25000000, 1, 1, '2021-07-30 16:22:01', 108, '2021-07-30 16:22:01', 0),
	(121, 214, 108, 103, 1, 25000000, 1, 1, '2021-07-30 16:24:05', 108, '2021-07-30 16:24:05', 0),
	(122, 215, 108, 100, 1, 45000000, 1, 1, '2021-08-03 16:10:16', 108, '2021-08-03 16:10:16', 0),
	(123, 215, 108, 101, 1, 45000000, 1, 1, '2021-08-03 16:10:46', 108, '2021-08-03 16:10:46', 0),
	(124, 215, 108, 103, 1, 45000000, 1, 1, '2021-08-03 16:13:28', 108, '2021-08-03 16:13:28', 0),
	(125, 215, 108, 103, 1, 45000000, 1, 1, '2021-08-03 16:13:37', 108, '2021-08-03 16:13:37', 0),
	(126, 216, 108, 100, 1, 45000000, 1, 1, '2021-08-13 14:45:20', 108, '2021-08-13 14:45:20', 0),
	(127, 216, 108, 101, 1, 45000000, 1, 1, '2021-08-13 14:45:53', 108, '2021-08-13 14:45:53', 0),
	(128, 216, 108, 103, 1, 45000000, 1, 1, '2021-08-13 14:48:04', 108, '2021-08-13 14:48:04', 0),
	(129, 217, 108, 100, 1, 30000000, 1, 1, '2021-08-13 15:12:58', 108, '2021-08-13 15:12:58', 0),
	(130, 217, 108, 101, 1, 30000000, 1, 1, '2021-08-13 15:13:21', 108, '2021-08-13 15:13:21', 0),
	(131, 217, 108, 103, 1, 30000000, 1, 1, '2021-08-13 15:15:53', 108, '2021-08-13 15:15:53', 0),
	(132, 218, 108, 100, 1, 50000000, 1, 1, '2021-08-13 16:06:32', 108, '2021-08-13 16:06:32', 0),
	(133, 218, 108, 101, 1, 50000000, 1, 1, '2021-08-13 16:06:57', 108, '2021-08-13 16:06:57', 0),
	(134, 218, 108, 103, 1, 50000000, 1, 1, '2021-08-13 16:06:59', 108, '2021-08-13 16:06:59', 0),
	(135, 218, 108, 104, 1, 50000000, 1, 1, '2021-08-13 16:11:51', 108, '2021-08-13 16:11:51', 0),
	(136, 219, 1, 100, 1, 0, 1, 1, '2021-12-26 14:38:15', 1, '2021-12-26 14:38:15', 0),
	(137, 219, 1, 101, 1, 0, 1, 1, '2021-12-26 14:38:49', 1, '2021-12-26 14:38:49', 0),
	(138, 219, 1, 103, 1, 0, 1, 1, '2021-12-26 14:40:16', 1, '2021-12-26 14:40:16', 0),
	(139, 220, 103, 100, 1, 1000000000, 1, 1, '2022-01-18 12:26:21', 103, '2022-01-18 12:26:21', 0),
	(140, 220, 103, 101, 1, 1000000000, 1, 1, '2022-01-18 12:26:57', 103, '2022-01-18 12:26:57', 0),
	(141, 220, 103, 103, 1, 1000000000, 1, 1, '2022-01-18 12:31:11', 103, '2022-01-18 12:31:11', 0),
	(142, 221, 103, 100, 1, 800000000, 1, 1, '2022-01-18 15:57:48', 1, '2022-01-18 15:57:48', 0),
	(143, 221, 103, 101, 1, 800000000, 1, 1, '2022-01-18 15:58:16', 1, '2022-01-18 15:58:16', 0),
	(144, 221, 103, 103, 1, 800000000, 1, 1, '2022-01-18 16:01:27', 1, '2022-01-18 16:01:27', 0),
	(145, 222, 1, 100, 1, 20000000, 1, 1, '2022-09-15 11:55:51', 1, '2022-09-15 11:55:51', 0),
	(146, 222, 1, 101, 1, 20000000, 1, 1, '2022-09-15 11:56:01', 1, '2022-09-15 11:56:01', 0),
	(147, 222, 1, 103, 1, 20000000, 1, 1, '2022-09-15 12:01:52', 1, '2022-09-15 12:01:52', 0),
	(148, 223, 1, 100, 1, 100000000, 1, 1, '2022-09-15 14:39:03', 1, '2022-09-15 14:39:03', 0),
	(149, 223, 1, 101, 1, 100000000, 1, 1, '2022-09-15 14:40:11', 1, '2022-09-15 14:40:11', 0),
	(150, 223, 1, 103, 1, 100000000, 1, 1, '2022-09-15 14:42:05', 1, '2022-09-15 14:42:05', 0),
	(151, 224, 103, 100, 1, 500000000, 1, 1, '2022-12-22 16:16:36', 1, '2022-12-22 16:16:36', 0),
	(152, 224, 103, 101, 1, 500000000, 1, 1, '2022-12-22 16:16:56', 1, '2022-12-22 16:16:56', 0),
	(153, 224, 103, 103, 1, 500000000, 1, 1, '2022-12-22 16:20:35', 1, '2022-12-22 16:20:35', 0),
	(154, 192, 106, 0, 1, 80000000, 1, 1, '2023-01-26 14:27:44', 106, '2023-01-26 14:27:44', 0),
	(155, 226, 118, 100, 1, 100000000, 1, 1, '2026-07-02 13:35:26', 118, '2026-07-02 13:35:26', 0),
	(156, 226, 118, 101, 1, 100000000, 1, 1, '2026-07-02 13:35:27', 118, '2026-07-02 13:35:27', 0),
	(157, 226, 118, 103, 1, 100000000, 1, 1, '2026-07-02 13:35:29', 118, '2026-07-02 13:35:29', 0);

-- Dumping structure for table crm.co.id.crm3_opportunity_product
CREATE TABLE IF NOT EXISTS `crm3_opportunity_product` (
  `id` int(11) NOT NULL AUTO_INCREMENT,
  `id_opportunity` int(11) NOT NULL DEFAULT 0,
  `id_product` int(11) NOT NULL DEFAULT 0,
  `id_price_list` int(11) NOT NULL DEFAULT 0,
  `price` float(12,0) NOT NULL DEFAULT 0,
  `qty` int(6) NOT NULL DEFAULT 0,
  `discount` float(2,0) NOT NULL DEFAULT 0,
  `total` float(12,0) NOT NULL DEFAULT 0,
  `status` int(1) NOT NULL DEFAULT 1,
  `presence` int(1) NOT NULL DEFAULT 1,
  `input_date` datetime NOT NULL DEFAULT '2019-01-01 00:00:00',
  `input_by` int(11) NOT NULL DEFAULT 0,
  `update_date` datetime NOT NULL DEFAULT '2019-01-01 00:00:00',
  `update_by` int(11) NOT NULL DEFAULT 0,
  PRIMARY KEY (`id`)
) ENGINE=InnoDB AUTO_INCREMENT=46 DEFAULT CHARSET=latin1 COLLATE=latin1_swedish_ci;

-- Dumping data for table crm.co.id.crm3_opportunity_product: ~45 rows (approximately)
INSERT INTO `crm3_opportunity_product` (`id`, `id_opportunity`, `id_product`, `id_price_list`, `price`, `qty`, `discount`, `total`, `status`, `presence`, `input_date`, `input_by`, `update_date`, `update_by`) VALUES
	(1, 170, 1, 0, 15000000, 1, 0, 15000000, 1, 1, '2020-03-07 13:53:15', 0, '2020-03-07 13:53:15', 0),
	(2, 171, 1, 0, 15000000, 1, 0, 15000000, 1, 1, '2020-03-09 09:26:33', 0, '2020-03-09 09:26:33', 0),
	(3, 175, 1, 0, 15000000, 1, 0, 15000000, 1, 1, '2020-03-14 16:26:54', 0, '2020-03-14 16:26:54', 0),
	(4, 175, 2, 0, 25000000, 1, 0, 25000000, 1, 1, '2020-03-14 16:26:54', 0, '2020-03-14 16:26:54', 0),
	(5, 178, 2, 0, 25000000, 1, 0, 25000000, 1, 1, '2020-03-23 17:20:46', 103, '2020-03-23 17:20:46', 0),
	(6, 179, 4, 0, 1000000, 1, 0, 1000000, 1, 1, '2020-03-24 09:31:04', 0, '2020-03-24 09:31:04', 0),
	(7, 180, 2, 0, 25000000, 1, 0, 25000000, 1, 1, '2020-03-27 11:04:37', 103, '2020-03-27 11:04:37', 0),
	(8, 182, 1, 0, 15000000, 1, 0, 15000000, 1, 1, '2020-04-01 16:11:29', 103, '2020-04-01 16:11:29', 0),
	(9, 184, 2, 0, 25000000, 1, 0, 25000000, 1, 0, '2020-04-02 14:40:33', 103, '2020-04-02 14:40:51', 103),
	(10, 184, 2, 0, 25000000, 1, 0, 25000000, 1, 1, '2020-04-02 14:40:56', 103, '2020-04-02 14:40:56', 0),
	(11, 185, 4, 0, 1000000, 1, 0, 1000000, 1, 0, '2020-04-02 16:31:53', 108, '2020-04-02 16:55:11', 108),
	(12, 185, 4, 0, 1000000, 1, 0, 1000000, 1, 1, '2020-04-02 16:55:43', 108, '2020-04-02 16:55:43', 0),
	(13, 186, 3, 0, 60000000, 1, 0, 60000000, 1, 1, '2020-04-03 11:22:00', 108, '2020-04-03 11:22:00', 0),
	(14, 187, 1, 0, 15000000, 1, 0, 15000000, 1, 1, '2020-04-03 15:56:24', 108, '2020-04-03 15:56:24', 0),
	(15, 188, 1, 0, 15000000, 1, 0, 15000000, 1, 0, '2020-04-06 10:41:27', 108, '2020-04-06 10:55:35', 108),
	(16, 188, 1, 0, 15000000, 1, 0, 15000000, 1, 1, '2020-04-06 10:55:46', 108, '2020-04-06 10:55:46', 0),
	(17, 189, 2, 0, 25000000, 1, 0, 25000000, 1, 1, '2020-04-06 15:08:39', 108, '2020-04-06 15:08:39', 0),
	(18, 190, 1, 0, 15000000, 1, 0, 15000000, 1, 1, '2020-04-07 14:18:15', 108, '2020-04-07 14:18:15', 0),
	(19, 193, 1, 0, 15000000, 1, 0, 15000000, 1, 1, '2020-04-07 15:14:07', 106, '2020-04-07 15:14:07', 0),
	(20, 193, 7, 0, 50000000, 1, 0, 50000000, 1, 1, '2020-04-07 15:14:07', 106, '2020-04-07 15:14:07', 0),
	(21, 194, 5, 0, 50000000, 1, 0, 50000000, 1, 1, '2020-04-07 17:02:41', 107, '2020-04-07 17:02:41', 0),
	(22, 201, 5, 0, 50000000, 1, 0, 50000000, 1, 1, '2020-06-20 22:09:26', 1, '2020-06-20 22:09:26', 0),
	(23, 172, 4, 0, 1000000, 1, 0, 1000000, 1, 1, '2020-06-22 14:36:15', 1, '2020-06-22 14:36:15', 0),
	(24, 202, 7, 0, 50000000, 1, 0, 50000000, 1, 1, '2020-06-22 14:41:36', 103, '2020-06-22 14:41:36', 0),
	(25, 208, 7, 0, 50000000, 1, 0, 50000000, 1, 1, '2020-07-29 16:31:13', 0, '2020-07-29 16:31:13', 0),
	(26, 209, 1, 0, 15000000, 1, 0, 15000000, 1, 1, '2020-08-05 17:19:59', 1, '2020-08-05 17:19:59', 0),
	(27, 210, 5, 0, 50000000, 1, 0, 50000000, 1, 1, '2021-04-23 12:26:38', 109, '2021-04-23 12:26:38', 0),
	(28, 211, 1, 0, 15000000, 1, 0, 15000000, 1, 1, '2021-06-14 17:23:11', 0, '2021-06-14 17:23:11', 0),
	(29, 213, 1, 0, 15000000, 1, 0, 15000000, 1, 1, '2021-07-02 14:56:41', 108, '2021-07-02 14:56:41', 0),
	(30, 214, 2, 0, 25000000, 1, 0, 25000000, 1, 1, '2021-07-30 16:21:20', 108, '2021-07-30 16:21:20', 0),
	(31, 215, 1, 0, 15000000, 1, 0, 15000000, 1, 1, '2021-08-03 16:10:09', 108, '2021-08-03 16:10:09', 0),
	(32, 216, 1, 0, 15000000, 1, 0, 15000000, 1, 1, '2021-08-13 14:44:54', 108, '2021-08-13 14:44:54', 0),
	(33, 217, 1, 0, 15000000, 1, 0, 15000000, 1, 1, '2021-08-13 15:12:40', 108, '2021-08-13 15:12:40', 0),
	(34, 218, 2, 0, 25000000, 1, 0, 25000000, 1, 1, '2021-08-13 16:06:24', 108, '2021-08-13 16:06:24', 0),
	(35, 220, 16, 0, 500000000, 1, 0, 500000000, 1, 1, '2022-01-18 12:26:03', 103, '2022-01-18 12:26:03', 0),
	(36, 220, 16, 0, 500000000, 1, 0, 500000000, 1, 0, '2022-01-18 12:26:03', 103, '2022-01-18 12:26:06', 103),
	(37, 222, 11, 0, 500000, 1, 0, 500000, 1, 1, '2022-09-15 11:57:37', 1, '2022-09-15 11:57:37', 0),
	(38, 222, 13, 0, 10000000, 1, 0, 10000000, 1, 1, '2022-09-15 11:57:44', 1, '2022-09-15 11:57:44', 0),
	(39, 222, 12, 0, 25000000, 1, 0, 25000000, 1, 1, '2022-09-15 11:57:44', 1, '2022-09-15 11:57:44', 0),
	(40, 223, 12, 0, 25000000, 1, 0, 25000000, 1, 1, '2022-09-15 14:38:22', 1, '2022-09-15 14:38:22', 0),
	(41, 223, 11, 0, 500000, 1, 0, 500000, 1, 1, '2022-09-15 14:38:22', 1, '2022-09-15 14:38:22', 0),
	(42, 223, 14, 0, 5000000, 1, 0, 5000000, 1, 1, '2022-09-15 14:38:22', 1, '2022-09-15 14:38:22', 0),
	(43, 224, 12, 0, 25000000, 1, 0, 25000000, 1, 1, '2022-12-22 16:18:57', 1, '2022-12-22 16:18:57', 0),
	(44, 224, 12, 0, 25000000, 1, 0, 25000000, 1, 1, '2022-12-22 16:19:21', 1, '2022-12-22 16:19:21', 0),
	(45, 192, 11, 0, 500000, 1, 0, 500000, 1, 1, '2023-01-26 14:27:33', 106, '2023-01-26 14:27:33', 0);

-- Dumping structure for table crm.co.id.crm3_opportunity_quiz
CREATE TABLE IF NOT EXISTS `crm3_opportunity_quiz` (
  `id` int(9) NOT NULL AUTO_INCREMENT,
  `id_opportunity` int(9) NOT NULL DEFAULT 0,
  `id_stage` int(4) NOT NULL DEFAULT 0,
  `name` varchar(200) NOT NULL DEFAULT '',
  `value` text NOT NULL,
  `input_date` datetime NOT NULL DEFAULT '2020-01-01 00:00:00',
  `input_by` int(9) NOT NULL DEFAULT 0,
  `update_date` datetime NOT NULL DEFAULT '2020-01-01 00:00:00',
  `update_by` int(9) NOT NULL DEFAULT 0,
  PRIMARY KEY (`id`)
) ENGINE=InnoDB DEFAULT CHARSET=latin1 COLLATE=latin1_swedish_ci;

-- Dumping data for table crm.co.id.crm3_opportunity_quiz: ~0 rows (approximately)

-- Dumping structure for table crm.co.id.crm3_opportunity_stage
CREATE TABLE IF NOT EXISTS `crm3_opportunity_stage` (
  `id` int(5) NOT NULL AUTO_INCREMENT,
  `id_next` int(5) NOT NULL DEFAULT 0,
  `name` varchar(50) NOT NULL DEFAULT '',
  `progress` int(3) NOT NULL DEFAULT 0,
  `weight` int(3) NOT NULL DEFAULT 0,
  `ilock` int(1) NOT NULL DEFAULT 0,
  `won` int(1) NOT NULL DEFAULT 0,
  `notes` text NOT NULL,
  `selectable` int(1) NOT NULL DEFAULT 1,
  `status` int(1) NOT NULL DEFAULT 1,
  `presence` int(1) NOT NULL DEFAULT 1,
  `input_date` datetime NOT NULL DEFAULT '2019-01-01 00:00:00',
  `input_by` int(11) NOT NULL DEFAULT 0,
  `update_date` datetime NOT NULL DEFAULT '2019-01-01 00:00:00',
  `update_by` int(11) NOT NULL DEFAULT 0,
  PRIMARY KEY (`id`)
) ENGINE=InnoDB AUTO_INCREMENT=3001 DEFAULT CHARSET=latin1 COLLATE=latin1_swedish_ci;

-- Dumping data for table crm.co.id.crm3_opportunity_stage: ~7 rows (approximately)
INSERT INTO `crm3_opportunity_stage` (`id`, `id_next`, `name`, `progress`, `weight`, `ilock`, `won`, `notes`, `selectable`, `status`, `presence`, `input_date`, `input_by`, `update_date`, `update_by`) VALUES
	(10, 100, 'New', 1, 0, 1, 0, 'New Opportunity', 0, 1, 1, '2019-01-01 00:00:00', 0, '2019-01-01 00:00:00', 0),
	(100, 101, 'Prospecting', 10, 10, 0, 0, 'Map out your sales process, his means actively defining the specific phases of your sales process and determining which of them you will reflect in your Salesforce Opportunity Stages', 1, 1, 1, '2019-01-01 00:00:00', 0, '2019-01-01 00:00:00', 0),
	(101, 103, 'Analysis', 30, 20, 0, 0, 'Define entrance and exit criteria for each stage\r\nAn opportunity stage is not a one-off milestone, as it includes a number of key tasks to be completed before moving to the next stage', 1, 1, 1, '2019-01-01 00:00:00', 0, '2019-01-01 00:00:00', 0),
	(103, 104, 'Proposal', 50, 40, 0, 0, 'Customize options for opportunities to help your sales reps close deals faster.', 1, 1, 1, '2019-01-01 00:00:00', 0, '2019-01-01 00:00:00', 0),
	(104, 0, 'Negotiation', 80, 30, 0, 0, 'Revise your opportunity stages\r\nSince sales process evolves and may significantly change with time, you should periodically revisit your sales process to ensure your opportunity stages are still relevant.', 1, 1, 1, '2019-01-01 00:00:00', 0, '2019-01-01 00:00:00', 0),
	(1000, 0, 'Closed Deal', 100, 0, 1, 1, '', 0, 1, 1, '2019-01-01 00:00:00', 0, '2019-01-01 00:00:00', 0),
	(3000, 0, 'Closed Lost', 99, 0, 1, 0, '', 0, 1, 1, '2019-01-01 00:00:00', 0, '2019-01-01 00:00:00', 0);

-- Dumping structure for table crm.co.id.crm3_opportunity_stage_done
CREATE TABLE IF NOT EXISTS `crm3_opportunity_stage_done` (
  `id` int(11) NOT NULL AUTO_INCREMENT,
  `id_opportunity` int(6) NOT NULL DEFAULT 0,
  `id_stage` int(6) NOT NULL DEFAULT 0,
  `done` int(1) NOT NULL DEFAULT 0,
  `status` int(1) NOT NULL DEFAULT 1,
  `presence` int(1) NOT NULL DEFAULT 1,
  `input_date` datetime NOT NULL DEFAULT '2019-01-01 00:00:00',
  `input_by` int(11) NOT NULL DEFAULT 0,
  `update_date` datetime NOT NULL DEFAULT '2019-01-01 00:00:00',
  `update_by` int(11) NOT NULL DEFAULT 0,
  PRIMARY KEY (`id`)
) ENGINE=InnoDB AUTO_INCREMENT=169 DEFAULT CHARSET=latin1 COLLATE=latin1_swedish_ci;

-- Dumping data for table crm.co.id.crm3_opportunity_stage_done: ~164 rows (approximately)
INSERT INTO `crm3_opportunity_stage_done` (`id`, `id_opportunity`, `id_stage`, `done`, `status`, `presence`, `input_date`, `input_by`, `update_date`, `update_by`) VALUES
	(1, 170, 100, 1, 1, 1, '2020-03-07 14:28:56', 1, '2020-03-07 14:28:56', 0),
	(2, 170, 101, 1, 1, 1, '2020-03-07 14:34:12', 1, '2020-03-07 14:34:12', 0),
	(3, 170, 103, 1, 1, 1, '2020-03-07 14:46:42', 1, '2020-03-07 14:47:27', 1),
	(4, 170, 104, 1, 1, 1, '2020-03-07 14:48:33', 1, '2020-03-07 14:48:33', 0),
	(5, 170, 1000, 1, 1, 1, '2020-03-07 14:48:33', 1, '2020-03-07 14:48:33', 0),
	(6, 171, 100, 1, 1, 1, '2020-03-09 09:28:56', 103, '2020-03-09 09:28:56', 0),
	(7, 171, 101, 1, 1, 1, '2020-03-09 09:29:30', 103, '2020-03-09 09:29:30', 0),
	(8, 171, 103, 1, 1, 1, '2020-03-09 09:29:48', 103, '2020-03-09 09:29:48', 0),
	(9, 171, 104, 1, 1, 1, '2020-03-09 09:33:21', 103, '2020-04-13 14:00:50', 103),
	(10, 171, 1000, 1, 1, 1, '2020-03-09 09:33:21', 103, '2020-03-09 09:33:21', 0),
	(11, 172, 100, 1, 1, 1, '2020-03-09 09:51:57', 103, '2020-03-09 09:51:57', 0),
	(12, 172, 101, 1, 1, 1, '2020-03-09 09:52:19', 103, '2020-03-09 09:52:19', 0),
	(13, 172, 103, 1, 1, 1, '2020-03-09 09:53:03', 103, '2020-03-09 09:53:03', 0),
	(14, 173, 100, 1, 1, 1, '2020-03-12 15:44:21', 1, '2020-03-12 15:44:21', 0),
	(15, 173, 101, 1, 1, 1, '2020-03-12 15:44:22', 1, '2020-03-12 15:44:22', 0),
	(16, 173, 103, 1, 1, 1, '2020-03-12 15:49:46', 1, '2020-03-12 15:49:46', 0),
	(17, 173, 104, 1, 1, 1, '2020-03-12 15:49:51', 1, '2020-03-12 15:49:51', 0),
	(18, 173, 1000, 1, 1, 1, '2020-03-12 15:49:51', 1, '2020-03-12 15:49:51', 0),
	(19, 177, 100, 1, 1, 1, '2020-03-23 14:39:17', 103, '2020-03-23 14:39:17', 0),
	(20, 177, 101, 1, 1, 1, '2020-03-23 14:50:56', 103, '2020-03-23 14:50:56', 0),
	(21, 177, 103, 1, 1, 1, '2020-03-23 14:51:08', 103, '2020-03-23 14:51:08', 0),
	(22, 177, 104, 1, 1, 1, '2020-03-23 14:51:35', 103, '2020-03-23 14:51:35', 0),
	(23, 177, 3000, 1, 1, 1, '2020-03-23 14:51:35', 103, '2020-03-23 14:51:35', 0),
	(24, 178, 100, 1, 1, 1, '2020-03-23 17:30:36', 103, '2020-03-23 17:30:36', 0),
	(25, 178, 101, 1, 1, 1, '2020-03-23 17:30:39', 103, '2020-03-23 17:30:39', 0),
	(26, 178, 103, 1, 1, 1, '2020-03-23 17:31:05', 103, '2020-03-23 17:31:05', 0),
	(27, 178, 104, 1, 1, 1, '2020-03-23 17:31:14', 103, '2020-03-23 17:31:14', 0),
	(28, 178, 1000, 1, 1, 1, '2020-03-23 17:31:14', 103, '2020-03-23 17:31:14', 0),
	(29, 180, 100, 1, 1, 1, '2020-03-27 11:05:00', 103, '2020-03-27 11:21:43', 103),
	(30, 180, 101, 1, 1, 1, '2020-03-27 11:05:44', 103, '2020-03-27 11:21:56', 103),
	(31, 180, 103, 1, 1, 1, '2020-03-27 11:21:06', 103, '2020-03-27 11:21:06', 0),
	(32, 180, 104, 1, 1, 1, '2020-03-27 11:21:17', 103, '2020-03-27 11:32:38', 103),
	(33, 180, 1000, 1, 1, 1, '2020-03-27 11:21:17', 103, '2020-03-27 11:32:39', 103),
	(34, 181, 100, 1, 1, 1, '2020-04-01 15:30:39', 103, '2020-04-01 15:30:39', 0),
	(35, 181, 101, 1, 1, 1, '2020-04-01 15:31:13', 103, '2020-04-01 15:31:13', 0),
	(36, 181, 103, 1, 1, 1, '2020-04-01 15:31:23', 103, '2020-04-01 15:31:23', 0),
	(37, 181, 104, 1, 1, 1, '2020-04-01 15:35:46', 103, '2020-04-01 15:35:46', 0),
	(38, 182, 100, 1, 1, 1, '2020-04-01 16:13:49', 103, '2020-04-01 16:13:49', 0),
	(39, 182, 101, 1, 1, 1, '2020-04-01 16:14:22', 103, '2020-04-01 16:14:22', 0),
	(40, 182, 103, 1, 1, 1, '2020-04-01 16:14:32', 103, '2020-04-01 16:14:32', 0),
	(41, 182, 104, 1, 1, 1, '2020-04-01 16:38:12', 103, '2020-04-01 16:38:17', 103),
	(42, 183, 100, 1, 1, 1, '2020-04-01 17:22:11', 107, '2020-04-01 17:22:11', 0),
	(43, 183, 101, 1, 1, 1, '2020-04-01 17:23:12', 107, '2020-04-01 17:23:12', 0),
	(44, 183, 103, 1, 1, 1, '2020-04-01 17:29:55', 107, '2020-04-01 17:29:55', 0),
	(45, 183, 104, 1, 1, 1, '2020-04-01 17:30:44', 107, '2020-04-01 17:30:44', 0),
	(46, 184, 100, 1, 1, 1, '2020-04-02 14:50:06', 103, '2020-04-02 14:50:06', 0),
	(47, 184, 101, 1, 1, 1, '2020-04-02 14:50:14', 103, '2020-04-02 14:50:14', 0),
	(48, 184, 103, 1, 1, 1, '2020-04-02 14:53:23', 103, '2020-04-02 14:53:23', 0),
	(49, 184, 104, 1, 1, 1, '2020-04-02 15:03:49', 103, '2020-04-02 15:03:49', 0),
	(50, 185, 100, 1, 1, 1, '2020-04-02 16:53:38', 108, '2020-04-02 16:56:15', 108),
	(51, 185, 101, 1, 1, 1, '2020-04-02 16:57:03', 108, '2020-04-02 16:57:03', 0),
	(52, 185, 103, 1, 1, 1, '2020-04-02 17:01:18', 108, '2020-04-02 17:01:18', 0),
	(53, 185, 104, 1, 1, 1, '2020-04-02 17:01:48', 108, '2020-04-02 17:01:48', 0),
	(54, 186, 100, 1, 1, 1, '2020-04-03 11:30:04', 108, '2020-04-03 11:30:04', 0),
	(55, 186, 101, 1, 1, 1, '2020-04-03 11:30:11', 108, '2020-04-03 11:30:11', 0),
	(56, 186, 103, 1, 1, 1, '2020-04-03 11:30:26', 108, '2020-04-03 11:30:26', 0),
	(57, 186, 104, 1, 1, 1, '2020-04-03 11:35:04', 108, '2020-04-03 11:35:04', 0),
	(58, 187, 100, 1, 1, 1, '2020-04-03 15:56:46', 108, '2020-04-03 15:56:46', 0),
	(59, 188, 100, 1, 1, 1, '2020-04-06 10:47:36', 108, '2020-04-06 10:47:36', 0),
	(60, 188, 101, 1, 1, 1, '2020-04-06 11:07:36', 108, '2020-04-06 11:07:36', 0),
	(61, 188, 103, 1, 1, 1, '2020-04-06 11:09:52', 108, '2020-04-06 11:09:52', 0),
	(62, 188, 104, 1, 1, 1, '2020-04-06 11:48:29', 108, '2020-04-06 11:48:29', 0),
	(63, 187, 103, 1, 1, 1, '2020-04-06 11:55:23', 108, '2020-04-06 11:55:23', 0),
	(64, 187, 104, 1, 1, 1, '2020-04-06 11:55:31', 108, '2020-04-06 11:55:31', 0),
	(65, 189, 100, 1, 1, 1, '2020-04-06 16:40:37', 108, '2020-04-06 16:40:37', 0),
	(66, 189, 101, 1, 1, 1, '2020-04-06 16:40:41', 108, '2020-04-06 16:40:41', 0),
	(67, 189, 103, 1, 1, 1, '2020-04-06 16:40:52', 108, '2020-04-06 16:40:52', 0),
	(68, 189, 104, 1, 1, 1, '2020-04-06 16:40:59', 108, '2020-04-06 16:40:59', 0),
	(69, 190, 100, 1, 1, 1, '2020-04-07 14:18:31', 108, '2020-04-07 14:18:31', 0),
	(70, 190, 101, 1, 1, 1, '2020-04-07 15:12:59', 108, '2020-04-07 15:12:59', 0),
	(71, 190, 103, 1, 1, 1, '2020-04-07 15:13:23', 108, '2020-04-07 15:13:23', 0),
	(72, 190, 104, 1, 1, 1, '2020-04-07 15:17:14', 108, '2020-04-07 15:17:14', 0),
	(73, 193, 101, 1, 1, 1, '2020-04-07 15:17:26', 106, '2020-04-07 15:17:32', 106),
	(74, 193, 100, 1, 1, 1, '2020-04-07 15:17:29', 106, '2020-04-07 15:17:29', 0),
	(75, 193, 103, 1, 1, 1, '2020-04-07 15:27:09', 106, '2020-04-07 15:27:09', 0),
	(76, 193, 104, 1, 1, 1, '2020-04-07 15:27:28', 106, '2020-04-07 15:27:28', 0),
	(77, 194, 100, 1, 1, 1, '2020-04-07 17:04:53', 107, '2020-04-07 17:04:53', 0),
	(78, 194, 101, 1, 1, 1, '2020-04-07 17:05:20', 107, '2020-04-07 17:05:20', 0),
	(79, 199, 101, 1, 1, 1, '2020-04-14 11:30:39', 103, '2020-04-14 11:30:39', 0),
	(80, 179, 101, 1, 1, 1, '2020-06-10 00:03:48', 1, '2020-06-10 00:04:24', 1),
	(81, 179, 100, 1, 1, 1, '2020-06-10 00:03:50', 1, '2020-06-10 00:04:23', 1),
	(82, 179, 103, 1, 1, 1, '2020-06-11 22:16:58', 1, '2020-06-11 22:16:58', 0),
	(83, 194, 103, 1, 1, 1, '2020-06-16 09:35:11', 107, '2020-06-16 09:35:11', 0),
	(84, 194, 104, 1, 1, 1, '2020-06-16 09:35:58', 107, '2020-06-16 09:35:58', 0),
	(85, 179, 104, 1, 1, 1, '2020-06-16 15:51:28', 1, '2020-06-16 15:52:10', 1),
	(86, 200, 100, 1, 1, 1, '2020-06-19 13:11:37', 1, '2020-06-19 13:11:37', 0),
	(87, 201, 100, 1, 1, 1, '2020-06-20 22:11:32', 1, '2020-06-20 22:11:32', 0),
	(88, 201, 101, 1, 1, 1, '2020-06-20 22:12:44', 1, '2020-06-20 22:12:44', 0),
	(89, 201, 103, 1, 1, 1, '2020-06-20 22:29:08', 1, '2020-06-20 22:29:08', 0),
	(90, 201, 104, 1, 1, 1, '2020-06-20 22:30:22', 1, '2020-06-20 22:30:22', 0),
	(91, 202, 100, 1, 1, 1, '2020-06-22 14:41:45', 103, '2020-06-22 17:05:20', 103),
	(92, 202, 101, 1, 1, 1, '2020-06-22 14:42:00', 103, '2020-07-03 16:02:09', 103),
	(93, 202, 103, 1, 1, 1, '2020-06-22 14:42:14', 103, '2020-07-03 16:15:48', 103),
	(94, 196, 100, 1, 1, 1, '2020-06-24 16:57:23', 1, '2020-06-24 16:57:23', 0),
	(95, 199, 100, 1, 1, 1, '2020-06-24 17:19:50', 1, '2020-06-24 17:19:50', 0),
	(96, 200, 101, 1, 1, 1, '2020-06-24 17:20:55', 1, '2020-06-24 17:20:55', 0),
	(97, 203, 100, 1, 1, 1, '2020-06-24 17:29:21', 1, '2020-06-24 17:29:21', 0),
	(98, 207, 103, 1, 1, 1, '2020-07-01 14:53:23', 103, '2020-07-03 17:17:48', 103),
	(99, 207, 100, 1, 1, 1, '2020-07-01 14:53:27', 103, '2020-07-01 14:53:27', 0),
	(100, 207, 101, 1, 1, 1, '2020-07-01 14:53:30', 103, '2020-07-01 14:53:30', 0),
	(101, 207, 104, 1, 1, 1, '2020-07-01 14:53:43', 103, '2020-07-03 17:22:31', 103),
	(102, 206, 100, 1, 1, 1, '2020-07-03 16:21:39', 103, '2020-07-03 16:21:39', 0),
	(103, 206, 101, 1, 1, 1, '2020-07-03 16:22:46', 103, '2020-07-03 16:22:46', 0),
	(104, 209, 100, 1, 1, 1, '2020-08-05 17:20:05', 1, '2020-08-05 17:20:05', 0),
	(105, 209, 101, 1, 1, 1, '2020-08-05 17:20:42', 1, '2020-08-05 17:21:07', 1),
	(106, 209, 103, 1, 1, 1, '2020-08-05 17:23:21', 1, '2020-08-05 17:23:21', 0),
	(107, 209, 104, 1, 1, 1, '2020-08-05 17:23:38', 1, '2020-08-05 17:23:38', 0),
	(108, 210, 100, 1, 1, 1, '2021-04-23 12:26:45', 109, '2021-04-23 12:26:45', 0),
	(109, 210, 101, 1, 1, 1, '2021-04-23 12:27:05', 109, '2021-04-23 12:27:05', 0),
	(110, 211, 100, 1, 1, 1, '2021-06-14 17:25:50', 108, '2021-06-14 17:25:50', 0),
	(111, 211, 101, 1, 1, 1, '2021-06-14 17:26:53', 108, '2021-06-14 17:26:53', 0),
	(112, 211, 103, 1, 1, 1, '2021-06-14 17:30:58', 108, '2021-06-14 17:30:58', 0),
	(113, 211, 104, 1, 1, 1, '2021-06-14 17:32:37', 108, '2021-06-14 17:32:37', 0),
	(114, 212, 100, 1, 1, 1, '2021-06-15 09:00:35', 108, '2021-06-15 09:00:35', 0),
	(115, 212, 101, 1, 1, 1, '2021-06-15 09:00:55', 108, '2021-06-15 09:00:55', 0),
	(116, 213, 100, 1, 1, 1, '2021-07-02 14:57:00', 108, '2021-07-02 14:57:00', 0),
	(117, 213, 101, 1, 1, 1, '2021-07-02 14:57:30', 108, '2021-07-02 14:57:30', 0),
	(118, 213, 103, 1, 1, 1, '2021-07-02 15:02:13', 108, '2021-07-02 15:02:13', 0),
	(119, 213, 104, 1, 1, 1, '2021-07-02 15:02:51', 108, '2021-07-02 15:02:51', 0),
	(120, 214, 100, 1, 1, 1, '2021-07-30 16:21:30', 108, '2021-07-30 16:21:30', 0),
	(121, 214, 101, 1, 1, 1, '2021-07-30 16:22:01', 108, '2021-07-30 16:22:01', 0),
	(122, 214, 103, 1, 1, 1, '2021-07-30 16:24:05', 108, '2021-07-30 16:24:05', 0),
	(123, 214, 104, 1, 1, 1, '2021-07-30 16:26:13', 108, '2021-07-30 16:26:13', 0),
	(124, 215, 100, 1, 1, 1, '2021-08-03 16:10:16', 108, '2021-08-03 16:10:16', 0),
	(125, 215, 101, 1, 1, 1, '2021-08-03 16:10:46', 108, '2021-08-03 16:13:28', 108),
	(126, 215, 103, 1, 1, 1, '2021-08-03 16:13:37', 108, '2021-08-03 16:13:37', 0),
	(127, 215, 104, 1, 1, 1, '2021-08-03 16:14:06', 108, '2021-08-03 16:14:06', 0),
	(128, 216, 100, 1, 1, 1, '2021-08-13 14:45:20', 108, '2021-08-13 14:45:20', 0),
	(129, 216, 101, 1, 1, 1, '2021-08-13 14:45:53', 108, '2021-08-13 14:45:53', 0),
	(130, 216, 103, 1, 1, 1, '2021-08-13 14:48:04', 108, '2021-08-13 14:48:04', 0),
	(131, 216, 104, 1, 1, 1, '2021-08-13 14:49:50', 107, '2021-08-13 14:49:50', 0),
	(132, 217, 100, 1, 1, 1, '2021-08-13 15:12:58', 108, '2021-08-13 15:12:58', 0),
	(133, 217, 101, 1, 1, 1, '2021-08-13 15:13:21', 108, '2021-08-13 15:13:21', 0),
	(134, 217, 103, 1, 1, 1, '2021-08-13 15:15:53', 108, '2021-08-13 15:15:53', 0),
	(135, 217, 104, 1, 1, 1, '2021-08-13 15:16:53', 107, '2021-08-13 15:16:53', 0),
	(136, 218, 100, 1, 1, 1, '2021-08-13 16:06:32', 108, '2021-08-13 16:06:32', 0),
	(137, 218, 101, 1, 1, 1, '2021-08-13 16:06:57', 108, '2021-08-13 16:06:57', 0),
	(138, 218, 103, 1, 1, 1, '2021-08-13 16:06:59', 108, '2021-08-13 16:11:51', 108),
	(139, 218, 104, 1, 1, 1, '2021-08-13 16:12:57', 107, '2021-08-13 16:12:57', 0),
	(140, 219, 100, 1, 1, 1, '2021-12-26 14:38:15', 1, '2021-12-26 14:38:15', 0),
	(141, 219, 101, 1, 1, 1, '2021-12-26 14:38:49', 1, '2021-12-26 14:38:49', 0),
	(142, 219, 103, 1, 1, 1, '2021-12-26 14:40:16', 1, '2021-12-26 14:40:16', 0),
	(143, 219, 104, 1, 1, 1, '2021-12-26 14:40:30', 1, '2021-12-26 14:40:30', 0),
	(144, 220, 100, 1, 1, 1, '2022-01-18 12:26:21', 103, '2022-01-18 12:26:21', 0),
	(145, 220, 101, 1, 1, 1, '2022-01-18 12:26:57', 103, '2022-01-18 12:26:57', 0),
	(146, 220, 103, 1, 1, 1, '2022-01-18 12:31:11', 103, '2022-01-18 12:31:11', 0),
	(147, 220, 104, 1, 1, 1, '2022-01-18 12:31:39', 103, '2022-01-18 12:31:39', 0),
	(148, 221, 100, 1, 1, 1, '2022-01-18 15:57:48', 1, '2022-01-18 15:57:48', 0),
	(149, 221, 101, 1, 1, 1, '2022-01-18 15:58:16', 1, '2022-01-18 15:58:16', 0),
	(150, 221, 103, 1, 1, 1, '2022-01-18 16:01:27', 1, '2022-01-18 16:01:27', 0),
	(151, 221, 104, 1, 1, 1, '2022-01-18 16:01:42', 1, '2022-01-18 16:01:42', 0),
	(152, 222, 100, 1, 1, 1, '2022-09-15 11:55:51', 1, '2022-09-15 11:55:51', 0),
	(153, 222, 101, 1, 1, 1, '2022-09-15 11:56:01', 1, '2022-09-15 11:56:01', 0),
	(154, 222, 103, 1, 1, 1, '2022-09-15 12:01:52', 1, '2022-09-15 12:01:52', 0),
	(155, 222, 104, 1, 1, 1, '2022-09-15 12:03:23', 1, '2022-09-15 12:03:23', 0),
	(156, 223, 100, 1, 1, 1, '2022-09-15 14:39:03', 1, '2022-09-15 14:39:03', 0),
	(157, 223, 101, 1, 1, 1, '2022-09-15 14:40:11', 1, '2022-09-15 14:40:11', 0),
	(158, 223, 103, 1, 1, 1, '2022-09-15 14:42:05', 1, '2022-09-15 14:42:05', 0),
	(159, 223, 104, 1, 1, 1, '2022-09-15 14:42:58', 1, '2022-09-15 14:42:58', 0),
	(160, 224, 100, 1, 1, 1, '2022-12-22 16:16:36', 1, '2022-12-22 16:16:36', 0),
	(161, 224, 101, 1, 1, 1, '2022-12-22 16:16:56', 1, '2022-12-22 16:16:56', 0),
	(162, 224, 103, 1, 1, 1, '2022-12-22 16:20:35', 1, '2022-12-22 16:20:35', 0),
	(163, 224, 104, 1, 1, 1, '2022-12-22 16:20:43', 1, '2022-12-22 16:20:43', 0),
	(164, 192, 100, 1, 1, 1, '2023-01-26 14:27:44', 106, '2023-01-26 14:27:44', 0),
	(165, 226, 100, 1, 1, 1, '2026-07-02 13:35:26', 118, '2026-07-02 13:35:26', 0),
	(166, 226, 101, 1, 1, 1, '2026-07-02 13:35:27', 118, '2026-07-02 13:35:27', 0),
	(167, 226, 103, 1, 1, 1, '2026-07-02 13:35:29', 118, '2026-07-02 13:35:29', 0),
	(168, 226, 104, 1, 1, 1, '2026-07-02 13:35:34', 118, '2026-07-02 13:35:34', 0);

-- Dumping structure for table crm.co.id.crm3_output
CREATE TABLE IF NOT EXISTS `crm3_output` (
  `id` int(11) NOT NULL AUTO_INCREMENT,
  `module` varchar(50) NOT NULL DEFAULT '',
  `id_module` int(9) NOT NULL DEFAULT 0,
  `version` int(9) NOT NULL DEFAULT 0,
  `full_path` text NOT NULL,
  `url` text NOT NULL,
  `file_name` varchar(250) NOT NULL DEFAULT '',
  `file_size` varchar(250) NOT NULL DEFAULT '',
  `presence` int(1) NOT NULL DEFAULT 1,
  `input_date` datetime NOT NULL DEFAULT '2020-01-01 00:00:00',
  `input_by` int(9) NOT NULL DEFAULT 0,
  `update_date` datetime NOT NULL DEFAULT '2020-01-01 00:00:00',
  `update_by` int(9) NOT NULL DEFAULT 0,
  PRIMARY KEY (`id`)
) ENGINE=InnoDB AUTO_INCREMENT=58 DEFAULT CHARSET=latin1 COLLATE=latin1_swedish_ci;

-- Dumping data for table crm.co.id.crm3_output: ~53 rows (approximately)
INSERT INTO `crm3_output` (`id`, `module`, `id_module`, `version`, `full_path`, `url`, `file_name`, `file_size`, `presence`, `input_date`, `input_by`, `update_date`, `update_by`) VALUES
	(1, 'quote', 1, 1, './upload/quote/000023-1.html', '', '000023', '', 1, '2020-03-07 13:53:15', 0, '2020-03-07 13:53:15', 0),
	(2, 'quote', 1, 2, './upload/quote/000023-2.html', '', '000023', '', 1, '2020-03-07 13:53:15', 0, '2020-03-07 13:53:15', 0),
	(3, 'quote', 2, 1, './upload/quote/000024-1.html', '', '000024', '', 1, '2020-03-12 15:46:12', 0, '2020-03-12 15:46:12', 0),
	(4, 'quote', 3, 1, './upload/quote/000025-1.html', '', '000025', '', 1, '2020-03-23 17:20:46', 0, '2020-03-23 17:22:05', 0),
	(5, 'quote', 3, 2, './upload/quote/000025-2.html', '', '000025', '', 1, '2020-03-23 17:20:46', 0, '2020-03-23 17:22:05', 0),
	(6, 'quote', 3, 3, './upload/quote/000025-3.html', '', '000025', '', 1, '2020-03-23 17:20:46', 0, '2020-03-23 17:28:28', 0),
	(7, 'quote', 4, 1, './upload/quote/000026-1.html', '', '000026', '', 1, '2020-03-27 11:04:37', 0, '2020-03-27 11:04:37', 0),
	(8, 'quote', 5, 1, './upload/quote/000027-1.html', '', '000027', '', 1, '2020-04-01 15:26:19', 0, '2020-04-01 15:26:25', 0),
	(9, 'quote', 5, 2, './upload/quote/000027-2.html', '', '000027', '', 1, '2020-04-01 15:26:19', 0, '2020-04-01 15:27:38', 0),
	(10, 'quote', 6, 1, './upload/quote/000028-1.html', '', '000028', '', 1, '2020-04-01 16:11:29', 0, '2020-04-01 16:11:29', 0),
	(11, 'quote', 6, 2, './upload/quote/000028-2.html', '', '000028', '', 1, '2020-04-01 16:11:29', 0, '2020-04-01 16:13:11', 0),
	(12, 'quote', 7, 1, './upload/quote/000029-1.html', '', '000029', '', 1, '2020-04-01 17:27:51', 0, '2020-04-01 17:27:57', 0),
	(13, 'quote', 8, 1, './upload/quote/000030-1.html', '', '000030', '', 1, '2020-04-02 14:40:56', 0, '2020-04-02 14:47:32', 0),
	(14, 'quote', 9, 1, './upload/quote/000031-1.html', '', '000031', '', 1, '2020-04-02 14:40:56', 0, '2020-04-02 14:54:27', 0),
	(15, 'quote', 8, 2, './upload/quote/000030-2.html', '', '000030', '', 1, '2020-04-02 14:40:56', 0, '2020-04-02 14:55:49', 0),
	(16, 'quote', 10, 1, './upload/quote/000032-1.html', '', '000032', '', 1, '2020-04-02 16:31:53', 0, '2020-04-02 16:41:39', 0),
	(17, 'quote', 11, 1, './upload/quote/000033-1.html', '', '000033', '', 1, '2020-04-03 11:22:00', 0, '2020-04-03 11:22:00', 0),
	(18, 'quote', 11, 2, './upload/quote/000033-2.html', '', '000033', '', 1, '2020-04-03 11:22:00', 0, '2020-04-03 11:24:50', 0),
	(19, 'quote', 12, 1, './upload/quote/000034-1.html', '', '000034', '', 1, '2020-04-03 15:56:24', 0, '2020-04-03 16:05:18', 0),
	(20, 'quote', 13, 1, './upload/quote/000035-1.html', '', '000035', '', 1, '2020-04-06 10:41:27', 0, '2020-04-06 10:45:08', 0),
	(21, 'quote', 13, 2, './upload/quote/000035-2.html', '', '000035', '', 1, '2020-04-06 10:41:27', 0, '2020-04-06 11:10:37', 0),
	(22, 'quote', 13, 3, './upload/quote/000035-3.html', '', '000035', '', 1, '2020-04-06 10:41:27', 0, '2020-04-06 11:45:15', 0),
	(23, 'quote', 14, 1, './upload/quote/000036-1.html', '', '000036', '', 1, '2020-04-06 15:08:39', 0, '2020-04-06 15:08:39', 0),
	(24, 'quote', 15, 1, './upload/quote/000037-1.html', '', '000037', '', 1, '2020-04-07 14:18:15', 0, '2020-04-07 14:34:41', 0),
	(25, 'quote', 15, 2, './upload/quote/000037-2.html', '', '000037', '', 1, '2020-04-07 14:18:15', 0, '2020-04-07 14:36:12', 0),
	(26, 'quote', 16, 1, './upload/quote/000038-1.html', '', '000038', '', 1, '2020-04-07 15:14:07', 0, '2020-04-07 15:14:07', 0),
	(27, 'quote', 17, 1, './upload/quote/000039-1.html', '', '000039', '', 1, '2020-04-07 17:02:41', 0, '2020-04-07 17:04:24', 0),
	(28, 'quote', 3, 4, './upload/quote/000025-4.html', '', '000025', '', 1, '2020-03-23 17:20:46', 0, '2020-03-23 17:28:28', 0),
	(29, 'quote', 17, 2, './upload/quote/000039-2.html', '', '000039', '', 1, '2020-04-07 17:02:41', 0, '2020-04-07 17:04:24', 0),
	(30, 'quote', 17, 3, './upload/quote/000039-3.html', '', '000039', '', 1, '2020-04-07 17:02:41', 0, '2020-04-07 17:04:24', 0),
	(31, 'quote', 17, 4, './upload/quote/000039-4.html', '', '000039', '', 1, '2020-04-07 17:02:41', 0, '2020-04-08 14:24:58', 0),
	(32, 'quote', 18, 1, './upload/quote/000040-1.html', '', '000040', '', 1, '2020-03-09 09:26:33', 0, '2020-04-13 13:59:18', 0),
	(33, 'quote', 19, 1, './upload/quote/000041-1.html', '', '000041', '', 1, '2020-04-14 11:23:24', 0, '2020-04-14 11:23:53', 0),
	(34, 'quote', 19, 2, './upload/quote/000041-2.html', '', '000041', '', 1, '2020-04-14 11:23:24', 0, '2020-04-14 11:30:58', 0),
	(35, 'quote', 20, 1, './upload/quote/000042-1.html', '', '000042', '', 1, '2020-04-07 17:02:41', 0, '2020-06-16 09:05:59', 0),
	(36, 'quote', 22, 1, './upload/quote/000044-1.html', '', '000044', '', 1, '2020-06-20 22:09:26', 0, '2020-06-20 22:09:26', 0),
	(37, 'quote', 24, 1, './upload/quote/000046-1.html', '', '000046', '', 1, '2020-07-01 14:25:21', 0, '2020-07-01 14:25:44', 0),
	(38, 'quote', 26, 1, './upload/quote/000048-1.html', '', '000048', '', 1, '2020-07-03 16:35:48', 0, '2020-07-03 16:36:13', 0),
	(39, 'quote', 26, 2, './upload/quote/000048-2.html', '', '000048', '', 1, '2020-07-03 16:35:48', 0, '2020-07-03 16:36:13', 0),
	(40, 'quote', 26, 3, './upload/quote/000048-3.html', '', '000048', '', 1, '2020-07-03 16:35:48', 0, '2020-07-03 16:36:13', 0),
	(41, 'quote', 27, 1, './upload/quote/000049-1.html', '', '000049', '', 1, '2020-08-05 17:19:59', 0, '2020-08-05 17:19:59', 0),
	(42, 'quote', 30, 1, './upload/quote/000052-1.html', '', '000052', '', 1, '2021-07-02 14:56:41', 0, '2021-07-02 14:58:44', 0),
	(43, 'quote', 31, 1, './upload/quote/000053-1.html', '', '000053', '', 1, '2021-07-30 16:21:20', 0, '2021-07-30 16:21:20', 0),
	(44, 'quote', 32, 1, './upload/quote/000054-1.html', '', '000054', '', 1, '2021-08-03 16:10:09', 0, '2021-08-03 16:11:54', 0),
	(45, 'quote', 33, 1, './upload/quote/000055-1.html', '', '000055', '', 1, '2021-08-13 14:44:54', 0, '2021-08-13 14:47:05', 0),
	(46, 'quote', 34, 1, './upload/quote/000056-1.html', '', '000056', '', 1, '2021-08-13 15:12:40', 0, '2021-08-13 15:14:17', 0),
	(47, 'quote', 35, 1, './upload/quote/000057-1.html', '', '000057', '', 1, '2021-08-13 16:06:24', 0, '2021-08-13 16:08:03', 0),
	(48, 'quote', 36, 1, './upload/quote/000058-1.html', '', '000058', '', 1, '2021-12-26 14:39:30', 0, '2021-12-26 14:39:30', 0),
	(49, 'quote', 37, 1, './upload/quote/000059-1.html', '', '000059', '', 1, '2022-01-18 12:26:03', 0, '2022-01-18 12:26:03', 0),
	(50, 'quote', 38, 1, './upload/quote/000060-1.html', '', '000060', '', 1, '2022-01-18 15:59:22', 0, '2022-01-18 15:59:22', 0),
	(51, 'quote', 39, 1, './upload/quote/000061-1.html', '', '000061', '', 1, '2022-09-15 11:59:13', 0, '2022-09-15 11:59:13', 0),
	(52, 'quote', 40, 1, './upload/quote/000062-1.html', '', '000062', '', 1, '2022-09-15 14:38:22', 0, '2022-09-15 14:38:22', 0),
	(53, 'quote', 41, 1, './upload/quote/000063-1.html', '', '000063', '', 1, '2022-12-22 16:19:21', 0, '2022-12-22 16:19:21', 0),
	(54, 'quote', 42, 1, './upload/quote/000064-1.html', '', '000064', '', 1, '2026-07-02 13:33:15', 0, '2026-07-02 13:33:15', 0),
	(55, 'quote', 42, 2, './upload/quote/000064-2.html', '', '000064', '', 1, '2026-07-02 13:33:15', 0, '2026-07-02 13:33:15', 0),
	(56, 'quote', 42, 3, './upload/quote/000064-3.html', '', '000064', '', 1, '2026-07-02 13:33:15', 0, '2026-07-02 13:33:15', 0),
	(57, 'quote', 42, 4, './upload/quote/000064-4.html', '', '000064', '', 1, '2026-07-02 13:33:15', 0, '2026-07-02 13:33:15', 0);

-- Dumping structure for table crm.co.id.crm3_price_list
CREATE TABLE IF NOT EXISTS `crm3_price_list` (
  `id` int(11) NOT NULL AUTO_INCREMENT,
  `id_currency` int(2) NOT NULL DEFAULT 1,
  `name` varchar(50) NOT NULL DEFAULT '',
  `description` text NOT NULL,
  `expired` date NOT NULL DEFAULT '2020-01-01',
  `status` int(1) NOT NULL DEFAULT 1,
  `presence` int(1) NOT NULL DEFAULT 1,
  `input_date` datetime NOT NULL DEFAULT '2019-01-01 00:00:00',
  `input_by` int(11) NOT NULL DEFAULT 0,
  `update_date` datetime NOT NULL DEFAULT '2019-01-01 00:00:00',
  `update_by` int(11) NOT NULL DEFAULT 0,
  PRIMARY KEY (`id`)
) ENGINE=InnoDB DEFAULT CHARSET=latin1 COLLATE=latin1_swedish_ci;

-- Dumping data for table crm.co.id.crm3_price_list: ~0 rows (approximately)

-- Dumping structure for table crm.co.id.crm3_price_list_catalog
CREATE TABLE IF NOT EXISTS `crm3_price_list_catalog` (
  `id` int(11) NOT NULL AUTO_INCREMENT,
  `id_price_list` int(11) NOT NULL DEFAULT 0,
  `name` varchar(50) NOT NULL DEFAULT '',
  `description` text NOT NULL,
  `status` int(1) NOT NULL DEFAULT 1,
  `presence` int(1) NOT NULL DEFAULT 1,
  `input_date` datetime NOT NULL DEFAULT '2019-01-01 00:00:00',
  `input_by` int(11) NOT NULL DEFAULT 0,
  `update_date` datetime NOT NULL DEFAULT '2019-01-01 00:00:00',
  `update_by` int(11) NOT NULL DEFAULT 0,
  PRIMARY KEY (`id`)
) ENGINE=InnoDB AUTO_INCREMENT=6 DEFAULT CHARSET=latin1 COLLATE=latin1_swedish_ci;

-- Dumping data for table crm.co.id.crm3_price_list_catalog: ~5 rows (approximately)
INSERT INTO `crm3_price_list_catalog` (`id`, `id_price_list`, `name`, `description`, `status`, `presence`, `input_date`, `input_by`, `update_date`, `update_by`) VALUES
	(1, 1, 'TV LED', 'list TV LED', 1, 1, '2020-01-02 17:17:29', 7, '2020-01-02 17:17:29', 0),
	(2, 1, 'TV QLED 2020', '', 1, 1, '2020-01-02 17:19:59', 7, '2020-01-02 17:19:59', 0),
	(3, 1, 'Samsung OLED', '', 1, 1, '2020-01-02 17:51:45', 7, '2020-01-02 17:51:45', 0),
	(4, 2, '10000kw', '', 1, 1, '2020-01-02 17:56:56', 7, '2020-01-02 17:56:56', 0),
	(5, 2, '1000000kw', '', 1, 1, '2020-01-02 17:57:07', 7, '2020-01-02 17:57:07', 0);

-- Dumping structure for table crm.co.id.crm3_price_list_class
CREATE TABLE IF NOT EXISTS `crm3_price_list_class` (
  `id` int(9) NOT NULL AUTO_INCREMENT,
  `id_company_class` int(9) NOT NULL DEFAULT 0,
  `id_price_list` int(9) NOT NULL DEFAULT 0,
  `discount` float NOT NULL DEFAULT 0,
  `input_date` datetime NOT NULL DEFAULT '2020-01-01 00:00:00',
  `input_by` int(9) NOT NULL DEFAULT 0,
  `update_date` datetime NOT NULL DEFAULT '2020-01-01 00:00:00',
  `update_by` int(9) NOT NULL DEFAULT 0,
  PRIMARY KEY (`id`)
) ENGINE=InnoDB DEFAULT CHARSET=latin1 COLLATE=latin1_swedish_ci;

-- Dumping data for table crm.co.id.crm3_price_list_class: ~0 rows (approximately)

-- Dumping structure for table crm.co.id.crm3_price_list_product
CREATE TABLE IF NOT EXISTS `crm3_price_list_product` (
  `id` int(11) NOT NULL AUTO_INCREMENT,
  `id_price_list` int(11) NOT NULL DEFAULT 0,
  `id_price_list_catalog` int(11) NOT NULL DEFAULT 0,
  `id_product` int(11) NOT NULL DEFAULT 0,
  `description` text NOT NULL,
  `price` float(12,0) NOT NULL DEFAULT 0,
  `status` int(1) NOT NULL DEFAULT 1,
  `presence` int(1) NOT NULL DEFAULT 1,
  `input_date` datetime NOT NULL DEFAULT '2019-01-01 00:00:00',
  `input_by` int(11) NOT NULL DEFAULT 0,
  `update_date` datetime NOT NULL DEFAULT '2019-01-01 00:00:00',
  `update_by` int(11) NOT NULL DEFAULT 0,
  PRIMARY KEY (`id`)
) ENGINE=InnoDB DEFAULT CHARSET=latin1 COLLATE=latin1_swedish_ci;

-- Dumping data for table crm.co.id.crm3_price_list_product: ~0 rows (approximately)

-- Dumping structure for table crm.co.id.crm3_product
CREATE TABLE IF NOT EXISTS `crm3_product` (
  `id` int(11) NOT NULL AUTO_INCREMENT,
  `sku` varchar(50) NOT NULL DEFAULT '',
  `price` int(11) NOT NULL DEFAULT 0,
  `name` varchar(250) NOT NULL,
  `description` text NOT NULL,
  `id_currency` int(2) NOT NULL DEFAULT 1,
  `id_product_type` int(2) NOT NULL DEFAULT 1,
  `presence` int(1) NOT NULL DEFAULT 1,
  `status` int(1) NOT NULL DEFAULT 1,
  `input_date` datetime NOT NULL DEFAULT '2020-01-01 00:00:00',
  `input_by` varchar(250) NOT NULL DEFAULT '0',
  `update_date` datetime NOT NULL DEFAULT '2020-01-01 00:00:00',
  `update_by` varchar(250) NOT NULL DEFAULT '0',
  PRIMARY KEY (`id`)
) ENGINE=InnoDB AUTO_INCREMENT=17 DEFAULT CHARSET=latin1 COLLATE=latin1_swedish_ci;

-- Dumping data for table crm.co.id.crm3_product: ~16 rows (approximately)
INSERT INTO `crm3_product` (`id`, `sku`, `price`, `name`, `description`, `id_currency`, `id_product_type`, `presence`, `status`, `input_date`, `input_by`, `update_date`, `update_by`) VALUES
	(1, 'SOFT00001', 15000000, 'Acumatica ERP', 'Software Acumatica ERP\nProduct ERP dari USA\nModule nya banyak.', 1, 10, 1, 0, '2020-03-07 13:42:34', '1', '2020-03-07 13:51:37', '1'),
	(2, 'SOFT00002', 25000000, 'CRM SalesTrax', 'CRM saas per solution', 1, 10, 1, 0, '2020-03-07 13:44:08', '1', '2020-03-07 13:47:23', '1'),
	(3, 'SKU000003', 60000000, 'Jasa Annual Support Offsite', 'Jasa support Offiste Annually:\n- Betulin bugs\n- support offiste\n- Case basis solution', 1, 20, 1, 0, '2020-03-11 15:05:59', '1', '2020-03-11 15:07:33', '1'),
	(4, 'SKU00004', 1000000, 'Jasa Custom Mandays', 'Jasa custom per ruang linkgup', 1, 10, 1, 0, '2020-03-11 15:09:43', '1', '2020-03-11 15:09:43', '0'),
	(5, 'SKU0000343', 50000000, 'Software HRIS', 'Software HRIS payroll perusahaan.', 1, 10, 1, 0, '2020-04-06 15:35:58', '1', '2020-04-06 15:35:58', '0'),
	(6, 'SKU00099934', 15000000, 'Software Point Reward', 'Software Point Reward', 1, 10, 1, 0, '2020-04-06 15:36:45', '1', '2020-04-06 15:39:36', '1'),
	(7, 'SKU02344000', 50000000, 'Jasa Implementasi ERP', '', 1, 20, 1, 0, '2020-04-06 15:41:23', '1', '2020-04-06 15:41:45', '1'),
	(8, 'RENTCRN0001', 150000000, 'Rental Crawler Crane', 'Crawler Crane adalah salah satu jenis dari crane, dimana alat ini merupakan pengangkat yang biasa digunakan didalam proyek konstruksi. Cara kerja crane adalah dengan mengangkat material yang akan dipindahkan, memindahkan secara horizontal, kemudian menurunkan material ditempat yang diinginkan', 1, 10, 1, 0, '2021-04-28 09:27:38', '107', '2021-04-28 09:40:09', '107'),
	(9, 'USEXCVACAT320D', 600000000, 'Used Hydraulic Excavator CAT Model 320D', 'Brand. CATERPILLAR\nModel. 320D\n\nYear. 2012\n\nCapacity 20 Ton', 1, 10, 1, 0, '2021-04-28 09:46:35', '107', '2021-04-28 09:47:00', '107'),
	(10, 'SVCCRN001', 50000000, 'Jasa Pengoperasian Crane', 'Jasa Pengoperasian Crane untuk proyek per bulan', 1, 10, 1, 0, '2021-04-28 10:02:38', '107', '2021-04-28 10:02:38', '0'),
	(11, 'BNK001', 500000, 'Tabungan', 'Simpanan nasabah dengan minimum setoran awal Rp 500,000', 1, 20, 1, 0, '2021-05-06 12:35:02', '107', '2021-05-06 12:41:15', '107'),
	(12, 'BNK002', 25000000, 'Deposito', 'Tabungan dengan bunga 1% dengan setoran awal minimum Rp. 25,000,000 dan hanya dapat diambill setahun sekali', 1, 20, 1, 0, '2021-05-06 12:36:21', '107', '2021-05-06 12:36:21', '0'),
	(13, 'BNK003', 10000000, 'Giro', '', 1, 20, 1, 0, '2021-05-06 12:38:21', '107', '2021-05-06 12:38:21', '0'),
	(14, 'BNK004', 5000000, 'Safe Deposit Bank ', '', 1, 20, 1, 0, '2021-05-06 12:39:15', '107', '2021-05-06 12:39:15', '0'),
	(15, 'BNK005', 250000, 'Kredit', 'Biaya admin kredit Rp. 250,000', 1, 20, 1, 0, '2021-05-06 12:40:18', '107', '2021-05-06 12:40:18', '0'),
	(16, 'SKDMRI023333', 500000000, 'Alat Mesin MRI Operasi', 'Alat MRI operationsl SKU 23000044', 1, 10, 1, 0, '2022-01-18 12:24:26', '1', '2022-01-18 12:25:48', '1');

-- Dumping structure for table crm.co.id.crm3_product_location
CREATE TABLE IF NOT EXISTS `crm3_product_location` (
  `id` int(11) NOT NULL AUTO_INCREMENT,
  `id_product` int(9) NOT NULL DEFAULT 1,
  `location` varchar(250) NOT NULL,
  `location_code` varchar(250) NOT NULL,
  `qty` int(9) NOT NULL DEFAULT 1,
  `presence` int(1) NOT NULL DEFAULT 1,
  `input_date` datetime NOT NULL DEFAULT '2020-01-01 00:00:00',
  `input_by` varchar(250) NOT NULL DEFAULT '0',
  `update_date` datetime NOT NULL DEFAULT '2020-01-01 00:00:00',
  `update_by` varchar(250) NOT NULL DEFAULT '0',
  PRIMARY KEY (`id`)
) ENGINE=InnoDB AUTO_INCREMENT=15 DEFAULT CHARSET=latin1 COLLATE=latin1_swedish_ci;

-- Dumping data for table crm.co.id.crm3_product_location: ~14 rows (approximately)
INSERT INTO `crm3_product_location` (`id`, `id_product`, `location`, `location_code`, `qty`, `presence`, `input_date`, `input_by`, `update_date`, `update_by`) VALUES
	(1, 1, 'JKT001', 'GDG-JKT', 10, 1, '2020-01-01 00:00:00', '0', '2020-01-01 00:00:00', '0'),
	(2, 2, 'JKT002', 'GDG-JKT', 15, 1, '2020-01-01 00:00:00', '0', '2020-01-01 00:00:00', '0'),
	(3, 1, 'BDG001', 'GDG-BDG', 30, 1, '2020-01-01 00:00:00', '0', '2020-01-01 00:00:00', '0'),
	(4, 3, 'Jakarta', 'GDSJK1', 1, 1, '2020-01-01 00:00:00', '0', '2020-01-01 00:00:00', '0'),
	(5, 3, 'Bekasi', 'GDSJK2', 1, 1, '2020-01-01 00:00:00', '0', '2020-01-01 00:00:00', '0'),
	(6, 3, 'Bandung', 'GDSBD1', 1, 1, '2020-01-01 00:00:00', '0', '2020-01-01 00:00:00', '0'),
	(7, 3, 'Surabaya', 'GDSSB1', 1, 1, '2020-01-01 00:00:00', '0', '2020-01-01 00:00:00', '0'),
	(8, 3, 'dfdf', 'dfdf', 1, 1, '2020-01-01 00:00:00', '0', '2020-01-01 00:00:00', '0'),
	(9, 6, 'Gudang Jakarta', 'GDGJKT', 10, 1, '2020-01-01 00:00:00', '0', '2020-01-01 00:00:00', '0'),
	(10, 8, 'Medan', 'MDN', 10, 1, '2020-01-01 00:00:00', '0', '2020-01-01 00:00:00', '0'),
	(11, 9, 'MEDAN', 'MDN', 2, 1, '2020-01-01 00:00:00', '0', '2020-01-01 00:00:00', '0'),
	(12, 16, 'Jakarta', 'JKT003', 15, 1, '2020-01-01 00:00:00', '0', '2020-01-01 00:00:00', '0'),
	(13, 16, 'Bandung', 'JKTR023', 1, 1, '2020-01-01 00:00:00', '0', '2020-01-01 00:00:00', '0'),
	(14, 16, '', '', 1, 0, '2020-01-01 00:00:00', '0', '2020-01-01 00:00:00', '0');

-- Dumping structure for table crm.co.id.crm3_product_type
CREATE TABLE IF NOT EXISTS `crm3_product_type` (
  `id` int(6) NOT NULL AUTO_INCREMENT,
  `name` varchar(50) NOT NULL DEFAULT '',
  `stock` int(11) NOT NULL DEFAULT 0,
  PRIMARY KEY (`id`)
) ENGINE=InnoDB AUTO_INCREMENT=21 DEFAULT CHARSET=latin1 COLLATE=latin1_swedish_ci;

-- Dumping data for table crm.co.id.crm3_product_type: ~2 rows (approximately)
INSERT INTO `crm3_product_type` (`id`, `name`, `stock`) VALUES
	(10, 'Good', 1),
	(20, 'Service', 0);

-- Dumping structure for table crm.co.id.crm3_quote
CREATE TABLE IF NOT EXISTS `crm3_quote` (
  `id` int(11) NOT NULL AUTO_INCREMENT,
  `id_opportunity` int(11) NOT NULL DEFAULT 0,
  `id_quote_status` int(3) NOT NULL DEFAULT 1,
  `id_quote_status_final` int(3) NOT NULL DEFAULT 0,
  `id_user` int(9) NOT NULL DEFAULT 0,
  `id_contact` int(9) NOT NULL DEFAULT 0,
  `id_output` int(9) NOT NULL DEFAULT 0,
  `syncing` int(1) NOT NULL DEFAULT 0,
  `quotes_number` varchar(50) NOT NULL DEFAULT '0',
  `version` int(4) NOT NULL DEFAULT 0,
  `name` varchar(250) NOT NULL DEFAULT '',
  `grand_total` float(20,2) NOT NULL DEFAULT 0.00,
  `expired_date` date NOT NULL DEFAULT '2019-01-01',
  `id_template` int(11) NOT NULL DEFAULT 0,
  `description` text NOT NULL,
  `discount` float NOT NULL DEFAULT 0,
  `tax` float NOT NULL DEFAULT 0,
  `shipping` float NOT NULL DEFAULT 0,
  `email` text NOT NULL,
  `phone` text NOT NULL,
  `fax` text NOT NULL,
  `term` text NOT NULL,
  `bill_name` varchar(250) NOT NULL DEFAULT '',
  `bill_street1` varchar(250) NOT NULL DEFAULT '',
  `bill_street2` varchar(250) NOT NULL DEFAULT '',
  `bill_city` varchar(250) NOT NULL DEFAULT '',
  `bill_state` varchar(250) NOT NULL DEFAULT '',
  `bill_code` varchar(250) NOT NULL DEFAULT '',
  `bill_country` varchar(250) NOT NULL DEFAULT '',
  `ship_name` varchar(250) NOT NULL DEFAULT '',
  `ship_street1` varchar(250) NOT NULL DEFAULT '',
  `ship_street2` varchar(250) NOT NULL DEFAULT '',
  `ship_city` varchar(250) NOT NULL DEFAULT '',
  `ship_state` varchar(250) NOT NULL DEFAULT '',
  `ship_code` varchar(250) NOT NULL DEFAULT '',
  `ship_country` varchar(250) NOT NULL DEFAULT '',
  `status` int(1) NOT NULL DEFAULT 1,
  `presence` int(1) NOT NULL DEFAULT 1,
  `input_date` datetime NOT NULL DEFAULT '2019-01-01 00:00:00',
  `input_by` int(11) NOT NULL DEFAULT 0,
  `update_date` datetime NOT NULL DEFAULT '2019-01-01 00:00:00',
  `update_by` int(11) NOT NULL DEFAULT 0,
  PRIMARY KEY (`id`),
  UNIQUE KEY `quotes_number` (`quotes_number`)
) ENGINE=InnoDB AUTO_INCREMENT=43 DEFAULT CHARSET=latin1 COLLATE=latin1_swedish_ci;

-- Dumping data for table crm.co.id.crm3_quote: ~41 rows (approximately)
INSERT INTO `crm3_quote` (`id`, `id_opportunity`, `id_quote_status`, `id_quote_status_final`, `id_user`, `id_contact`, `id_output`, `syncing`, `quotes_number`, `version`, `name`, `grand_total`, `expired_date`, `id_template`, `description`, `discount`, `tax`, `shipping`, `email`, `phone`, `fax`, `term`, `bill_name`, `bill_street1`, `bill_street2`, `bill_city`, `bill_state`, `bill_code`, `bill_country`, `ship_name`, `ship_street1`, `ship_street2`, `ship_city`, `ship_state`, `ship_code`, `ship_country`, `status`, `presence`, `input_date`, `input_by`, `update_date`, `update_by`) VALUES
	(1, 170, 300, 500, 1, 87, 0, 0, '000023', 2, 'Project ERP - Core System', 13500000.00, '2020-03-31', 0, '', 10, 0, 0, 'dbeckham@salesforce.co.id', '023323233', '023322333', '', 'PT. AYO MAJU', 'Jalan Testring Street No 23', '', 'Jakarta', 'Jakarta', '12322', 'Indonesia', 'PT. AYO MAJU', 'Jalan Cermai Indah Kalibar no 93', '', 'Jakarta', 'Jakarta', '12220', '', 1, 1, '2020-03-07 14:36:59', 1, '2020-03-07 14:44:20', 1),
	(2, 173, 200, 500, 1, 95, 0, 0, '000024', 1, 'CRM dmozzz', 605000000.00, '2020-03-20', 0, 'dfdfs', 0, 0, 0, 'felix@halim.com', '0343434343343', '', '', '', 'Jalan Utara', '', 'Jaakrta', 'Jakatra Timur', '213434', 'Indonesia', '', '', '', '', '', '', '', 1, 1, '2020-03-12 15:44:50', 1, '2020-03-12 15:47:25', 1),
	(3, 178, 300, 400, 103, 102, 0, 0, '000025', 4, 'CRM - Maju Karya Bersama', 67025000.00, '2020-04-30', 0, '', 10, 10, 200000, 'richard.b@majukaryabersama.com', '021-6255225', '', '', '', '', '', '', '', '', '', '', '', '', '', '', '', '', 1, 1, '2020-03-23 17:21:40', 103, '2020-06-23 15:02:46', 103),
	(4, 180, 200, 500, 103, 106, 0, 0, '000026', 1, 'CRM - Berkah Jaya', 126000000.00, '2020-03-31', 0, '', 0, 0, 0, 'belle@berkahjaya.co.id', '021-6255225', '', '', 'Belle Bellamy', 'Jl. Palmerah Raya ', '', 'Jakarta', 'DKI Jakarta', '11440', 'Indonesia', '', '', '', '', '', '', '', 1, 1, '2020-03-27 11:17:11', 103, '2020-03-27 11:20:14', 103),
	(5, 181, 200, 500, 103, 107, 0, 0, '000027', 2, 'CRM - Retail Bahagia Selalu', 45000000.00, '2020-04-30', 0, '', 0, 0, 0, 'arifin@retailbs.com', '021-7498888', '', '', 'Bapak Arifin', 'Jl. Kebayoran Lama', '', 'Jakarta', 'DKI Jakarta', '11540', '', '', '', '', '', '', '', '', 1, 1, '2020-04-01 15:25:24', 103, '2020-04-01 15:29:25', 103),
	(6, 182, 200, 400, 103, 108, 0, 0, '000028', 2, 'ERP - Retail Bahagia Selalu', 150000000.00, '2020-04-30', 0, '', 0, 0, 0, 'mike.l@retailbs.co.id', '', '', '', 'Mike Lewis', 'Jl. Kebayoran Lama', '', 'Jakarta', '', '', '', '', '', '', '', '', '', '', 1, 1, '2020-04-01 16:12:43', 103, '2020-04-01 16:14:43', 103),
	(7, 183, 300, 0, 107, 110, 0, 0, '000029', 1, 'ERP - Jaya Makmur', 150000000.00, '2020-04-30', 0, '', 0, 0, 0, 'barbie@jayamakmur.co.id', '021-33433456', '', '', 'Jl Kamboja No 10', '', '', 'Jakarta', 'DKI Jakarta', '11540', 'Indonesia', '', '', '', 'Jakarta', 'DKI Jakarta', '11540', 'Indonesia', 1, 1, '2020-04-01 17:27:34', 107, '2021-07-02 09:42:47', 107),
	(8, 184, 200, 500, 103, 112, 0, 0, '000030', 2, 'CRM - Bangun Perkasa', 45000000.00, '2020-04-30', 0, '', 0, 0, 0, 'bangun@perkasa.com', '02300000000', '03999999999', '', '', '', '', 'Jakarta', 'Jakarta Pusat', '10344', 'Indonesia', '', '', '', 'Jakarta', 'Jakarta Pusat', '10340', 'Indonesia', 1, 1, '2020-04-02 14:47:22', 103, '2020-04-02 14:56:15', 103),
	(9, 184, 200, 0, 103, 112, 0, 0, '000031', 1, 'CRM - Bangun Perkasa', 45000000.00, '2020-04-30', 0, '', 0, 0, 0, 'bangun@perkasa.com', '02300000000', '03999999999', '', '', '', '', 'Jakarta', 'Jakarta Pusat', '10344', 'Indonesia', '', '', '', 'Jakarta', 'Jakarta Pusat', '10340', 'Indonesia', 1, 1, '2020-04-02 14:54:10', 103, '2020-04-02 14:55:30', 103),
	(10, 185, 200, 500, 108, 113, 0, 0, '000032', 1, 'Custom - Jaya Makmur', 25000000.00, '2020-04-30', 0, '', 0, 0, 0, 'barbie@jayamakmur.co.id', '021-33433456', '', '', '', '', '', 'Jakarta', 'DKI Jakarta', '11540', 'Indonesia', '', '', '', 'Jakarta', 'DKI Jakarta', '11540', 'Indonesia', 1, 1, '2020-04-02 16:32:57', 108, '2020-04-02 17:00:44', 108),
	(11, 186, 200, 500, 108, 115, 0, 0, '000033', 2, 'Support - Subur Makmur', 54000000.00, '2020-04-30', 0, '', 0, 0, 0, 'rocky@suburmakmur.com', '021-6900000', '', '', 'PT Subur Makmur', 'Jl. RE Martadinata Ni 12', '', 'Jakarta', 'DKI Jakarta', '12345', 'Indonesia', '', '', '', 'Jakarta', 'DKI Jakarta', '12345', 'Indonesia', 1, 1, '2020-04-03 11:23:22', 108, '2020-04-03 11:25:18', 108),
	(12, 187, 200, 400, 108, 117, 0, 0, '000034', 1, 'ERP - Taiho Indonesia', 600000000.00, '2020-04-30', 0, '', 0, 0, 0, 'john.doe@taiho.co.id', '021-8999999', '', '', 'PT Taiho Indonesia', 'Kawasan Jababeka Lot F no 12', '', 'Cikarang', 'Bekasi', '', 'Indonesia', '', '', '', 'Cikarang', 'Bekasi', '', 'Indonesia', 1, 1, '2020-04-03 16:05:06', 108, '2020-04-03 16:06:11', 108),
	(13, 188, 200, 500, 108, 121, 0, 0, '000035', 3, 'ERP - Crane Equipindo', 360000000.00, '2020-05-31', 0, '', 0, 0, 0, 'michael.owen@craneequipindo.com', '021-7899999', '', '', 'PT Crane Equipindo', 'Jl. Kebayoran Baru', '', 'Jakarta', 'DKI Jakarta', '13333', 'Indonesia', '', '', '', 'Jakarta', 'DKI Jakarta', '13333', 'Indonesia', 1, 1, '2020-04-06 10:44:57', 108, '2020-04-06 11:47:43', 108),
	(14, 189, 200, 500, 108, 123, 0, 0, '000036', 1, 'CRM - Crane Equipindo', 25000000.00, '2020-04-30', 0, '', 0, 0, 0, 'alicia.moore@craneequipindo.com', '021-7899999', '', '', '', '', '', 'Jakarta', 'DKI Jakarta', '13333', 'Indonesia', '', '', '', 'Jakarta', 'DKI Jakarta', '13333', 'Indonesia', 1, 1, '2020-04-06 16:39:33', 108, '2020-04-06 16:40:20', 108),
	(15, 190, 200, 500, 108, 128, 0, 0, '000037', 2, 'ERP - Food Distribusindo', 405000000.00, '2020-04-30', 0, '', 0, 0, 0, 'thomas.edison@fooddistribusindo.com', '021-8998888', '', '', '', 'Kawasan MM2100 Lot 3F', '', 'Cibitung', 'Bekasi', '13333', 'Indonesia', '', 'Kawasan MM2100 Lot 3F', '', 'Cibitung', 'Bekasi', '13333', 'Indonesia', 1, 1, '2020-04-07 14:30:43', 108, '2020-04-07 14:36:31', 108),
	(16, 193, 200, 500, 106, 130, 0, 0, '000038', 1, 'Project ERP', 65000000.00, '2020-05-29', 0, '', 0, 0, 0, 'mj23@gmail.com', '02343443443', '02134343444', '', 'Test', 'Jalan Madisson Squre no 23', '', 'Jakarta', 'Jakarta', '102323', 'Indonesia', 'Test', 'Jalan Office Bull no 23', '', 'Jakarta', 'Jakarta', '12323', 'Indonesia', 1, 1, '2020-04-07 15:19:54', 106, '2020-04-07 15:26:44', 106),
	(17, 194, 200, 0, 107, 132, 0, 0, '000039', 4, 'HRIS - Amazone Indonesia Technology', 187110000.00, '2020-06-30', 0, '', 15, 10, 110000, 'jason.besos@amazone.co.id', '021-6333333', '', '', 'PT Amazone Indonesia Technology', 'Jl. RE Martadinata No 17', '', 'Jakarta', 'DKI Jakarta', '11540', 'Indonesia', 'PT Amazone Indonesia Technology', 'Jl. RE Martadinata No 17', '', 'Jakarta', 'DKI Jakarta', '11540', 'Indonesia', 1, 1, '2020-04-07 17:04:13', 107, '2020-06-16 09:30:06', 107),
	(18, 171, 200, 500, 103, 90, 0, 0, '000040', 1, 'Maju Makmur - Acumatica', 750000000.00, '2020-04-30', 0, '', 0, 0, 0, 'eko.sureko@gmail.com', '021-6345678', '-', '', 'PT Maju Makmur', 'Jl. Raya Roxy', '', 'Jakarta Barat', 'DKI Jakarta', '12345', 'Indonesia', '', '', '', '', '', '', '', 1, 1, '2020-04-13 13:58:53', 103, '2020-04-13 14:00:13', 103),
	(19, 199, 200, 0, 103, 137, 0, 0, '000041', 2, 'ERP - Amexindo', 455500000.00, '2020-04-30', 0, '', 0, 10, 10000000, 'ryan.johnson@amexindo.com', '021-5444444', '', '', 'PT Amexindo', '', '', '', '', '', '', '', '', '', '', '', '', '', 1, 1, '2020-04-14 11:23:09', 103, '2020-04-14 11:31:18', 103),
	(20, 194, 200, 500, 107, 132, 0, 0, '000042', 1, 'HRIS - Amazone Indonesia Technology', 176110000.00, '2020-07-31', 0, 'Minta diskon tambahan, kasih tambahan diskon 5%', 20, 10, 110000, 'jason.besos@amazone.co.id', '021-6333333', '', '', '', '', '', 'Jakarta', 'DKI Jakarta', '11540', 'Indonesia', '', '', '', 'Jakarta', 'DKI Jakarta', '11540', 'Indonesia', 1, 1, '2020-06-16 08:59:12', 107, '2020-06-16 09:32:12', 107),
	(21, 194, 1, 0, 107, 132, 0, 0, '000043', 0, 'HRIS - Amazone Indonesia Technology', 160000000.00, '2020-07-31', 0, '', 0, 0, 0, 'jason.besos@amazone.co.id', '021-6333333', '', '', '', '', '', 'Jakarta', 'DKI Jakarta', '11540', 'Indonesia', '', '', '', 'Jakarta', 'DKI Jakarta', '11540', 'Indonesia', 1, 1, '2020-06-16 09:00:26', 107, '2020-06-16 09:00:26', 0),
	(22, 201, 200, 500, 1, 148, 0, 0, '000044', 1, 'Project HRIS', 55000000.00, '2020-06-30', 0, 'Test', 0, 10, 0, 'fusch.qwee@management.com', '021-233333', '023-2334344', '', 'Aru', 'Jalan Aji Mumpung no 89', '', 'Jakarta', 'Jakarta', '12999', 'Indonesia', 'Ariu', 'Jalan ABC no 9', '', 'Bandung', 'Bandung', '12323', '', 1, 1, '2020-06-20 22:17:28', 1, '2020-06-20 22:28:36', 1),
	(23, 202, 1, 0, 103, 149, 0, 0, '000045', 0, 'Berkah Jaya - ERP', 50000000.00, '2020-07-31', 0, '', 0, 0, 0, 'fachry.ali@berkahjaya.co.id', '021-5444666', '', '', '', '', '', 'Jakarta', 'DKI Jakarta', '11440', 'Indonesia', '', '', '', '', '', '', '', 1, 1, '2020-06-22 14:43:55', 103, '2020-06-22 14:43:55', 0),
	(24, 207, 200, 500, 103, 152, 0, 0, '000046', 1, 'HRIS - QUAILCOM', 99100000.00, '2020-07-31', 0, '', 0, 10, 100000, 'reeserocha@cuvox.de', '', '', '', '', '661 Wallabout Street, Chelsea, Arkansas, 375', '', '', '', '', '', '', '', '', '', '', '', '', 1, 1, '2020-07-01 14:21:33', 103, '2020-07-01 14:38:18', 103),
	(25, 206, 1, 0, 103, 151, 0, 0, '000047', 0, 'ERP - J Trading', 0.00, '2020-07-31', 0, '', 0, 0, 0, 'anthony.hopkins@jtrading.com', '0215488888', '', '', '', 'Jl. Raya Kebon Jeruk No 9', '', 'Jakarta', 'DKI Jakarta', '11530', 'Indonesia', '', '', '', '', '', '', '', 1, 1, '2020-07-03 16:23:08', 103, '2020-07-03 16:23:08', 0),
	(26, 207, 200, 500, 103, 152, 0, 0, '000048', 3, 'HRIS - QUAILCOM', 99100000.00, '2020-07-31', 0, '', 0, 10, 100000, 'reeserocha@cuvox.de', '', '', '', '', '661 Wallabout Street, Chelsea, Arkansas, 375', '', '', '', '', '', '', '', '', '', '', '', '', 1, 1, '2020-07-03 16:33:41', 103, '2020-07-03 17:08:54', 103),
	(27, 209, 200, 500, 1, 154, 0, 0, '000049', 1, 'Kebutuhan ERP', 15000000.00, '2020-08-31', 0, '', 0, 0, 0, 'deddyokt@gmail.com', '02343444', '02344444', '', 'Jalan', 'Jlana camar indah 5 no 26', '', 'Jakarta', 'Jakarta', '90099', 'Indonesia', 'Ka;ann', 'Jalna', '', 'ajalal', 'akjdfkja', 'adfkjadsf', '', 1, 1, '2020-08-05 17:21:37', 1, '2020-08-05 17:22:20', 1),
	(28, 211, 1, 0, 108, 157, 0, 0, '000050', 0, 'Berkat - ERP', 15000000.00, '2021-07-31', 0, 'Quotation Berkat', 0, 0, 0, 'andi.r@ptberkat.com', '021-3444444', '', '', 'Andi', 'jl ABC', '', 'Jakarta', 'DKI Jakarta', '11000', 'Indonesia', 'Andi', 'jl ABC', '', 'Jakarta', 'DKI Jakarta', '', '', 1, 1, '2021-06-14 17:29:55', 108, '2021-06-14 17:29:55', 0),
	(29, 212, 1, 0, 108, 158, 0, 0, '000051', 0, 'HRIS - Pipe Steel Indonesia', 45000000.00, '2021-08-31', 0, '', 0, 0, 0, 'firmanudin@pipesteelindo.com', '0215433333', '', '', '', '', '', '', '', '', '', '', '', '', '', '', '', '', 1, 1, '2021-06-15 09:01:18', 108, '2021-06-15 09:01:18', 0),
	(30, 213, 300, 500, 108, 159, 0, 0, '000052', 1, 'ERP - Maju Jaya', 27000000.00, '2021-07-31', 0, '', 0, 0, 0, 'kiki@majujaya.com', '021-3444555', '', '', '', 'Jl. Bunder no 75', '', 'Jakarta', 'DKI Jakarta', '', 'Indonesia', '', 'Jl. Bunder no 75', '', 'Jakarta', 'DKI Jakarta', '', '', 1, 1, '2021-07-02 14:58:17', 108, '2021-07-02 15:01:11', 108),
	(31, 214, 200, 500, 108, 160, 0, 0, '000053', 1, 'CRM - Umbrella', 25000000.00, '2021-09-01', 0, '', 0, 0, 0, 'albert.wesker@umbrella..com', '021-5400000', '', '', '', 'Kawasan industri pulogadung kav A5', '', 'Jakarta', 'DKI Jakarta', '11000', 'Indonesia', '', 'Kawasan industri pulogadung kav A5', '', 'Jakarta', 'DKI Jakarta', '', '', 1, 1, '2021-07-30 16:22:28', 108, '2021-07-30 16:23:30', 108),
	(32, 215, 200, 500, 108, 162, 0, 0, '000054', 1, 'ERP - Foodindo', 40500000.00, '2021-10-01', 0, 'Acumatica ERP', 0, 0, 0, 'andrew.berry@foodindo.com', '021 5366666', '', '', '', 'Kawasan industri manis kav E5', '', 'Tangerang', 'Banten', '15148', 'Indonesia', '', 'Kawasan industri manis kav E5', '', 'Tangerang', 'Banten', '', '', 1, 1, '2021-08-03 16:11:28', 108, '2021-08-03 16:12:43', 108),
	(33, 216, 200, 0, 108, 163, 0, 0, '000055', 1, 'ERP - Techadvance', 40500000.00, '2021-08-31', 0, '', 0, 0, 0, 'alfred.musk@techadvance.com', '021-6500077', '', '', '', 'Jl Tambora no 99', '', 'Jakarta', 'DKI Jakarta', '14000', 'Indonesia', '', 'Jl Tambora no 99', '', 'Jakarta', 'DKI Jakarta', '', '', 1, 1, '2021-08-13 14:46:39', 108, '2021-08-13 14:47:35', 108),
	(34, 217, 200, 500, 108, 164, 0, 0, '000056', 1, 'ERP - Indohealth', 30000000.00, '2021-08-31', 0, '', 0, 0, 0, 'csnow@indohealth.com', '021-5488888', '', '', '', 'Jl kebon jeruk no 40', '', 'Jakarta', 'DKI Jakarta', '11530', 'Indonesia', '', 'Jl kebon jeruk no 40', '', 'Jakarta', 'DKI Jakarta', '', '', 1, 1, '2021-08-13 15:14:03', 108, '2021-08-13 15:14:54', 108),
	(35, 218, 200, 0, 108, 165, 0, 0, '000057', 1, 'SalesTrax - Universal Crane Indonesia', 49500000.00, '2021-09-01', 0, '', 0, 10, 0, 'aimran@universalcrane.com', '021-4580000', '', '', '', 'Jl kelapa gading no 38E', '', 'Jakarta', 'DKI Jakarta', '11400', 'Indonesia', '', 'Jl kelapa gading no 38E', '', 'Jakarta', 'DKI Jakarta', '', '', 1, 1, '2021-08-13 16:07:42', 108, '2021-08-13 16:11:03', 108),
	(36, 219, 1, 0, 1, 166, 0, 0, '000058', 1, 'Kenutuha  alat', 0.00, '2021-12-24', 0, '', 0, 0, 0, 'edo.suhendra@gmail.com', '077e77e7e', '', '', '', 'Jakarta', '', '', '', '', 'Indonesia', '', '', '', '', '', '', '', 1, 1, '2021-12-26 14:39:30', 1, '2021-12-26 14:39:30', 0),
	(37, 220, 200, 500, 103, 167, 0, 0, '000059', 1, 'Butuh alat operaso', 450000000.00, '2022-01-30', 0, '', 0, 0, 0, 'rhim@gmail.com', '08828283', '', '', '', '38833', '', 'Jakarta', 'Jakarta', '11490', 'Indonesia', '', '38833', '', 'Jakarta', 'Jakarta', '', '', 1, 1, '2022-01-18 12:27:32', 103, '2022-01-18 12:30:46', 103),
	(38, 221, 200, 500, 103, 168, 0, 0, '000060', 1, 'Butuh alat mri', 500000000.00, '2022-01-22', 0, '', 0, 0, 0, 'budi@gmail.com', '', '', '', '', '', '', '', '', '', '', '', '', '', '', '', '', '', 1, 1, '2022-01-18 15:58:45', 1, '2022-01-18 16:00:59', 1),
	(39, 222, 200, 400, 1, 170, 0, 1, '000061', 1, 'Investasi Emas', 25500000.00, '2022-09-30', 0, 'test quote', 0, 0, 0, 'herry@susanto.com', '023-343439', '023-3243434', '', '', 'Jalan Indah 9 no 23', '', 'Jakarta', 'Jakarta', '12000', 'Indonesia', '', '', '', '', '', '', '', 1, 1, '2022-09-15 11:56:42', 1, '2022-09-15 12:02:14', 1),
	(40, 223, 200, 500, 1, 171, 0, 0, '000062', 1, 'Mau beli Forex', 28000000.00, '2022-09-30', 0, 'dafdsafas', 0, 0, 0, 'anton.kusuma@gmail.com', '02323303', '023343434', '', 'fadsfas', 'Jlana Aman Jaya', '', 'Jakarta', 'Jakarta', 'Jakart', 'Indonesia', 'sadfdsaf', '', '', '', '', '', '', 1, 1, '2022-09-15 14:40:30', 1, '2022-09-15 14:42:31', 1),
	(41, 224, 200, 500, 103, 173, 0, 1, '000063', 1, 'Kebuthan USD Deposito', 25000000.00, '2022-12-31', 0, '', 0, 0, 0, 'salaim@gmail.com', '234343434', '2343', '', 'dabfc', 'jalan ambon', '', 'jakarta', 'jakarta', '1223', 'Indonesia', '', '', '', '', '', '', '', 1, 1, '2022-12-22 16:17:22', 1, '2022-12-22 16:20:14', 1),
	(42, 226, 1, 0, 118, 178, 0, 0, '000064', 4, 'A1-1-1', 0.00, '2026-07-05', 0, '', 0, 0, 0, 'A1-1-1@email.com', '', '', '', '', '', '', '', '', '', '', '', '', '', '', '', '', '', 1, 1, '2026-07-02 13:33:15', 118, '2026-07-02 13:33:15', 0);

-- Dumping structure for table crm.co.id.crm3_quote_detail
CREATE TABLE IF NOT EXISTS `crm3_quote_detail` (
  `id` int(11) NOT NULL AUTO_INCREMENT,
  `id_quote` int(11) NOT NULL DEFAULT 0,
  `id_product` int(11) NOT NULL DEFAULT 0,
  `id_price_list` int(11) NOT NULL DEFAULT 0,
  `description` text NOT NULL,
  `price` float NOT NULL DEFAULT 0,
  `discount` float NOT NULL DEFAULT 0,
  `qty` int(6) NOT NULL DEFAULT 0,
  `total` float NOT NULL DEFAULT 0,
  `status` int(1) NOT NULL DEFAULT 1,
  `presence` int(1) NOT NULL DEFAULT 1,
  `sorting` int(3) NOT NULL DEFAULT 999,
  `input_date` datetime NOT NULL DEFAULT '2019-01-01 00:00:00',
  `input_by` int(11) NOT NULL DEFAULT 0,
  `update_date` datetime NOT NULL DEFAULT '2019-01-01 00:00:00',
  `update_by` int(11) NOT NULL DEFAULT 0,
  PRIMARY KEY (`id`)
) ENGINE=InnoDB AUTO_INCREMENT=55 DEFAULT CHARSET=latin1 COLLATE=latin1_swedish_ci;

-- Dumping data for table crm.co.id.crm3_quote_detail: ~54 rows (approximately)
INSERT INTO `crm3_quote_detail` (`id`, `id_quote`, `id_product`, `id_price_list`, `description`, `price`, `discount`, `qty`, `total`, `status`, `presence`, `sorting`, `input_date`, `input_by`, `update_date`, `update_by`) VALUES
	(1, 1, 1, 0, 'Software Acumatica ERP\nProduct ERP dari USA\nModule nya banyak.', 15000000, 0, 1, 15000000, 1, 1, 1, '2020-03-07 13:53:15', 0, '2020-03-07 13:53:15', 0),
	(2, 2, 1, 0, 'Software Acumatica ERP\nProduct ERP dari USA\nModule nya banyak.', 15000000, 26, 50, 555000000, 1, 1, 999, '2020-03-12 15:46:12', 1, '2020-06-15 17:39:11', 1),
	(3, 3, 2, 0, 'CRM saas per solution', 25000000, 10, 3, 67500000, 1, 1, 1, '2020-03-23 17:20:46', 0, '2020-03-23 17:28:28', 103),
	(4, 4, 2, 0, 'CRM saas per solution', 25000000, 0, 1, 25000000, 1, 1, 1, '2020-03-27 11:04:37', 0, '2020-03-27 11:04:37', 0),
	(5, 5, 2, 0, 'CRM saas per solution', 25000000, 10, 2, 45000000, 1, 1, 999, '2020-04-01 15:26:19', 103, '2020-04-01 15:27:38', 103),
	(6, 6, 1, 0, 'Software Acumatica ERP\nProduct ERP dari USA\nModule nya banyak.', 15000000, 0, 10, 150000000, 1, 1, 1, '2020-04-01 16:11:29', 0, '2020-04-01 16:13:11', 103),
	(7, 7, 1, 0, 'Software Acumatica ERP\nProduct ERP dari USA\nModule nya banyak.', 15000000, 0, 10, 150000000, 1, 1, 999, '2020-04-01 17:27:51', 107, '2020-04-01 17:27:57', 107),
	(8, 8, 2, 0, 'CRM saas per solution', 25000000, 10, 2, 45000000, 1, 1, 1, '2020-04-02 14:40:56', 0, '2020-04-02 14:55:49', 103),
	(9, 9, 2, 0, 'CRM saas per solution', 25000000, 10, 2, 45000000, 1, 1, 1, '2020-04-02 14:40:56', 0, '2020-04-02 14:54:27', 103),
	(10, 10, 4, 0, 'Untuk perubahan screen dan penambahan fitur di module finance', 1000000, 0, 25, 25000000, 1, 1, 1, '2020-04-02 16:31:53', 0, '2020-04-02 16:41:39', 108),
	(11, 11, 3, 0, 'Jasa support Offiste Annually:\n- Betulin bugs\n- support offiste\n- Case basis solution', 60000000, 10, 1, 54000000, 1, 1, 1, '2020-04-03 11:22:00', 0, '2020-04-03 11:24:50', 108),
	(12, 12, 1, 0, 'Software Acumatica ERP\nProduct ERP dari USA\nModule nya banyak.', 15000000, 0, 40, 600000000, 1, 1, 1, '2020-04-03 15:56:24', 0, '2020-04-03 16:05:18', 108),
	(13, 13, 1, 0, 'Software Acumatica ERP\nProduct ERP dari USA\nModule nya banyak.', 15000000, 20, 30, 360000000, 1, 1, 1, '2020-04-06 10:41:27', 0, '2020-04-06 11:45:15', 107),
	(14, 14, 2, 0, 'CRM saas per solution', 25000000, 0, 1, 25000000, 1, 1, 1, '2020-04-06 15:08:39', 0, '2020-04-06 15:08:39', 0),
	(15, 15, 1, 0, 'Software Acumatica ERP\nProduct ERP dari USA\nModule nya banyak.', 15000000, 10, 30, 405000000, 1, 1, 1, '2020-04-07 14:18:15', 0, '2020-04-07 14:36:12', 108),
	(16, 16, 1, 0, 'Software Acumatica ERP\nProduct ERP dari USA\nModule nya banyak.', 15000000, 0, 1, 15000000, 1, 1, 1, '2020-04-07 15:14:07', 0, '2020-04-07 15:14:07', 0),
	(17, 16, 7, 0, '', 50000000, 0, 1, 50000000, 1, 1, 2, '2020-04-07 15:14:07', 0, '2020-04-07 15:14:07', 0),
	(18, 17, 5, 0, 'Software HRIS payroll perusahaan.', 50000000, 0, 4, 200000000, 1, 1, 1, '2020-04-07 17:02:41', 0, '2020-04-08 14:24:58', 7),
	(19, 18, 1, 0, 'Software Acumatica ERP\nProduct ERP dari USA\nModule nya banyak.', 15000000, 0, 50, 750000000, 1, 1, 1, '2020-03-09 09:26:33', 0, '2020-04-13 13:59:18', 103),
	(20, 19, 1, 0, 'Software Acumatica ERP\nProduct ERP dari USA\nModule nya banyak.', 15000000, 10, 30, 405000000, 1, 1, 999, '2020-04-14 11:23:24', 103, '2020-04-14 11:30:58', 103),
	(21, 2, 5, 0, 'Software HRIS payroll perusahaan.', 50000000, 0, 1, 50000000, 1, 0, 999, '2020-06-15 17:29:05', 1, '2020-06-15 18:00:27', 1),
	(22, 2, 6, 0, 'Software Point Reward', 15000000, 0, 1, 15000000, 1, 0, 999, '2020-06-15 17:29:05', 1, '2020-06-15 17:41:59', 1),
	(23, 2, 5, 0, 'Software HRIS payroll perusahaan.', 50000000, 0, 1, 50000000, 1, 0, 999, '2020-06-15 18:00:19', 1, '2020-06-15 18:00:27', 1),
	(24, 2, 6, 0, 'Software Point Reward', 15000000, 0, 1, 15000000, 1, 0, 999, '2020-06-15 18:02:13', 1, '2020-06-15 18:02:16', 1),
	(25, 2, 6, 0, 'Software Point Reward', 15000000, 0, 1, 15000000, 1, 0, 999, '2020-06-15 18:02:13', 1, '2020-06-15 18:02:16', 1),
	(26, 2, 7, 0, '', 50000000, 0, 1, 50000000, 1, 1, 999, '2020-06-15 18:02:24', 1, '2020-06-15 18:02:24', 0),
	(27, 20, 5, 0, 'Software HRIS payroll perusahaan.', 50000000, 0, 4, 200000000, 1, 1, 1, '2020-04-07 17:02:41', 0, '2020-06-16 09:05:59', 107),
	(28, 21, 5, 0, 'Software HRIS payroll perusahaan.', 50000000, 20, 4, 160000000, 1, 1, 1, '2020-04-07 17:02:41', 0, '2020-06-16 09:00:47', 107),
	(29, 4, 5, 0, 'Software HRIS payroll perusahaan.', 50000000, 0, 1, 50000000, 1, 1, 999, '2020-06-19 13:12:59', 1, '2020-06-19 13:12:59', 0),
	(30, 4, 4, 0, 'Jasa custom per ruang linkgup', 1000000, 0, 1, 1000000, 1, 1, 999, '2020-06-19 13:12:59', 1, '2020-06-19 13:12:59', 0),
	(31, 4, 7, 0, '', 50000000, 0, 1, 50000000, 1, 1, 999, '2020-06-19 13:12:59', 1, '2020-06-19 13:12:59', 0),
	(32, 22, 5, 0, 'Software HRIS payroll perusahaan.', 50000000, 0, 1, 50000000, 1, 1, 1, '2020-06-20 22:09:26', 0, '2020-06-20 22:09:26', 0),
	(33, 23, 7, 0, '', 50000000, 0, 1, 50000000, 1, 1, 1, '2020-06-22 14:41:36', 0, '2020-06-22 14:41:36', 0),
	(34, 24, 5, 0, 'Software HRIS payroll perusahaan.', 50000000, 10, 2, 90000000, 1, 1, 999, '2020-07-01 14:25:21', 103, '2020-07-01 14:32:46', 103),
	(35, 25, 1, 0, 'Software Acumatica ERP\nProduct ERP dari USA\nModule nya banyak.', 15000000, 0, 1, 15000000, 1, 0, 999, '2020-07-03 16:23:56', 103, '2020-07-03 16:26:22', 103),
	(36, 25, 1, 0, 'Software Acumatica ERP\nProduct ERP dari USA\nModule nya banyak.', 15000000, 0, 1, 15000000, 1, 0, 999, '2020-07-03 16:27:48', 103, '2020-07-03 16:28:01', 103),
	(37, 26, 5, 0, 'Software HRIS payroll perusahaan.', 50000000, 10, 2, 90000000, 1, 1, 999, '2020-07-03 16:35:48', 103, '2020-07-03 16:55:05', 103),
	(38, 27, 1, 0, 'Software Acumatica ERP\nProduct ERP dari USA\nModule nya banyak.', 15000000, 0, 1, 15000000, 1, 1, 1, '2020-08-05 17:19:59', 0, '2020-08-05 17:19:59', 0),
	(39, 28, 1, 0, 'Software Acumatica ERP\nProduct ERP dari USA\nModule nya banyak.', 15000000, 0, 1, 15000000, 1, 1, 1, '2021-06-14 17:23:11', 0, '2021-06-14 17:23:11', 0),
	(40, 29, 5, 0, 'Software HRIS payroll perusahaan.', 50000000, 10, 1, 45000000, 1, 1, 999, '2021-06-15 09:01:43', 108, '2021-06-15 09:01:53', 108),
	(41, 30, 1, 0, 'Software Acumatica ERP\nProduct ERP dari USA\nModule nya banyak.', 15000000, 10, 2, 27000000, 1, 1, 1, '2021-07-02 14:56:41', 0, '2021-07-02 14:58:44', 108),
	(42, 31, 2, 0, 'CRM saas per solution', 25000000, 0, 1, 25000000, 1, 1, 1, '2021-07-30 16:21:20', 0, '2021-07-30 16:21:20', 0),
	(43, 32, 1, 0, 'Software Acumatica ERP\nProduct ERP dari USA\nModule nya banyak.', 15000000, 10, 3, 40500000, 1, 1, 1, '2021-08-03 16:10:09', 0, '2021-08-03 16:11:54', 108),
	(44, 33, 1, 0, 'Software Acumatica ERP\nProduct ERP dari USA\nModule nya banyak.', 15000000, 10, 3, 40500000, 1, 1, 1, '2021-08-13 14:44:54', 0, '2021-08-13 14:47:05', 108),
	(45, 34, 1, 0, 'Software Acumatica ERP\nProduct ERP dari USA\nModule nya banyak.', 15000000, 0, 2, 30000000, 1, 1, 1, '2021-08-13 15:12:40', 0, '2021-08-13 15:14:17', 108),
	(46, 35, 2, 0, 'CRM saas per solution', 25000000, 10, 2, 45000000, 1, 1, 1, '2021-08-13 16:06:24', 0, '2021-08-13 16:08:03', 108),
	(47, 37, 16, 0, 'Alat MRI operationsl SKU 23000044', 500000000, 10, 1, 450000000, 1, 1, 1, '2022-01-18 12:26:03', 0, '2022-01-18 12:30:26', 103),
	(48, 38, 16, 0, 'Alat MRI operationsl SKU 23000044', 500000000, 0, 1, 500000000, 1, 1, 999, '2022-01-18 15:59:22', 1, '2022-01-18 15:59:22', 0),
	(49, 39, 11, 0, 'Simpanan nasabah dengan minimum setoran awal Rp 500,000', 500000, 0, 1, 500000, 1, 1, 999, '2022-09-15 11:59:13', 1, '2022-09-15 11:59:13', 0),
	(50, 39, 12, 0, 'Tabungan dengan bunga 1% dengan setoran awal minimum Rp. 25,000,000 dan hanya dapat diambill setahun sekali', 25000000, 0, 1, 25000000, 1, 1, 999, '2022-09-15 11:59:13', 1, '2022-09-15 11:59:13', 0),
	(51, 40, 12, 0, 'Tabungan dengan bunga 1% dengan setoran awal minimum Rp. 25,000,000 dan hanya dapat diambill setahun sekali', 25000000, 10, 1, 22500000, 1, 1, 1, '2022-09-15 14:38:22', 0, '2022-09-15 14:40:50', 1),
	(52, 40, 11, 0, 'Simpanan nasabah dengan minimum setoran awal Rp 500,000', 500000, 0, 1, 500000, 1, 1, 2, '2022-09-15 14:38:22', 0, '2022-09-15 14:38:22', 0),
	(53, 40, 14, 0, '', 5000000, 0, 1, 5000000, 1, 1, 3, '2022-09-15 14:38:22', 0, '2022-09-15 14:38:22', 0),
	(54, 41, 12, 0, 'Tabungan dengan bunga 1% dengan setoran awal minimum Rp. 25,000,000 dan hanya dapat diambill setahun sekali', 25000000, 0, 1, 25000000, 1, 1, 999, '2022-12-22 16:19:21', 1, '2022-12-22 16:19:21', 0);

-- Dumping structure for table crm.co.id.crm3_quote_status
CREATE TABLE IF NOT EXISTS `crm3_quote_status` (
  `id` int(3) NOT NULL AUTO_INCREMENT,
  `name` varchar(50) NOT NULL DEFAULT '',
  `closed` int(2) NOT NULL DEFAULT 0,
  `note` text NOT NULL,
  PRIMARY KEY (`id`)
) ENGINE=InnoDB AUTO_INCREMENT=501 DEFAULT CHARSET=latin1 COLLATE=latin1_swedish_ci;

-- Dumping data for table crm.co.id.crm3_quote_status: ~5 rows (approximately)
INSERT INTO `crm3_quote_status` (`id`, `name`, `closed`, `note`) VALUES
	(1, 'Draft', 0, 'Daft baru'),
	(200, 'Process', 0, 'Send ke cuostmer '),
	(300, 'Revision', 0, 'Revisi Penawaran Anda'),
	(400, 'Reject', 1, 'Project Gagal'),
	(500, 'Approved by Customer', 1, 'Customer Sudah setuju dengan penawarana anda');

-- Dumping structure for table crm.co.id.crm3_sales_order
CREATE TABLE IF NOT EXISTS `crm3_sales_order` (
  `id` int(11) NOT NULL AUTO_INCREMENT,
  `id_company` int(11) NOT NULL DEFAULT 0,
  `id_opportunity` int(11) NOT NULL DEFAULT 0,
  `id_user` int(9) NOT NULL DEFAULT 0,
  `id_contact` int(9) NOT NULL DEFAULT 0,
  `id_quote` int(9) NOT NULL DEFAULT 0,
  `so_number` varchar(50) NOT NULL DEFAULT '0',
  `name` varchar(250) NOT NULL DEFAULT '',
  `grand_total` float(20,2) NOT NULL DEFAULT 0.00,
  `expired_date` date NOT NULL DEFAULT '2019-01-01',
  `id_template` int(11) NOT NULL DEFAULT 0,
  `description` text NOT NULL,
  `discount` float NOT NULL DEFAULT 0,
  `tax` float NOT NULL DEFAULT 0,
  `shipping` float NOT NULL DEFAULT 0,
  `email` text NOT NULL,
  `phone` text NOT NULL,
  `fax` text NOT NULL,
  `term` text NOT NULL,
  `bill_name` varchar(250) NOT NULL DEFAULT '',
  `bill_street1` varchar(250) NOT NULL DEFAULT '',
  `bill_street2` varchar(250) NOT NULL DEFAULT '',
  `bill_city` varchar(250) NOT NULL DEFAULT '',
  `bill_state` varchar(250) NOT NULL DEFAULT '',
  `bill_code` varchar(250) NOT NULL DEFAULT '',
  `bill_country` varchar(250) NOT NULL DEFAULT '',
  `ship_name` varchar(250) NOT NULL DEFAULT '',
  `ship_street1` varchar(250) NOT NULL DEFAULT '',
  `ship_street2` varchar(250) NOT NULL DEFAULT '',
  `ship_city` varchar(250) NOT NULL DEFAULT '',
  `ship_state` varchar(250) NOT NULL DEFAULT '',
  `ship_code` varchar(250) NOT NULL DEFAULT '',
  `ship_country` varchar(250) NOT NULL DEFAULT '',
  `id_sales_order_status` int(3) NOT NULL DEFAULT 1,
  `status` int(1) NOT NULL DEFAULT 1,
  `presence` int(1) NOT NULL DEFAULT 1,
  `input_date` datetime NOT NULL DEFAULT '2019-01-01 00:00:00',
  `input_by` int(11) NOT NULL DEFAULT 0,
  `update_date` datetime NOT NULL DEFAULT '2019-01-01 00:00:00',
  `update_by` int(11) NOT NULL DEFAULT 0,
  PRIMARY KEY (`id`),
  UNIQUE KEY `quotes_number` (`so_number`)
) ENGINE=InnoDB AUTO_INCREMENT=28 DEFAULT CHARSET=latin1 COLLATE=latin1_swedish_ci;

-- Dumping data for table crm.co.id.crm3_sales_order: ~27 rows (approximately)
INSERT INTO `crm3_sales_order` (`id`, `id_company`, `id_opportunity`, `id_user`, `id_contact`, `id_quote`, `so_number`, `name`, `grand_total`, `expired_date`, `id_template`, `description`, `discount`, `tax`, `shipping`, `email`, `phone`, `fax`, `term`, `bill_name`, `bill_street1`, `bill_street2`, `bill_city`, `bill_state`, `bill_code`, `bill_country`, `ship_name`, `ship_street1`, `ship_street2`, `ship_city`, `ship_state`, `ship_code`, `ship_country`, `id_sales_order_status`, `status`, `presence`, `input_date`, `input_by`, `update_date`, `update_by`) VALUES
	(1, 145, 170, 1, 87, 1, '000042', 'Project ERP - Core System', 13860000.00, '2020-03-07', 0, '', 16, 10, 0, 'dbeckham@salesforce.co.id', '023323233', '023322333', '0', 'PT. AYO MAJU', 'Jalan Testring Street No 23', '', 'Jakarta', 'Jakarta', '12322', 'Indonesia', 'PT. AYO MAJU', 'Jalan Cermai Indah Kalibar no 93', '', 'Jakarta', 'Jakarta', '12220', '', 1, 1, 1, '2020-03-07 14:49:59', 1, '2020-06-24 15:28:58', 1),
	(2, 150, 173, 1, 95, 2, '000043', 'CRM dmozzz', 15000000.00, '2020-03-12', 0, 'dfdfs', 0, 0, 0, 'felix@halim.com', '0343434343343', '', '0', '', 'Jalan Utara', '', 'Jaakrta', 'Jakatra Timur', '213434', 'Indonesia', '', '', '', '', '', '', '', 1, 1, 1, '2020-03-12 15:50:21', 1, '2020-03-12 15:50:21', 0),
	(3, 161, 178, 103, 102, 3, '000044', 'CRM - Maju Karya Bersama', 67500000.00, '2020-03-23', 0, '', 0, 0, 0, 'richard.b@majukaryabersama.com', '021-6255225', '', '0', '', '', '', '', '', '', '', '', '', '', '', '', '', '', 900, 1, 1, '2020-03-23 17:33:47', 103, '2020-03-23 17:34:16', 103),
	(4, 164, 180, 103, 106, 4, '000045', 'CRM - Berkah Jaya', 25000000.00, '2020-03-27', 0, '', 0, 0, 0, 'belle@berkahjaya.co.id', '021-6255225', '', '0', 'Belle Bellamy', 'Jl. Palmerah Raya ', '', 'Jakarta', 'DKI Jakarta', '11440', 'Indonesia', '', '', '', '', '', '', '', 900, 1, 1, '2020-03-27 11:43:34', 103, '2020-03-27 11:48:10', 103),
	(5, 169, 181, 103, 107, 5, '000046', 'CRM - Retail Bahagia Selalu', 45000000.00, '2020-04-01', 0, '', 0, 0, 0, 'arifin@retailbs.com', '021-7498888', '', '0', 'Bapak Arifin', 'Jl. Kebayoran Lama', '', 'Jakarta', 'DKI Jakarta', '11540', '', '', '', '', '', '', '', '', 900, 1, 1, '2020-04-01 15:36:11', 103, '2020-04-01 15:36:16', 103),
	(6, 170, 183, 107, 110, 7, '000047', 'ERP - Jaya Makmur', 150000000.00, '2020-04-01', 0, '', 0, 0, 0, 'barbie@jayamakmur.co.id', '021-33433456', '', '0', 'Jl Kamboja No 10', '', '', 'Jakarta', 'DKI Jakarta', '11540', 'Indonesia', '', '', '', 'Jakarta', 'DKI Jakarta', '11540', 'Indonesia', 1, 1, 1, '2020-04-01 17:32:28', 107, '2021-08-02 16:03:16', 107),
	(7, 163, 184, 103, 112, 8, '000048', 'CRM - Bangun Perkasa', 75000000.00, '2020-04-02', 0, '', 0, 0, 0, 'bangun@perkasa.com', '02300000000', '03999999999', '0', '', '', '', 'Jakarta', 'Jakarta Pusat', '10344', 'Indonesia', '', '', '', 'Jakarta', 'Jakarta Pusat', '10340', 'Indonesia', 400, 1, 1, '2020-04-02 15:06:59', 103, '2020-06-17 14:46:13', 1),
	(8, 170, 185, 108, 113, 10, '000049', 'Custom - Jaya Makmur', 25000000.00, '2020-04-02', 0, '', 0, 0, 0, 'barbie@jayamakmur.co.id', '021-33433456', '', '0', '', '', '', 'Jakarta', 'DKI Jakarta', '11540', 'Indonesia', '', '', '', 'Jakarta', 'DKI Jakarta', '11540', 'Indonesia', 1, 1, 1, '2020-04-02 17:03:08', 108, '2020-04-02 17:03:08', 0),
	(9, 171, 186, 108, 115, 11, '000050', 'Support - Subur Makmur', 54000000.00, '2020-04-03', 0, '', 0, 0, 0, 'rocky@suburmakmur.com', '021-6900000', '', '0', 'PT Subur Makmur', 'Jl. RE Martadinata Ni 12', '', 'Jakarta', 'DKI Jakarta', '12345', 'Indonesia', '', '', '', 'Jakarta', 'DKI Jakarta', '12345', 'Indonesia', 1, 1, 1, '2020-04-03 11:35:23', 108, '2020-04-03 11:35:23', 0),
	(10, 174, 188, 108, 121, 13, '000051', 'ERP - Crane Equipindo', 360000000.00, '2020-04-06', 0, '', 0, 0, 0, 'michael.owen@craneequipindo.com', '021-7899999', '', '0', 'PT Crane Equipindo', 'Jl. Kebayoran Baru', '', 'Jakarta', 'DKI Jakarta', '13333', 'Indonesia', '', '', '', 'Jakarta', 'DKI Jakarta', '13333', 'Indonesia', 1, 1, 1, '2020-04-06 11:49:28', 108, '2020-04-06 11:49:28', 0),
	(11, 177, 190, 108, 128, 15, '000052', 'ERP - Food Distribusindo', 405000000.00, '2020-04-07', 0, '', 0, 0, 0, 'thomas.edison@fooddistribusindo.com', '021-8998888', '', '0', '', 'Kawasan MM2100 Lot 3F', '', 'Cibitung', 'Bekasi', '13333', 'Indonesia', '', 'Kawasan MM2100 Lot 3F', '', 'Cibitung', 'Bekasi', '13333', 'Indonesia', 900, 1, 1, '2020-04-07 15:17:31', 108, '2020-04-07 15:17:40', 108),
	(12, 146, 171, 103, 90, 0, '000053', 'ERP - Maju Makmur', 750000000.00, '2020-04-13', 0, '0', 0, 0, 0, '0', '0', '0', '0', '', '', '', '', '', '', '', '', '', '', '', '', '', '', 1, 1, 1, '2020-04-13 14:04:33', 103, '2020-04-13 14:05:42', 103),
	(13, 169, 181, 103, 107, 5, '000054', 'CRM - Retail Bahagia Selalu', 45000000.00, '2020-06-17', 0, 'Test Felix CRM mobile', 0, 0, 0, 'arifin@retailbs.com', '021-7498888', '', '0', 'Bapak Arifin', 'Jl. Kebayoran Lama', '', 'Jakarta', 'DKI Jakarta', '11540', '', '', '', '', '', '', '', '', 1, 1, 1, '2020-06-17 14:55:44', 1, '2020-06-17 14:55:44', 0),
	(14, 179, 194, 107, 132, 20, '000055', 'HRIS - Amazone Indonesia Technology', 176110000.00, '2020-06-17', 0, 'Minta diskon tambahan, kasih tambahan diskon 5%', 20, 10, 110000, 'jason.besos@amazone.co.id', '021-6333333', '', '0', '', '', '', 'Jakarta', 'DKI Jakarta', '11540', 'Indonesia', '', '', '', 'Jakarta', 'DKI Jakarta', '11540', 'Indonesia', 1, 1, 1, '2020-06-17 17:09:05', 107, '2020-06-24 15:44:59', 1),
	(15, 188, 201, 1, 148, 22, '000056', 'Project HRIS', 55000000.00, '2020-06-20', 0, 'Test', 0, 10, 0, 'fusch.qwee@management.com', '021-233333', '023-2334344', '0', 'Aru', 'Jalan Aji Mumpung no 89', '', 'Jakarta', 'Jakarta', '12999', 'Indonesia', 'Ariu', 'Jalan ABC no 9', '', 'Bandung', 'Bandung', '12323', '', 1, 1, 1, '2020-06-20 22:31:04', 1, '2020-06-20 22:31:04', 0),
	(16, 162, 179, 103, 103, 0, '000057', 'Project Red Redemption 2', 0.00, '2020-06-24', 0, '0', 0, 0, 0, '0', '0', '0', '0', '', '', '', '', '', '', '', '', '', '', '', '', '', '', 1, 1, 1, '2020-06-24 14:19:52', 1, '2020-06-24 14:19:52', 0),
	(17, 191, 207, 103, 152, 24, '000058', 'HRIS - QUAILCOM', 99100000.00, '2020-07-01', 0, '', 0, 10, 100000, 'reeserocha@cuvox.de', '', '', '0', '', '661 Wallabout Street, Chelsea, Arkansas, 375', '', '', '', '', '', '', '', '', '', '', '', '', 400, 1, 1, '2020-07-01 14:58:01', 103, '2020-07-06 14:18:11', 103),
	(18, 196, 211, 108, 157, 28, '000059', 'Berkat - ERP', 15000000.00, '2021-06-14', 0, 'Quotation Berkat', 0, 0, 0, 'andi.r@ptberkat.com', '021-3444444', '', '0', 'Andi', 'jl ABC', '', 'Jakarta', 'DKI Jakarta', '11000', 'Indonesia', 'Andi', 'jl ABC', '', 'Jakarta', 'DKI Jakarta', '', '', 1, 1, 1, '2021-06-14 17:33:19', 108, '2021-06-14 17:33:19', 0),
	(19, 198, 213, 108, 159, 30, '000060', 'ERP - Maju Jaya', 27000000.00, '2021-07-02', 0, '', 0, 0, 0, 'kiki@majujaya.com', '021-3444555', '', '0', '', 'Jl. Bunder no 75', '', 'Jakarta', 'DKI Jakarta', '', 'Indonesia', '', 'Jl. Bunder no 75', '', 'Jakarta', 'DKI Jakarta', '', '', 1, 1, 1, '2021-07-02 15:03:49', 108, '2021-07-02 15:03:49', 0),
	(20, 199, 214, 108, 160, 31, '000061', 'CRM - Umbrella', 25000000.00, '2021-07-30', 0, '', 0, 0, 0, 'albert.wesker@umbrella..com', '021-5400000', '', '0', '', 'Kawasan industri pulogadung kav A5', '', 'Jakarta', 'DKI Jakarta', '11000', 'Indonesia', '', 'Kawasan industri pulogadung kav A5', '', 'Jakarta', 'DKI Jakarta', '', '', 1, 1, 1, '2021-07-30 16:26:56', 108, '2021-07-30 16:27:53', 107),
	(21, 201, 215, 108, 162, 0, '000062', 'SO Foodindo', 40500000.00, '2021-08-03', 0, 'Acumatica', 0, 0, 0, '0', '0', '0', '0', '', '', '', '', '', '', '', '', '', '', '', '', '', '', 1, 1, 1, '2021-08-03 16:15:25', 108, '2021-08-03 16:16:10', 108),
	(22, 202, 216, 108, 163, 33, '000063', 'ERP - Techadvance', 40500000.00, '2021-08-13', 0, '', 0, 0, 0, 'alfred.musk@techadvance.com', '021-6500077', '', '0', '', 'Jl Tambora no 99', '', 'Jakarta', 'DKI Jakarta', '14000', 'Indonesia', '', 'Jl Tambora no 99', '', 'Jakarta', 'DKI Jakarta', '', '', 1, 1, 1, '2021-08-13 14:51:04', 108, '2021-08-13 14:51:04', 0),
	(23, 203, 217, 108, 164, 34, '000064', 'ERP - Indohealth', 30000000.00, '2021-08-13', 0, '', 0, 0, 0, 'csnow@indohealth.com', '021-5488888', '', '0', '', 'Jl kebon jeruk no 40', '', 'Jakarta', 'DKI Jakarta', '11530', 'Indonesia', '', 'Jl kebon jeruk no 40', '', 'Jakarta', 'DKI Jakarta', '', '', 1, 1, 1, '2021-08-13 15:17:21', 108, '2021-08-13 15:17:21', 0),
	(24, 204, 218, 108, 165, 35, '000065', 'SalesTrax - Universal Crane Indonesia', 49500000.00, '2021-08-13', 0, '', 0, 10, 0, 'aimran@universalcrane.com', '021-4580000', '', '0', '', 'Jl kelapa gading no 38E', '', 'Jakarta', 'DKI Jakarta', '11400', 'Indonesia', '', 'Jl kelapa gading no 38E', '', 'Jakarta', 'DKI Jakarta', '', '', 1, 1, 1, '2021-08-13 16:13:43', 108, '2021-08-13 16:13:43', 0),
	(25, 205, 219, 1, 166, 36, '000066', 'Kenutuha  alat', 0.00, '2021-12-26', 0, '', 0, 0, 0, 'edo.suhendra@gmail.com', '077e77e7e', '', '0', '', 'Jakarta', '', '', '', '', 'Indonesia', '', '', '', '', '', '', '', 1, 1, 1, '2021-12-26 14:40:59', 1, '2021-12-26 14:40:59', 0),
	(26, 206, 220, 103, 167, 37, '000067', 'Butuh alat operaso', 450000000.00, '2022-01-18', 0, '', 0, 0, 0, 'rhim@gmail.com', '08828283', '', '0', '', '38833', '', 'Jakarta', 'Jakarta', '11490', 'Indonesia', '', '38833', '', 'Jakarta', 'Jakarta', '', '', 1, 1, 1, '2022-01-18 12:32:04', 103, '2022-01-18 12:32:04', 0),
	(27, 210, 223, 1, 171, 40, '000068', 'Mau beli Forex', 28000000.00, '2022-09-15', 0, 'dafdsafas', 0, 0, 0, 'anton.kusuma@gmail.com', '02323303', '023343434', '0', 'fadsfas', 'Jlana Aman Jaya', '', 'Jakarta', 'Jakarta', 'Jakart', 'Indonesia', 'sadfdsaf', '', '', '', '', '', '', 1, 1, 1, '2022-09-15 14:43:18', 1, '2022-09-15 14:43:18', 0);

-- Dumping structure for table crm.co.id.crm3_sales_order_detail
CREATE TABLE IF NOT EXISTS `crm3_sales_order_detail` (
  `id` int(11) NOT NULL AUTO_INCREMENT,
  `id_sales_order` int(11) NOT NULL DEFAULT 0,
  `id_product` int(11) NOT NULL DEFAULT 0,
  `id_price_list` int(11) NOT NULL DEFAULT 0,
  `description` text NOT NULL,
  `price` float NOT NULL DEFAULT 0,
  `discount` float NOT NULL DEFAULT 0,
  `qty` int(6) NOT NULL DEFAULT 0,
  `total` float NOT NULL DEFAULT 0,
  `status` int(1) NOT NULL DEFAULT 1,
  `presence` int(1) NOT NULL DEFAULT 1,
  `sorting` int(3) NOT NULL DEFAULT 999,
  `input_date` datetime NOT NULL DEFAULT '2019-01-01 00:00:00',
  `input_by` int(11) NOT NULL DEFAULT 0,
  `update_date` datetime NOT NULL DEFAULT '2019-01-01 00:00:00',
  `update_by` int(11) NOT NULL DEFAULT 0,
  PRIMARY KEY (`id`)
) ENGINE=InnoDB AUTO_INCREMENT=30 DEFAULT CHARSET=latin1 COLLATE=latin1_swedish_ci;

-- Dumping data for table crm.co.id.crm3_sales_order_detail: ~29 rows (approximately)
INSERT INTO `crm3_sales_order_detail` (`id`, `id_sales_order`, `id_product`, `id_price_list`, `description`, `price`, `discount`, `qty`, `total`, `status`, `presence`, `sorting`, `input_date`, `input_by`, `update_date`, `update_by`) VALUES
	(1, 1, 1, 0, 'Software Acumatica ERP\nProduct ERP dari USA\nModule nya banyak.', 15000000, 0, 1, 15000000, 1, 1, 999, '2020-03-07 14:49:59', 1, '2020-03-07 14:49:59', 0),
	(2, 2, 1, 0, 'Software Acumatica ERP\nProduct ERP dari USA\nModule nya banyak.', 15000000, 0, 1, 15000000, 1, 1, 999, '2020-03-12 15:50:21', 1, '2020-03-12 15:50:21', 0),
	(3, 3, 2, 0, 'CRM saas per solution', 25000000, 10, 3, 67500000, 1, 1, 999, '2020-03-23 17:33:47', 103, '2020-03-23 17:33:47', 0),
	(4, 4, 2, 0, 'CRM saas per solution', 25000000, 0, 1, 25000000, 1, 1, 999, '2020-03-27 11:43:34', 103, '2020-03-27 11:43:34', 0),
	(5, 5, 2, 0, 'CRM saas per solution', 25000000, 10, 2, 45000000, 1, 1, 999, '2020-04-01 15:36:11', 103, '2020-04-01 15:36:11', 0),
	(6, 6, 1, 0, 'Software Acumatica ERP\nProduct ERP dari USA\nModule nya banyak.', 15000000, 0, 10, 150000000, 1, 1, 999, '2020-04-01 17:32:28', 107, '2020-04-01 17:32:28', 0),
	(7, 7, 2, 0, 'CRM saas per solution', 25000000, 10, 2, 45000000, 1, 1, 999, '2020-04-02 15:06:59', 103, '2020-04-02 15:06:59', 0),
	(8, 8, 4, 0, 'Untuk perubahan screen dan penambahan fitur di module finance', 1000000, 0, 25, 25000000, 1, 1, 999, '2020-04-02 17:03:08', 108, '2020-04-02 17:03:08', 0),
	(9, 9, 3, 0, 'Jasa support Offiste Annually:\n- Betulin bugs\n- support offiste\n- Case basis solution', 60000000, 10, 1, 54000000, 1, 1, 999, '2020-04-03 11:35:23', 108, '2020-04-03 11:35:23', 0),
	(10, 10, 1, 0, 'Software Acumatica ERP\nProduct ERP dari USA\nModule nya banyak.', 15000000, 20, 30, 360000000, 1, 1, 999, '2020-04-06 11:49:28', 108, '2020-04-06 11:49:28', 0),
	(11, 11, 1, 0, 'Software Acumatica ERP\nProduct ERP dari USA\nModule nya banyak.', 15000000, 10, 30, 405000000, 1, 1, 999, '2020-04-07 15:17:31', 108, '2020-04-07 15:17:31', 0),
	(12, 12, 1, 0, 'Software Acumatica ERP\nProduct ERP dari USA\nModule nya banyak.', 15000000, 0, 50, 750000000, 1, 1, 999, '2020-04-13 14:05:31', 103, '2020-04-13 14:05:40', 103),
	(13, 7, 6, 0, 'Software Point Reward', 15000000, 0, 1, 15000000, 1, 1, 999, '2020-06-17 14:47:38', 1, '2020-06-17 14:47:38', 0),
	(14, 7, 6, 0, 'Software Point Reward', 15000000, 0, 1, 15000000, 1, 1, 999, '2020-06-17 14:47:39', 1, '2020-06-17 14:47:39', 0),
	(15, 13, 2, 0, 'CRM saas per solution', 25000000, 10, 2, 45000000, 1, 1, 999, '2020-06-17 14:55:44', 1, '2020-06-17 14:55:44', 0),
	(16, 14, 5, 0, 'Software HRIS payroll perusahaan.', 50000000, 0, 4, 200000000, 1, 1, 999, '2020-06-17 17:09:06', 107, '2020-06-17 17:09:06', 0),
	(17, 15, 5, 0, 'Software HRIS payroll perusahaan.', 50000000, 0, 1, 50000000, 1, 1, 999, '2020-06-20 22:31:04', 1, '2020-06-20 22:31:04', 0),
	(18, 17, 5, 0, 'Software HRIS payroll perusahaan.', 50000000, 10, 2, 90000000, 1, 1, 999, '2020-07-01 14:58:01', 103, '2020-07-01 14:58:01', 0),
	(19, 18, 1, 0, 'Software Acumatica ERP\nProduct ERP dari USA\nModule nya banyak.', 15000000, 0, 1, 15000000, 1, 1, 999, '2021-06-14 17:33:19', 108, '2021-06-14 17:33:19', 0),
	(20, 19, 1, 0, 'Software Acumatica ERP\nProduct ERP dari USA\nModule nya banyak.', 15000000, 10, 2, 27000000, 1, 1, 999, '2021-07-02 15:03:49', 108, '2021-07-02 15:03:49', 0),
	(21, 20, 2, 0, 'CRM saas per solution', 25000000, 0, 1, 25000000, 1, 1, 999, '2021-07-30 16:26:56', 108, '2021-07-30 16:26:56', 0),
	(22, 21, 1, 0, 'Software Acumatica ERP\nProduct ERP dari USA\nModule nya banyak.', 15000000, 10, 3, 40500000, 1, 1, 999, '2021-08-03 16:15:39', 108, '2021-08-03 16:16:02', 108),
	(23, 22, 1, 0, 'Software Acumatica ERP\nProduct ERP dari USA\nModule nya banyak.', 15000000, 10, 3, 40500000, 1, 1, 999, '2021-08-13 14:51:04', 108, '2021-08-13 14:51:04', 0),
	(24, 23, 1, 0, 'Software Acumatica ERP\nProduct ERP dari USA\nModule nya banyak.', 15000000, 0, 2, 30000000, 1, 1, 999, '2021-08-13 15:17:21', 108, '2021-08-13 15:17:21', 0),
	(25, 24, 2, 0, 'CRM saas per solution', 25000000, 10, 2, 45000000, 1, 1, 999, '2021-08-13 16:13:43', 108, '2021-08-13 16:13:43', 0),
	(26, 26, 16, 0, 'Alat MRI operationsl SKU 23000044', 500000000, 10, 1, 450000000, 1, 1, 999, '2022-01-18 12:32:04', 103, '2022-01-18 12:32:04', 0),
	(27, 27, 12, 0, 'Tabungan dengan bunga 1% dengan setoran awal minimum Rp. 25,000,000 dan hanya dapat diambill setahun sekali', 25000000, 10, 1, 22500000, 1, 1, 999, '2022-09-15 14:43:18', 1, '2022-09-15 14:43:18', 0),
	(28, 27, 11, 0, 'Simpanan nasabah dengan minimum setoran awal Rp 500,000', 500000, 0, 1, 500000, 1, 1, 999, '2022-09-15 14:43:18', 1, '2022-09-15 14:43:18', 0),
	(29, 27, 14, 0, '', 5000000, 0, 1, 5000000, 1, 1, 999, '2022-09-15 14:43:18', 1, '2022-09-15 14:43:18', 0);

-- Dumping structure for table crm.co.id.crm3_sales_order_log
CREATE TABLE IF NOT EXISTS `crm3_sales_order_log` (
  `id` int(6) NOT NULL AUTO_INCREMENT,
  `id_sales_order` int(6) NOT NULL DEFAULT 0,
  `id_sales_order_status` int(6) NOT NULL DEFAULT 0,
  `input_date` datetime NOT NULL DEFAULT '2020-01-01 00:00:00',
  `input_by` int(9) NOT NULL DEFAULT 0,
  PRIMARY KEY (`id`)
) ENGINE=InnoDB AUTO_INCREMENT=15 DEFAULT CHARSET=latin1 COLLATE=latin1_swedish_ci;

-- Dumping data for table crm.co.id.crm3_sales_order_log: ~8 rows (approximately)
INSERT INTO `crm3_sales_order_log` (`id`, `id_sales_order`, `id_sales_order_status`, `input_date`, `input_by`) VALUES
	(7, 3, 400, '2020-03-23 17:34:12', 103),
	(8, 3, 900, '2020-03-23 17:34:16', 103),
	(9, 4, 400, '2020-03-27 11:48:06', 103),
	(10, 4, 900, '2020-03-27 11:48:10', 103),
	(11, 5, 900, '2020-04-01 15:36:16', 103),
	(12, 11, 900, '2020-04-07 15:17:40', 108),
	(13, 7, 400, '2020-06-17 14:46:13', 1),
	(14, 17, 400, '2020-07-06 14:18:11', 103);

-- Dumping structure for table crm.co.id.crm3_sales_order_status
CREATE TABLE IF NOT EXISTS `crm3_sales_order_status` (
  `id` int(3) NOT NULL AUTO_INCREMENT,
  `name` varchar(50) DEFAULT '',
  `note` varchar(50) DEFAULT '',
  `editable` int(1) DEFAULT 1,
  `presence` int(1) DEFAULT 1,
  PRIMARY KEY (`id`)
) ENGINE=InnoDB AUTO_INCREMENT=901 DEFAULT CHARSET=latin1 COLLATE=latin1_swedish_ci;

-- Dumping data for table crm.co.id.crm3_sales_order_status: ~3 rows (approximately)
INSERT INTO `crm3_sales_order_status` (`id`, `name`, `note`, `editable`, `presence`) VALUES
	(1, 'Draft', '', 1, 1),
	(400, 'Open ', 'Harus create SO di ERP dan ambil balik SO number', 0, 1),
	(900, 'Complete ', 'Status SO di ERP apakah sudah selesai', 0, 1);

-- Dumping structure for table crm.co.id.crm3_title
CREATE TABLE IF NOT EXISTS `crm3_title` (
  `id` int(11) NOT NULL AUTO_INCREMENT,
  `name` varchar(250) NOT NULL DEFAULT '',
  `status` int(1) NOT NULL DEFAULT 1,
  `presence` int(1) NOT NULL DEFAULT 1,
  `input_date` datetime NOT NULL DEFAULT '2019-01-01 00:00:00',
  `input_by` int(11) NOT NULL DEFAULT 0,
  `update_date` datetime NOT NULL DEFAULT '2019-01-01 00:00:00',
  `update_by` int(11) NOT NULL DEFAULT 0,
  PRIMARY KEY (`id`)
) ENGINE=InnoDB AUTO_INCREMENT=6 DEFAULT CHARSET=latin1 COLLATE=latin1_swedish_ci;

-- Dumping data for table crm.co.id.crm3_title: ~5 rows (approximately)
INSERT INTO `crm3_title` (`id`, `name`, `status`, `presence`, `input_date`, `input_by`, `update_date`, `update_by`) VALUES
	(1, 'Bpk', 1, 1, '2019-01-01 00:00:00', 0, '2019-01-01 00:00:00', 0),
	(2, 'Ibu', 1, 1, '2019-01-01 00:00:00', 0, '2019-01-01 00:00:00', 0),
	(3, 'Mr', 1, 1, '2019-01-01 00:00:00', 0, '2019-01-01 00:00:00', 0),
	(4, 'Mrs', 1, 1, '2019-01-01 00:00:00', 0, '2019-01-01 00:00:00', 0),
	(5, 'Miss', 1, 1, '2019-01-01 00:00:00', 0, '2019-01-01 00:00:00', 0);

-- Dumping structure for table crm.co.id.crm3_user
CREATE TABLE IF NOT EXISTS `crm3_user` (
  `id` int(11) NOT NULL AUTO_INCREMENT,
  `id_user_access` int(5) NOT NULL DEFAULT 0,
  `id_user_group` int(6) NOT NULL DEFAULT 0,
  `id_parent` int(6) NOT NULL DEFAULT 0,
  `folder` varchar(50) NOT NULL DEFAULT '',
  `email` varchar(250) NOT NULL DEFAULT '',
  `password` varchar(250) NOT NULL DEFAULT '',
  `code` varchar(250) NOT NULL DEFAULT '',
  `first_name` varchar(250) NOT NULL DEFAULT '',
  `last_name` varchar(250) NOT NULL DEFAULT '',
  `max_discount` float(2,0) NOT NULL DEFAULT 0,
  `target_amount_year` bigint(20) NOT NULL DEFAULT 0,
  `status` int(1) NOT NULL DEFAULT 1,
  `presence` int(1) NOT NULL DEFAULT 1,
  `input_date` datetime NOT NULL DEFAULT '2019-01-01 00:00:00',
  `input_by` int(11) NOT NULL DEFAULT 0,
  `update_date` datetime NOT NULL DEFAULT '2019-01-01 00:00:00',
  `update_by` int(11) NOT NULL DEFAULT 0,
  PRIMARY KEY (`id`),
  UNIQUE KEY `email` (`email`)
) ENGINE=InnoDB AUTO_INCREMENT=119 DEFAULT CHARSET=latin1 COLLATE=latin1_swedish_ci;

-- Dumping data for table crm.co.id.crm3_user: ~17 rows (approximately)
INSERT INTO `crm3_user` (`id`, `id_user_access`, `id_user_group`, `id_parent`, `folder`, `email`, `password`, `code`, `first_name`, `last_name`, `max_discount`, `target_amount_year`, `status`, `presence`, `input_date`, `input_by`, `update_date`, `update_by`) VALUES
	(1, 1, 1, 0, '1', 'edo@crm.co.id', 'a906449d5769fa7361d7ecc6aa3f6d28', 'ES', 'Edo', 'Suhendra', 30, 12000000000, 1, 1, '2019-01-01 00:00:00', 0, '2020-04-06 16:08:53', 1),
	(7, 1, 4, 0, '7', 'admin@admin.com', '25f9e794323b453885f5181f1b624d0b', 'ESA', 'Admin', 'Superadmin', 10, 15000000000, 1, 1, '2019-01-01 00:00:00', 0, '2020-06-26 14:41:31', 7),
	(103, 5, 1, 1, '', 'anggie@crm.co.id', '202cb962ac59075b964b07152d234b70', 'AG', 'Anggie', 'Thinktank', 10, 12000000000, 1, 1, '2020-02-11 17:31:19', 7, '2022-09-01 15:42:44', 1),
	(104, 5, 1, 1, '', 'hengki@crm.co.id', 'a906449d5769fa7361d7ecc6aa3f6d28', 'HL', 'Hengki', 'Lucas', 10, 2000000000, 1, 1, '2020-03-11 17:39:29', 1, '2020-03-11 17:39:29', 1),
	(105, 5, 1, 1, '', 'jerry@crm.co.id', 'a906449d5769fa7361d7ecc6aa3f6d28', 'HL', 'Jerry', 'Lewis', 10, 0, 1, 1, '2019-01-01 00:00:00', 0, '2020-03-24 09:43:13', 1),
	(106, 5, 1, 1, '', 'maria@crm.co.id', 'a906449d5769fa7361d7ecc6aa3f6d28', 'MM', 'Maria', 'Magdalena', 10, 0, 1, 1, '2019-01-01 00:00:00', 0, '2020-03-24 09:44:33', 1),
	(107, 1, 3, 0, '', 'ang@crm.co.id', 'a906449d5769fa7361d7ecc6aa3f6d28', 'AT', 'Ang', 'ThinkTank', 20, 0, 1, 1, '2019-01-01 00:00:00', 0, '2020-04-07 16:06:59', 107),
	(108, 5, 3, 107, '', 'agriyani@crm.co.id', 'a906449d5769fa7361d7ecc6aa3f6d28', 'AGR', 'Agriyani', 'R', 10, 0, 1, 1, '2019-01-01 00:00:00', 0, '2021-08-13 15:54:51', 107),
	(109, 5, 1, 1, '', 'erick@crm.co.id', 'a906449d5769fa7361d7ecc6aa3f6d28', 'EJ', 'Erick', 'Johnson', 10, 0, 1, 1, '2019-01-01 00:00:00', 0, '2020-04-04 09:38:45', 1),
	(110, 5, 1, 7, '', 'felix@mirrel.com', '4297f44b13955235245b2497399d7a93', 'admin@admin.com', 'Nada', '', 0, 0, 1, 1, '2019-01-01 00:00:00', 0, '2020-05-28 14:53:59', 7),
	(111, 5, 1, 7, '', 'angie@cuvox.de', '25f9e794323b453885f5181f1b624d0b', 'CF', 'sabrian', '', 0, 0, 1, 1, '2019-01-01 00:00:00', 0, '2020-04-04 10:23:10', 7),
	(112, 1, 3, 0, '', 'hellen@crm.co.id', 'a906449d5769fa7361d7ecc6aa3f6d28', 'HK', 'Hellen', 'Keller', 0, 0, 1, 1, '2019-01-01 00:00:00', 0, '2020-04-04 12:27:26', 112),
	(113, 5, 3, 112, '', 'adi@crm.co.id', 'a906449d5769fa7361d7ecc6aa3f6d28', 'AT', 'Adi', 'Tenggara', 10, 0, 1, 1, '2019-01-01 00:00:00', 0, '2020-04-04 12:08:54', 112),
	(114, 5, 3, 112, '', 'herti@crm.co.id', 'a906449d5769fa7361d7ecc6aa3f6d28', 'HK', 'Herti', 'Kusuma', 10, 0, 1, 1, '2019-01-01 00:00:00', 0, '2020-04-04 12:08:39', 112),
	(115, 5, 3, 112, '', 'merry@crm.co.id', 'a906449d5769fa7361d7ecc6aa3f6d28', 'ML', 'Merry', 'Lim', 10, 0, 1, 1, '2019-01-01 00:00:00', 0, '2020-04-04 12:26:16', 112),
	(116, 5, 1, 1, '', 'esuhendra@8thinktank.com', 'a906449d5769fa7361d7ecc6aa3f6d28', 'edo@crm.co.id', 'Edward', 'Suhendra', 0, 0, 1, 1, '2019-01-01 00:00:00', 0, '2022-12-15 14:20:54', 1),
	(117, 5, 3, 107, '', 'aputri@8thinktank.com', 'a906449d5769fa7361d7ecc6aa3f6d28', 'AP', 'Angel', 'Putri', 0, 0, 1, 1, '2019-01-01 00:00:00', 0, '2020-05-29 17:14:36', 107),
	(118, 5, 1, 1, '', 'cso1@email.com', '202cb962ac59075b964b07152d234b70', 'AG', 'Anggie', 'Thinktank', 10, 12000000000, 1, 1, '2020-02-11 17:31:19', 7, '2022-09-01 15:42:44', 1);

-- Dumping structure for table crm.co.id.crm3_user_access
CREATE TABLE IF NOT EXISTS `crm3_user_access` (
  `id` int(11) NOT NULL AUTO_INCREMENT,
  `name` varchar(50) NOT NULL DEFAULT '',
  `status` int(1) NOT NULL DEFAULT 1,
  `presence` int(1) NOT NULL DEFAULT 1,
  `input_date` datetime NOT NULL DEFAULT '2019-01-01 00:00:00',
  `input_by` int(11) NOT NULL DEFAULT 0,
  `update_date` datetime NOT NULL DEFAULT '2019-01-01 00:00:00',
  `update_by` int(11) NOT NULL DEFAULT 0,
  PRIMARY KEY (`id`)
) ENGINE=InnoDB AUTO_INCREMENT=6 DEFAULT CHARSET=latin1 COLLATE=latin1_swedish_ci;

-- Dumping data for table crm.co.id.crm3_user_access: ~2 rows (approximately)
INSERT INTO `crm3_user_access` (`id`, `name`, `status`, `presence`, `input_date`, `input_by`, `update_date`, `update_by`) VALUES
	(1, 'Supervisor', 1, 1, '2019-01-01 00:00:00', 0, '2019-01-01 00:00:00', 0),
	(5, 'Sales Person', 1, 1, '2020-02-11 13:23:17', 7, '2020-02-11 13:23:17', 0);

-- Dumping structure for table crm.co.id.crm3_user_access_rules
CREATE TABLE IF NOT EXISTS `crm3_user_access_rules` (
  `id` int(11) NOT NULL AUTO_INCREMENT,
  `id_user_access` int(5) NOT NULL DEFAULT 0,
  `id_module` int(5) NOT NULL DEFAULT 0,
  `_access` int(1) NOT NULL DEFAULT 0,
  `_insert` int(1) NOT NULL DEFAULT 0,
  `_update` int(1) NOT NULL DEFAULT 0,
  `_delete` int(1) NOT NULL DEFAULT 0,
  `status` int(1) NOT NULL DEFAULT 1,
  `presence` int(1) NOT NULL DEFAULT 1,
  `input_date` datetime NOT NULL DEFAULT '2019-01-01 00:00:00',
  `input_by` int(11) NOT NULL DEFAULT 0,
  `update_date` datetime NOT NULL DEFAULT '2019-01-01 00:00:00',
  `update_by` int(11) NOT NULL DEFAULT 0,
  PRIMARY KEY (`id`)
) ENGINE=InnoDB AUTO_INCREMENT=54 DEFAULT CHARSET=latin1 COLLATE=latin1_swedish_ci;

-- Dumping data for table crm.co.id.crm3_user_access_rules: ~36 rows (approximately)
INSERT INTO `crm3_user_access_rules` (`id`, `id_user_access`, `id_module`, `_access`, `_insert`, `_update`, `_delete`, `status`, `presence`, `input_date`, `input_by`, `update_date`, `update_by`) VALUES
	(1, 1, 200, 1, 1, 1, 1, 1, 1, '2019-01-01 00:00:00', 0, '2019-01-01 00:00:00', 0),
	(2, 1, 300, 1, 1, 1, 1, 1, 1, '2019-01-01 00:00:00', 0, '2019-01-01 00:00:00', 0),
	(3, 1, 400, 1, 1, 1, 1, 1, 1, '2019-01-01 00:00:00', 0, '2019-01-01 00:00:00', 0),
	(4, 1, 500, 1, 1, 1, 1, 1, 1, '2019-01-01 00:00:00', 0, '2019-01-01 00:00:00', 0),
	(5, 1, 600, 1, 1, 1, 1, 1, 1, '2019-01-01 00:00:00', 0, '2019-01-01 00:00:00', 0),
	(6, 1, 700, 1, 1, 1, 1, 1, 1, '2019-01-01 00:00:00', 0, '2019-01-01 00:00:00', 0),
	(7, 1, 410, 1, 1, 1, 1, 1, 1, '2019-01-01 00:00:00', 0, '2019-01-01 00:00:00', 0),
	(8, 1, 510, 1, 1, 1, 1, 1, 1, '2019-01-01 00:00:00', 0, '2019-01-01 00:00:00', 0),
	(9, 1, 520, 1, 1, 1, 1, 1, 1, '2019-01-01 00:00:00', 0, '2019-01-01 00:00:00', 0),
	(10, 1, 550, 1, 1, 1, 1, 1, 1, '2019-01-01 00:00:00', 0, '2019-01-01 00:00:00', 0),
	(11, 1, 710, 1, 1, 1, 1, 1, 1, '2019-01-01 00:00:00', 0, '2019-01-01 00:00:00', 0),
	(12, 1, 800, 1, 1, 1, 1, 1, 1, '2019-01-01 00:00:00', 0, '2019-01-01 00:00:00', 0),
	(14, 1, 411, 1, 1, 1, 1, 1, 1, '2019-01-01 00:00:00', 0, '2019-01-01 00:00:00', 0),
	(29, 5, 100, 0, 0, 0, 0, 1, 1, '2020-02-11 13:23:17', 7, '2020-02-11 13:23:17', 0),
	(30, 5, 200, 1, 1, 1, 1, 1, 1, '2020-02-11 13:23:17', 7, '2020-02-11 13:23:17', 0),
	(31, 5, 300, 1, 1, 1, 1, 1, 1, '2020-02-11 13:23:17', 7, '2020-02-11 13:23:17', 0),
	(32, 5, 400, 1, 1, 1, 1, 1, 1, '2020-02-11 13:23:17', 7, '2020-02-11 13:23:17', 0),
	(33, 5, 410, 1, 1, 1, 1, 1, 1, '2020-02-11 13:23:17', 7, '2020-02-11 13:23:17', 0),
	(34, 5, 411, 1, 1, 1, 1, 1, 1, '2020-02-11 13:23:17', 7, '2020-02-11 13:23:17', 0),
	(35, 5, 500, 1, 1, 1, 1, 1, 1, '2020-02-11 13:23:17', 7, '2020-02-11 13:23:17', 0),
	(36, 5, 510, 1, 1, 1, 1, 1, 1, '2020-02-11 13:23:17', 7, '2020-02-11 13:23:17', 0),
	(37, 5, 520, 1, 1, 1, 1, 1, 1, '2020-02-11 13:23:17', 7, '2020-02-11 13:23:17', 0),
	(38, 5, 550, 1, 1, 1, 1, 1, 1, '2020-02-11 13:23:17', 7, '2020-02-11 13:23:17', 0),
	(39, 5, 600, 1, 1, 1, 1, 1, 1, '2020-02-11 13:23:17', 7, '2020-02-11 13:23:17', 0),
	(40, 5, 700, 1, 1, 1, 1, 1, 1, '2020-02-11 13:23:17', 7, '2020-02-11 13:23:17', 0),
	(41, 5, 710, 1, 1, 1, 1, 1, 1, '2020-02-11 13:23:17', 7, '2020-02-11 13:23:17', 0),
	(42, 5, 800, 1, 1, 1, 1, 1, 1, '2020-02-11 13:23:17', 7, '2020-02-11 13:23:17', 0),
	(43, 1, 100, 1, 1, 1, 1, 1, 1, '2019-01-01 00:00:00', 0, '2019-01-01 00:00:00', 0),
	(44, 1, 110, 1, 1, 1, 1, 1, 1, '2019-01-01 00:00:00', 0, '2019-01-01 00:00:00', 0),
	(45, 5, 110, 0, 0, 0, 0, 1, 1, '2019-01-01 00:00:00', 0, '2019-01-01 00:00:00', 0),
	(46, 1, 111, 1, 1, 1, 1, 1, 1, '2020-03-06 17:34:55', 7, '2020-03-06 17:34:55', 0),
	(47, 1, 1000, 1, 1, 1, 1, 1, 1, '2020-03-06 17:34:55', 7, '2020-03-06 17:34:55', 0),
	(48, 1, 2001, 1, 1, 1, 0, 1, 1, '2020-03-06 17:34:55', 7, '2020-03-06 17:34:55', 0),
	(49, 5, 111, 0, 0, 0, 0, 1, 1, '2020-03-06 17:34:55', 7, '2020-03-06 17:34:55', 0),
	(50, 5, 1000, 1, 1, 1, 1, 1, 1, '2020-03-06 17:34:55', 7, '2020-03-06 17:34:55', 0),
	(51, 5, 2001, 1, 1, 1, 0, 1, 1, '2020-03-06 17:34:55', 7, '2020-03-06 17:34:55', 0),
	(52, 1, 10, 1, 1, 1, 1, 1, 1, '2026-07-03 14:11:08', 1, '2026-07-03 14:11:08', 0),
	(53, 5, 10, 1, 1, 1, 1, 1, 1, '2026-07-03 14:11:08', 1, '2026-07-03 14:11:08', 0);

-- Dumping structure for table crm.co.id.crm3_user_auth
CREATE TABLE IF NOT EXISTS `crm3_user_auth` (
  `id` int(11) NOT NULL AUTO_INCREMENT,
  `id_user` int(11) NOT NULL DEFAULT 0,
  `token` varchar(50) NOT NULL DEFAULT '',
  `player_id` varchar(50) NOT NULL DEFAULT '',
  `device` varchar(50) NOT NULL DEFAULT '',
  `status` int(1) NOT NULL DEFAULT 1,
  `presence` int(1) NOT NULL DEFAULT 1,
  `input_date` datetime NOT NULL DEFAULT '2019-01-01 00:00:00',
  `input_by` int(11) NOT NULL DEFAULT 0,
  `update_date` datetime NOT NULL DEFAULT '2019-01-01 00:00:00',
  `update_by` int(11) NOT NULL DEFAULT 0,
  PRIMARY KEY (`id`)
) ENGINE=InnoDB AUTO_INCREMENT=573 DEFAULT CHARSET=latin1 COLLATE=latin1_swedish_ci;

-- Dumping data for table crm.co.id.crm3_user_auth: ~27 rows (approximately)
INSERT INTO `crm3_user_auth` (`id`, `id_user`, `token`, `player_id`, `device`, `status`, `presence`, `input_date`, `input_by`, `update_date`, `update_by`) VALUES
	(540, 103, '11b786ceeb5ca1fe7fbd27d3da11d86e', '', 'browser', 1, 1, '2026-06-19 14:08:52', 103, '2026-06-19 14:08:52', 0),
	(541, 1, 'a223eb886cefd8fe51c1a9aabb35c557', '', 'browser', 1, 1, '2026-06-22 14:18:34', 1, '2026-06-22 14:18:34', 0),
	(542, 1, '78350b90fad76ddf484262a0204a45de', '', 'browser', 1, 1, '2026-06-22 14:20:12', 1, '2026-06-22 14:20:12', 0),
	(543, 1, '4399d2b6227b498f9ea0077f0ee02072', '', 'android', 1, 1, '2026-06-22 14:37:20', 1, '2026-06-22 14:37:20', 0),
	(544, 1, '95bb4f3741c5124d4f15ee423c6834ea', '', 'browser', 1, 1, '2026-06-22 14:40:26', 1, '2026-06-22 14:40:26', 0),
	(545, 103, '48e470e48f3b6ba3593847416e0d0935', '', 'browser', 1, 1, '2026-06-26 17:41:46', 103, '2026-06-26 17:41:46', 0),
	(546, 103, 'JWT', '', '', 1, 1, '2026-07-01 16:31:33', 103, '2026-07-01 16:31:33', 0),
	(547, 118, 'JWT', '', '', 1, 1, '2026-07-01 16:36:45', 118, '2026-07-01 16:36:45', 0),
	(548, 118, 'JWT', '', '', 1, 1, '2026-07-01 16:50:37', 118, '2026-07-01 16:50:37', 0),
	(549, 118, 'JWT', '', '', 1, 1, '2026-07-01 17:15:17', 118, '2026-07-01 17:15:17', 0),
	(550, 118, 'JWT', '', '', 1, 1, '2026-07-02 12:33:16', 118, '2026-07-02 12:33:16', 0),
	(551, 118, 'JWT', '', '', 1, 1, '2026-07-02 13:25:46', 118, '2026-07-02 13:25:46', 0),
	(552, 1, 'JWT', '', '', 1, 1, '2026-07-02 18:02:03', 1, '2026-07-02 18:02:03', 0),
	(553, 1, 'JWT', '', '', 1, 1, '2026-07-02 18:33:09', 1, '2026-07-02 18:33:09', 0),
	(554, 1, 'JWT', '', '', 1, 1, '2026-07-03 13:41:17', 1, '2026-07-03 13:41:17', 0),
	(555, 1, 'JWT', '', '', 1, 1, '2026-07-03 13:48:37', 1, '2026-07-03 13:48:37', 0),
	(556, 1, 'JWT', '', '', 1, 1, '2026-07-03 13:49:07', 1, '2026-07-03 13:49:07', 0),
	(557, 1, 'JWT', '', '', 1, 1, '2026-07-03 13:49:30', 1, '2026-07-03 13:49:30', 0),
	(558, 103, 'JWT', '', '', 1, 1, '2026-07-03 13:51:37', 103, '2026-07-03 13:51:37', 0),
	(559, 1, 'JWT', '', '', 1, 1, '2026-07-03 14:11:00', 1, '2026-07-03 14:11:00', 0),
	(560, 1, 'JWT', '', '', 1, 1, '2026-07-03 14:11:29', 1, '2026-07-03 14:11:29', 0),
	(561, 1, 'JWT', '', '', 1, 1, '2026-07-08 10:07:20', 1, '2026-07-08 10:07:20', 0),
	(562, 1, 'JWT', '', '', 1, 1, '2026-07-08 10:07:54', 1, '2026-07-08 10:07:54', 0),
	(563, 1, 'JWT', '', '', 1, 1, '2026-07-09 12:58:20', 1, '2026-07-09 12:58:20', 0),
	(564, 1, 'JWT', '', '', 1, 1, '2026-07-09 13:01:36', 1, '2026-07-09 13:01:36', 0),
	(565, 1, 'JWT', '', '', 1, 1, '2026-07-09 13:11:20', 1, '2026-07-09 13:11:20', 0),
	(566, 103, 'JWT', '', '', 1, 1, '2026-07-09 13:12:00', 103, '2026-07-09 13:12:00', 0),
	(567, 103, 'JWT', '', '', 1, 1, '2026-07-09 13:25:05', 103, '2026-07-09 13:25:05', 0),
	(568, 103, 'JWT', '', '', 1, 1, '2026-07-09 13:25:33', 103, '2026-07-09 13:25:33', 0),
	(569, 103, 'JWT', '', '', 1, 1, '2026-07-09 13:25:36', 103, '2026-07-09 13:25:36', 0),
	(570, 103, 'JWT', '', '', 1, 1, '2026-07-09 13:25:43', 103, '2026-07-09 13:25:43', 0),
	(571, 103, 'JWT', '', '', 1, 1, '2026-07-09 13:33:11', 103, '2026-07-09 13:33:11', 0),
	(572, 103, 'JWT', '', '', 1, 1, '2026-07-09 14:06:34', 103, '2026-07-09 14:06:34', 0);

-- Dumping structure for table crm.co.id.crm3_user_group
CREATE TABLE IF NOT EXISTS `crm3_user_group` (
  `id` int(11) NOT NULL AUTO_INCREMENT,
  `name` varchar(50) NOT NULL DEFAULT '0',
  `all_access` int(1) NOT NULL DEFAULT 0,
  `sharing_team_access` int(1) NOT NULL DEFAULT 0,
  `status` int(1) NOT NULL DEFAULT 1,
  `presence` int(1) NOT NULL DEFAULT 1,
  `input_date` datetime NOT NULL DEFAULT '2019-01-01 00:00:00',
  `input_by` int(11) NOT NULL DEFAULT 0,
  `update_date` datetime NOT NULL DEFAULT '2019-01-01 00:00:00',
  `update_by` int(11) NOT NULL DEFAULT 0,
  PRIMARY KEY (`id`)
) ENGINE=InnoDB AUTO_INCREMENT=6 DEFAULT CHARSET=latin1 COLLATE=latin1_swedish_ci;

-- Dumping data for table crm.co.id.crm3_user_group: ~5 rows (approximately)
INSERT INTO `crm3_user_group` (`id`, `name`, `all_access`, `sharing_team_access`, `status`, `presence`, `input_date`, `input_by`, `update_date`, `update_by`) VALUES
	(1, 'Sales Team 1', 0, 0, 1, 1, '2019-01-01 00:00:00', 0, '2020-03-27 14:31:24', 7),
	(2, 'Sales Team 2', 0, 0, 1, 1, '2019-01-01 00:00:00', 0, '2020-03-27 14:31:26', 7),
	(3, 'Sales Team 3', 0, 0, 1, 1, '2020-03-24 11:01:55', 1, '2020-03-27 14:31:25', 7),
	(4, 'Administrator', 0, 1, 1, 1, '2020-03-27 10:32:53', 7, '2020-04-13 15:20:13', 7),
	(5, 'Sales Team 4', 0, 0, 1, 1, '2020-04-07 15:31:43', 1, '2020-04-07 15:31:54', 1);

-- Dumping structure for table crm.co.id.crm3_user_target
CREATE TABLE IF NOT EXISTS `crm3_user_target` (
  `id` int(9) NOT NULL AUTO_INCREMENT,
  `id_user` int(9) NOT NULL DEFAULT 0,
  `amount` float(12,0) NOT NULL DEFAULT 0,
  `leads` int(9) NOT NULL DEFAULT 0,
  `opportunities` int(9) NOT NULL DEFAULT 0,
  `quotes` int(9) NOT NULL DEFAULT 0,
  `year` int(4) NOT NULL DEFAULT 2020,
  `input_date` datetime NOT NULL DEFAULT '2020-01-01 00:00:00',
  `input_by` int(11) NOT NULL DEFAULT 0,
  `update_date` datetime NOT NULL DEFAULT '2020-01-01 00:00:00',
  `update_by` int(11) NOT NULL DEFAULT 0,
  PRIMARY KEY (`id`)
) ENGINE=InnoDB AUTO_INCREMENT=38 DEFAULT CHARSET=latin1 COLLATE=latin1_swedish_ci;

-- Dumping data for table crm.co.id.crm3_user_target: ~23 rows (approximately)
INSERT INTO `crm3_user_target` (`id`, `id_user`, `amount`, `leads`, `opportunities`, `quotes`, `year`, `input_date`, `input_by`, `update_date`, `update_by`) VALUES
	(9, 105, 1100000000, 100, 50, 20, 2020, '2020-01-01 00:00:00', 0, '2020-01-01 00:00:00', 0),
	(10, 104, 1000000000, 120, 60, 40, 2020, '2020-01-01 00:00:00', 0, '2020-01-01 00:00:00', 0),
	(11, 103, 2000000000, 400, 240, 160, 2020, '2020-01-01 00:00:00', 0, '2020-01-01 00:00:00', 0),
	(13, 106, 1000000000, 160, 80, 40, 2020, '2020-01-01 00:00:00', 0, '2020-01-01 00:00:00', 0),
	(15, 103, 4000000000, 500, 300, 200, 2021, '2020-01-01 00:00:00', 0, '2020-01-01 00:00:00', 0),
	(16, 109, 1000000000, 200, 80, 50, 2020, '2020-01-01 00:00:00', 0, '2020-01-01 00:00:00', 0),
	(17, 110, 100000000, 10000, 2000, 200, 2020, '2020-01-01 00:00:00', 0, '2020-01-01 00:00:00', 0),
	(18, 113, 800000000, 120, 80, 40, 2020, '2020-01-01 00:00:00', 0, '2020-01-01 00:00:00', 0),
	(19, 114, 600000000, 100, 40, 20, 2020, '2020-01-01 00:00:00', 0, '2020-01-01 00:00:00', 0),
	(20, 115, 1000000000, 200, 120, 80, 2020, '2020-01-01 00:00:00', 0, '2020-01-01 00:00:00', 0),
	(21, 112, 2000000000, 200, 160, 80, 2020, '2020-01-01 00:00:00', 0, '2020-01-01 00:00:00', 0),
	(22, 1, 1000000000, 200, 100, 60, 2020, '2020-01-01 00:00:00', 0, '2020-01-01 00:00:00', 0),
	(23, 108, 1000000000, 240, 120, 80, 2020, '2020-01-01 00:00:00', 0, '2020-01-01 00:00:00', 0),
	(24, 107, 1500000000, 480, 240, 160, 2020, '2020-01-01 00:00:00', 0, '2020-01-01 00:00:00', 0),
	(25, 110, 124555552, 23345, 4345, 32, 2021, '2020-01-01 00:00:00', 0, '2020-01-01 00:00:00', 0),
	(26, 117, 500000000, 60, 40, 40, 1, '2020-01-01 00:00:00', 0, '2020-01-01 00:00:00', 0),
	(31, 108, 1000000000, 240, 120, 80, 2021, '2020-01-01 00:00:00', 0, '2020-01-01 00:00:00', 0),
	(32, 103, 8000000000, 500, 200, 200, 2022, '2020-01-01 00:00:00', 0, '2020-01-01 00:00:00', 0),
	(33, 116, 8000000000, 500, 200, 200, 2022, '2020-01-01 00:00:00', 0, '2020-01-01 00:00:00', 0),
	(34, 109, 8000000000, 500, 200, 200, 2022, '2020-01-01 00:00:00', 0, '2020-01-01 00:00:00', 0),
	(35, 104, 8000000000, 500, 200, 200, 2022, '2020-01-01 00:00:00', 0, '2020-01-01 00:00:00', 0),
	(36, 105, 1000000000, 500, 200, 200, 2022, '2020-01-01 00:00:00', 0, '2020-01-01 00:00:00', 0),
	(37, 106, 5000000000, 500, 200, 200, 2022, '2020-01-01 00:00:00', 0, '2020-01-01 00:00:00', 0);

/*!40103 SET TIME_ZONE=IFNULL(@OLD_TIME_ZONE, 'system') */;
/*!40101 SET SQL_MODE=IFNULL(@OLD_SQL_MODE, '') */;
/*!40014 SET FOREIGN_KEY_CHECKS=IFNULL(@OLD_FOREIGN_KEY_CHECKS, 1) */;
/*!40101 SET CHARACTER_SET_CLIENT=@OLD_CHARACTER_SET_CLIENT */;
/*!40111 SET SQL_NOTES=IFNULL(@OLD_SQL_NOTES, 1) */;
